model,technique,shot,cap,aspect,n,mean_latency_s,precision,recall,f1,rouge1_model,rouge2_model,rougeL_model,rouge1_oracle,rouge2_oracle,rougeL_oracle,oracle_gap_rougeL
gemma4_e2b,chain_of_thought,one_shot,capped,approach,100,3.6100344123959074,0.6781666666666668,0.5736926406926407,0.5955046620046617,0.2453936396057655,0.12668656496268402,0.19547176299267321,0.4897748197527478,0.29325174859619874,0.4461784208338833,0.25070665784121
gemma4_e2b,chain_of_thought,one_shot,capped,challenge,100,3.6100344123959074,0.49083333333333323,0.3874761904761905,0.4038155178155176,0.24018444651820223,0.08989719608322513,0.17579967194027998,0.4220026765441394,0.226199582941474,0.37142590290099414,0.19562623096071416
gemma4_e2b,chain_of_thought,one_shot,capped,outcome,100,3.6100344123959074,0.6591666666666667,0.5106558441558441,0.5464855144855142,0.27592978055430906,0.12316683576108792,0.21040100739725545,0.49672704879223367,0.26550581130613354,0.4284715699350929,0.21807056253783746
gemma4_e2b,chain_of_thought,one_shot,capped,union,100,3.6100344123959074,0.7230180652680651,0.5281222106720996,0.599622555334313,0.3157976474719009,0.13812381709693278,0.19763757342730767,0.4572351445534136,0.22956935690972696,0.3556033739881162,0.15796580056080878
gemma4_e2b,chain_of_thought,one_shot,uncapped,approach,100,3.256580438881647,0.6701590354090355,0.595911976911977,0.5960302376815836,0.2376837355555597,0.12322236382605373,0.1914618025101309,0.4897748197527478,0.29325174859619874,0.4461784208338833,0.2547166183237523
gemma4_e2b,chain_of_thought,one_shot,uncapped,challenge,100,3.256580438881647,0.4806159951159951,0.4451309523809524,0.4151733544233542,0.23765899516263567,0.09085068823664277,0.17542783688949207,0.4220026765441394,0.226199582941474,0.37142590290099414,0.1959980660115021
gemma4_e2b,chain_of_thought,one_shot,uncapped,outcome,100,3.256580438881647,0.6501181318681318,0.6066839826839826,0.5924097014097012,0.25484566611565657,0.11398935457211991,0.19632993789815095,0.49672704879223367,0.26550581130613354,0.4284715699350929,0.23214163203694185
gemma4_e2b,chain_of_thought,one_shot,uncapped,union,100,3.256580438881647,0.6997166330457653,0.5867525176846753,0.6225913876281652,0.29339275985950464,0.12886758597825035,0.1881467704304578,0.4572351445534136,0.22956935690972696,0.3556033739881162,0.1674566035576586
gemma4_e2b,chain_of_thought,zero_shot,capped,approach,100,3.3331671920302326,0.6701666666666667,0.6039898989898987,0.611900258238493,0.23265083542336598,0.12517097444906997,0.185469834980035,0.4897748197527478,0.29325174859619874,0.4461784208338833,0.2607085858538482
gemma4_e2b,chain_of_thought,zero_shot,capped,challenge,100,3.3331671920302326,0.5241666666666667,0.47159920634920616,0.46413847263847235,0.2429864633756954,0.09397225312771847,0.18374710683032666,0.4220026765441394,0.226199582941474,0.37142590290099414,0.18767879607066754
gemma4_e2b,chain_of_thought,zero_shot,capped,outcome,100,3.3331671920302326,0.7183333333333333,0.6152074314574313,0.6351595626595621,0.28517773117944406,0.1361571792606954,0.21867508581700482,0.49672704879223367,0.26550581130613354,0.4284715699350929,0.209796484118088
gemma4_e2b,chain_of_thought,zero_shot,capped,union,100,3.3331671920302326,0.716193278943279,0.5755113224054034,0.6265762167235802,0.30239972813899035,0.13653370809331963,0.19159051029029572,0.4572351445534136,0.22956935690972696,0.3556033739881162,0.1640128636978207
gemma4_e2b,chain_of_thought,zero_shot,uncapped,approach,100,3.9858506651921197,0.6180710310930899,0.6771493506493504,0.6078398090764906,0.20492281075658667,0.11137018348718636,0.16678782350413301,0.4897748197527478,0.29325174859619874,0.4461784208338833,0.27939059732975013
gemma4_e2b,chain_of_thought,zero_shot,uncapped,challenge,100,3.9858506651921197,0.4650927960927961,0.5446666666666666,0.46124975024975007,0.20764291194652018,0.08487890625245192,0.15566793897556205,0.4220026765441394,0.226199582941474,0.37142590290099414,0.21575796392543214
gemma4_e2b,chain_of_thought,zero_shot,uncapped,outcome,100,3.9858506651921197,0.6529616772116771,0.6928437950937952,0.6326416478258576,0.24631587095423357,0.11696166680767486,0.18853389926857222,0.49672704879223367,0.26550581130613354,0.4284715699350929,0.23993767066652044
gemma4_e2b,chain_of_thought,zero_shot,uncapped,union,100,3.9858506651921197,0.6550585526332598,0.6805778259314907,0.6504000795095269,0.2601120080681202,0.11827132363379811,0.16621839811435662,0.4572351445534136,0.22956935690972696,0.3556033739881162,0.18938497587375977
gemma4_e2b,chain_of_thought_trace,one_shot,capped,approach,100,4.192869604612934,0.6658333333333333,0.5871854256854256,0.605592063165592,0.22773049327465902,0.12102082120520771,0.18122871794227666,0.4897748197527478,0.29325174859619874,0.4461784208338833,0.2649497028916066
gemma4_e2b,chain_of_thought_trace,one_shot,capped,challenge,100,4.192869604612934,0.5491666666666667,0.4417857142857143,0.46080924630924613,0.25398473606166677,0.10251607234084922,0.19172240640239172,0.4220026765441394,0.226199582941474,0.37142590290099414,0.1797034964986025
gemma4_e2b,chain_of_thought_trace,one_shot,capped,outcome,100,4.192869604612934,0.6725,0.5801240981240979,0.5908089133089129,0.2704360377645789,0.12530376715132793,0.20595061347688645,0.49672704879223367,0.26550581130613354,0.4284715699350929,0.22252095645820624
gemma4_e2b,chain_of_thought_trace,one_shot,capped,union,100,4.192869604612934,0.7378687423687424,0.5573596399095286,0.6216080675821702,0.3117431394230451,0.1387950026074132,0.19528598223787427,0.4572351445534136,0.22956935690972696,0.3556033739881162,0.16031739175024204
gemma4_e2b,chain_of_thought_trace,one_shot,uncapped,approach,100,4.089242448057048,0.6783628871128871,0.6732994227994227,0.643849115298186,0.22245684849888495,0.11918614573950562,0.17947726455357987,0.4897748197527478,0.29325174859619874,0.4461784208338833,0.26670115628030355
gemma4_e2b,chain_of_thought_trace,one_shot,uncapped,challenge,100,4.089242448057048,0.5089722222222222,0.4848015873015874,0.4556367570338157,0.23879900022573422,0.09932484577726206,0.18020283428434966,0.4220026765441394,0.226199582941474,0.37142590290099414,0.1912230686166445
gemma4_e2b,chain_of_thought_trace,one_shot,uncapped,outcome,100,4.089242448057048,0.6015915750915751,0.7235266955266954,0.6192018804097139,0.2416701734867668,0.12023042124228749,0.18634465120595803,0.49672704879223367,0.26550581130613354,0.4284715699350929,0.24212691872913486
gemma4_e2b,chain_of_thought_trace,one_shot,uncapped,union,100,4.089242448057048,0.6776226860944354,0.6574089583932767,0.6536149438396525,0.27277241760136045,0.12587350785628937,0.17643377369442276,0.4572351445534136,0.22956935690972696,0.3556033739881162,0.1791696002936935
gemma4_e2b,contrastive_joint,one_shot,capped,approach,100,3.1973155115230476,0.6955000000000001,0.5493315295815296,0.5899163336663334,0.24984526028730764,0.12699409909495038,0.19939685844095906,0.4897748197527478,0.29325174859619874,0.4461784208338833,0.24678156239292423
gemma4_e2b,contrastive_joint,one_shot,capped,challenge,100,3.1973155115230476,0.5025,0.3960357142857142,0.41058319458319437,0.251146099672579,0.09647490093499479,0.18648699943363756,0.4220026765441394,0.226199582941474,0.37142590290099414,0.18493890346735667
gemma4_e2b,contrastive_joint,one_shot,capped,outcome,100,3.1973155115230476,0.7191666666666667,0.5077550505050504,0.5611682206682204,0.28201116949414756,0.12265712404204743,0.21729022102989073,0.49672704879223367,0.26550581130613354,0.4284715699350929,0.21118134890520207
gemma4_e2b,contrastive_joint,one_shot,capped,union,100,3.1973155115230476,0.7207270229770226,0.5008697682830474,0.5803845766859868,0.3207333815129762,0.1368590539747689,0.20108311076531732,0.4572351445534136,0.22956935690972696,0.3556033739881162,0.15452026322279913
gemma4_e2b,contrastive_joint,one_shot,uncapped,approach,100,3.4343833390122747,0.6822581307581308,0.5894235209235208,0.6007948760270403,0.23768346633708767,0.12331653192971313,0.1906134243783927,0.4897748197527478,0.29325174859619874,0.4461784208338833,0.2555649964554906
gemma4_e2b,contrastive_joint,one_shot,uncapped,challenge,100,3.4343833390122747,0.4931706349206349,0.4646785714285715,0.4318382728382726,0.23577198047773565,0.09350883139921529,0.17591958965025575,0.4220026765441394,0.226199582941474,0.37142590290099414,0.19550631325073847
gemma4_e2b,contrastive_joint,one_shot,uncapped,outcome,100,3.4343833390122747,0.6892063492063493,0.5794339826839826,0.595821624453977,0.2663494510296575,0.12047985201387651,0.20565742407618073,0.49672704879223367,0.26550581130613354,0.4284715699350929,0.222814145858912
gemma4_e2b,contrastive_joint,one_shot,uncapped,union,100,3.4343833390122747,0.6992279111852235,0.5770013685929691,0.6165274788300309,0.2956447449050776,0.13037709521447172,0.19020499689300455,0.4572351445534136,0.22956935690972696,0.3556033739881162,0.16539837709511176
gemma4_e2b,contrastive_joint,zero_shot,capped,approach,100,3.189253881626064,0.6968333333333334,0.6017362914862914,0.6205424297924295,0.23874400229513626,0.1285488628599908,0.18959432426153178,0.4897748197527478,0.29325174859619874,0.4461784208338833,0.2565840965723516
gemma4_e2b,contrastive_joint,zero_shot,capped,challenge,100,3.189253881626064,0.515,0.459611111111111,0.45397974247974227,0.24433785286235146,0.09399367984493313,0.1838642419371458,0.4220026765441394,0.226199582941474,0.37142590290099414,0.18756166096384835
gemma4_e2b,contrastive_joint,zero_shot,capped,outcome,100,3.189253881626064,0.7608333333333335,0.64468759018759,0.669540015540015,0.2899157180905364,0.1412352152473398,0.2239238939287532,0.49672704879223367,0.26550581130613354,0.4284715699350929,0.20454767600633952
gemma4_e2b,contrastive_joint,zero_shot,capped,union,100,3.189253881626064,0.730233877233877,0.5825317514947177,0.6387228677824185,0.3041150671212931,0.13725205121294567,0.19138085226401827,0.4572351445534136,0.22956935690972696,0.3556033739881162,0.1642225217240982
gemma4_e2b,contrastive_joint,zero_shot,uncapped,approach,100,3.0325453051365914,0.6840970140970144,0.6993033910533907,0.6512995808457106,0.2202114723091034,0.1198262485683652,0.17750388880099713,0.4897748197527478,0.29325174859619874,0.4461784208338833,0.2686745320328861
gemma4_e2b,contrastive_joint,zero_shot,uncapped,challenge,100,3.0325453051365914,0.4834610389610389,0.5505436507936508,0.4706347263847262,0.22291093174280516,0.08841468976671278,0.16644282271743457,0.4220026765441394,0.226199582941474,0.37142590290099414,0.20498308018355962
gemma4_e2b,contrastive_joint,zero_shot,uncapped,outcome,100,3.0325453051365914,0.7131717171717173,0.7322803030303031,0.685991467768557,0.2666004301571434,0.13366529112819572,0.20749030759565815,0.49672704879223367,0.26550581130613354,0.4284715699350929,0.22098126233943455
gemma4_e2b,contrastive_joint,zero_shot,uncapped,union,100,3.0325453051365914,0.6740227064043626,0.692100822787389,0.6691364768780406,0.2660271356479919,0.1230277807301761,0.1690923029568444,0.4572351445534136,0.22956935690972696,0.3556033739881162,0.18651107103127196
gemma4_e2b,explanation_based,one_shot,capped,approach,100,3.1374224304931704,0.675,0.5664621212121214,0.5922974721357072,0.24231180862570711,0.1254529946160949,0.19343336702067393,0.4897748197527478,0.29325174859619874,0.4461784208338833,0.25274505381320933
gemma4_e2b,explanation_based,one_shot,capped,challenge,100,3.1374224304931704,0.44583333333333336,0.38964285714285707,0.39339704739704723,0.23761418837372525,0.08590658387775026,0.1725663894188736,0.4220026765441394,0.226199582941474,0.37142590290099414,0.19885951348212064
gemma4_e2b,explanation_based,one_shot,capped,outcome,100,3.1374224304931704,0.6758333333333334,0.5401558441558441,0.5635482850482848,0.2734518523394126,0.11880382625121427,0.20922941215328308,0.49672704879223367,0.26550581130613354,0.4284715699350929,0.2192421577818098
gemma4_e2b,explanation_based,one_shot,capped,union,100,3.1374224304931704,0.7098476523476525,0.5243740162000694,0.5943991148702563,0.3106012745230177,0.13442951995535576,0.1970944948877558,0.4572351445534136,0.22956935690972696,0.3556033739881162,0.15850887910036057
gemma4_e2b,explanation_based,one_shot,uncapped,approach,100,3.3713783656735905,0.6495133477633478,0.6003524531024531,0.5965756513867967,0.22784815138820563,0.11895762232909343,0.1818816702088728,0.4897748197527478,0.29325174859619874,0.4461784208338833,0.26429675062501057
gemma4_e2b,explanation_based,one_shot,uncapped,challenge,100,3.3713783656735905,0.4597380952380953,0.4304563492063492,0.4145390720390718,0.23331952278423848,0.08842356397564778,0.17059625277156987,0.4220026765441394,0.226199582941474,0.37142590290099414,0.20082965012942433
gemma4_e2b,explanation_based,one_shot,uncapped,outcome,100,3.3713783656735905,0.6579444444444446,0.6151006493506493,0.6020996177025585,0.25647544337915745,0.11399367001503802,0.19667191019384106,0.49672704879223367,0.26550581130613354,0.4284715699350929,0.23179965974125166
gemma4_e2b,explanation_based,one_shot,uncapped,union,100,3.3713783656735905,0.7007435654300975,0.5787452996275345,0.6228657454303669,0.2946976967673831,0.13112533890290787,0.18803886814636728,0.4572351445534136,0.22956935690972696,0.3556033739881162,0.16756450584174915
gemma4_e2b,explanation_based,zero_shot,capped,approach,100,2.943145205061883,0.6835,0.6253939393939393,0.6268876434023489,0.22958748710064164,0.1219169058458327,0.18107638698411052,0.4897748197527478,0.29325174859619874,0.4461784208338833,0.26510203384977266
gemma4_e2b,explanation_based,zero_shot,capped,challenge,100,2.943145205061883,0.47583333333333333,0.46541666666666665,0.4416411366411365,0.24030589895265084,0.09021889257793679,0.17790936419063377,0.4220026765441394,0.226199582941474,0.37142590290099414,0.19351653871036034
gemma4_e2b,explanation_based,zero_shot,capped,outcome,100,2.943145205061883,0.7483333333333335,0.6210923520923519,0.6520631035631029,0.2881446907104662,0.13848549809042163,0.22153997481602836,0.49672704879223367,0.26550581130613354,0.4284715699350929,0.20693159511906434
gemma4_e2b,explanation_based,zero_shot,capped,union,100,2.943145205061883,0.7114645354645356,0.5846225947628896,0.6334176706353695,0.29942355776783,0.1348175606197553,0.1882033758238358,0.4572351445534136,0.22956935690972696,0.3556033739881162,0.1673999981642806
gemma4_e2b,explanation_based,zero_shot,uncapped,approach,100,3.0695903954841195,0.6537582417582416,0.7293199855699853,0.6559865568727793,0.2058851525858801,0.11173268308985948,0.16522831300781,0.4897748197527478,0.29325174859619874,0.4461784208338833,0.28095010782607316
gemma4_e2b,explanation_based,zero_shot,uncapped,challenge,100,3.0695903954841195,0.4546904761904761,0.5195873015873016,0.4516010656010654,0.22017668538350776,0.0868119104130321,0.1632230789158586,0.4220026765441394,0.226199582941474,0.37142590290099414,0.20820282398513557
gemma4_e2b,explanation_based,zero_shot,uncapped,outcome,100,3.0695903954841195,0.7038116883116882,0.734641414141414,0.684531584686383,0.26149816950188176,0.12988738889292809,0.20329921921077287,0.49672704879223367,0.26550581130613354,0.4284715699350929,0.22517235072432
gemma4_e2b,explanation_based,zero_shot,uncapped,union,100,3.0695903954841195,0.6623688454046812,0.6936061860732405,0.6656716319487705,0.2610674661663322,0.12031612945403075,0.16866020323729797,0.4572351445534136,0.22956935690972696,0.3556033739881162,0.1869431707508184
gemma4_e2b,least_to_most,one_shot,capped,approach,100,2.8584718943655023,0.6670000000000001,0.5887395382395383,0.6018120327385028,0.23653191189191167,0.12384806009866557,0.18901824974494116,0.4897748197527478,0.29325174859619874,0.4461784208338833,0.2571601710889421
gemma4_e2b,least_to_most,one_shot,capped,challenge,100,2.8584718943655023,0.49083333333333334,0.42033730158730154,0.42720462870462855,0.24862753762887027,0.09375291810644873,0.18214030874903586,0.4220026765441394,0.226199582941474,0.37142590290099414,0.18928559415195834
gemma4_e2b,least_to_most,one_shot,capped,outcome,100,2.8584718943655023,0.7166666666666667,0.5585883838383837,0.5895354645354641,0.28762282828793323,0.1298288087827749,0.22193739740904292,0.49672704879223367,0.26550581130613354,0.4284715699350929,0.20653417252604986
gemma4_e2b,least_to_most,one_shot,capped,union,100,2.8584718943655023,0.7180086857586855,0.5474423069564407,0.6106963979662152,0.3111899072726237,0.13725235991091547,0.19570367489294813,0.4572351445534136,0.22956935690972696,0.3556033739881162,0.15989969909516824
gemma4_e2b,least_to_most,one_shot,uncapped,approach,100,3.672334207444219,0.6445153457653459,0.630333694083694,0.6057962692622133,0.22317468366214235,0.11931618517246796,0.18061625198794726,0.4897748197527478,0.29325174859619874,0.4461784208338833,0.265562168845936
gemma4_e2b,least_to_most,one_shot,uncapped,challenge,100,3.672334207444219,0.46441269841269844,0.4649087301587302,0.4221347312817898,0.22362196331417658,0.08623437747326232,0.1646271608372783,0.4220026765441394,0.226199582941474,0.37142590290099414,0.20679874206371582
gemma4_e2b,least_to_most,one_shot,uncapped,outcome,100,3.672334207444219,0.6544790764790765,0.6505140692640693,0.6164051504051499,0.24622764649730622,0.11291935923306676,0.18975025095861997,0.49672704879223367,0.26550581130613354,0.4284715699350929,0.23872131897647275
gemma4_e2b,least_to_most,one_shot,uncapped,union,100,3.672334207444219,0.6958523234934998,0.6187615127726851,0.6392684320436107,0.28289874542280474,0.1268214021370061,0.18248818492339336,0.4572351445534136,0.22956935690972696,0.3556033739881162,0.17311518906472298
gemma4_e2b,least_to_most,zero_shot,capped,approach,100,2.486894246871816,0.6856666666666668,0.6417626262626261,0.6369412760442168,0.22953087546866344,0.12295157493416628,0.1822664992031551,0.4897748197527478,0.29325174859619874,0.4461784208338833,0.2639119216307282
gemma4_e2b,least_to_most,zero_shot,capped,challenge,100,2.486894246871816,0.5266666666666667,0.4709206349206348,0.4682387612387611,0.24876974288435283,0.09804249107732341,0.18522001344989492,0.4220026765441394,0.226199582941474,0.37142590290099414,0.18620588945109925
gemma4_e2b,least_to_most,zero_shot,capped,outcome,100,2.486894246871816,0.7433333333333334,0.6242312409812408,0.6538110778110772,0.2883060820817231,0.13907336062551903,0.22098724410180184,0.49672704879223367,0.26550581130613354,0.4284715699350929,0.20748432583329093
gemma4_e2b,least_to_most,zero_shot,capped,union,100,2.486894246871816,0.7180189532689534,0.5994075117143669,0.6449973955941162,0.298085166780496,0.1352813405267503,0.18791263742977146,0.4572351445534136,0.22956935690972696,0.3556033739881162,0.16769073655834485
gemma4_e2b,least_to_most,zero_shot,uncapped,approach,100,3.730752071269089,0.6133588217338217,0.7302485569985566,0.6308480535520171,0.1955474991527054,0.1068031773575722,0.15728734397644709,0.4897748197527478,0.29325174859619874,0.4461784208338833,0.28889107685743604
gemma4_e2b,least_to_most,zero_shot,uncapped,challenge,100,3.730752071269089,0.4737222222222222,0.5512142857142858,0.47300455263690533,0.21761896494424235,0.08599730785287933,0.16096498878945312,0.4220026765441394,0.226199582941474,0.37142590290099414,0.2104609141115412
gemma4_e2b,least_to_most,zero_shot,uncapped,outcome,100,3.730752071269089,0.6635630480630479,0.7159671717171717,0.6493145759469283,0.25478027424460786,0.1253547061589756,0.19624686435030766,0.49672704879223367,0.26550581130613354,0.4284715699350929,0.23222470558478528
gemma4_e2b,least_to_most,zero_shot,uncapped,union,100,3.730752071269089,0.6549395444951541,0.7079779936434094,0.6634148707371884,0.25484585508630764,0.11756445215530854,0.16379323769968795,0.4572351445534136,0.22956935690972696,0.3556033739881162,0.1918101362884284
gemma4_e2b,negative_aware,one_shot,capped,approach,100,3.321392218261026,0.6268333333333332,0.5557950937950937,0.5672076648841351,0.23149278649033395,0.12148895445283509,0.18391596484191397,0.4897748197527478,0.29325174859619874,0.4461784208338833,0.2622624559919694
gemma4_e2b,negative_aware,one_shot,capped,challenge,100,3.321392218261026,0.4991666666666667,0.41938095238095235,0.4244511599511598,0.2487609867114924,0.09316801051370449,0.18493566591951305,0.4220026765441394,0.226199582941474,0.37142590290099414,0.1864902369814811
gemma4_e2b,negative_aware,one_shot,capped,outcome,100,3.321392218261026,0.6883333333333335,0.5610487012987011,0.5851167721167716,0.27386252387899784,0.11981387974287795,0.2105319778725685,0.49672704879223367,0.26550581130613354,0.4284715699350929,0.21793959206252428
gemma4_e2b,negative_aware,one_shot,capped,union,100,3.321392218261026,0.7016682761682759,0.5321651487281955,0.593771557913341,0.3072186149693345,0.13488894642453264,0.19459084793056683,0.4572351445534136,0.22956935690972696,0.3556033739881162,0.16101252605754954
gemma4_e2b,negative_aware,one_shot,uncapped,approach,100,3.7601816626347135,0.6372914862914862,0.5934610389610389,0.587153495970833,0.2305281152301793,0.12326639522236099,0.1838435353046424,0.4897748197527478,0.29325174859619874,0.4461784208338833,0.2623348855292409
gemma4_e2b,negative_aware,one_shot,uncapped,challenge,100,3.7601816626347135,0.507047619047619,0.482702380952381,0.4517104562104559,0.23492543224638837,0.09185766838185876,0.17449361264356486,0.4220026765441394,0.226199582941474,0.37142590290099414,0.19693229025742923
gemma4_e2b,negative_aware,one_shot,uncapped,outcome,100,3.7601816626347135,0.6805897435897436,0.609541847041847,0.6102028527028521,0.26053056004233605,0.11588385947129062,0.19957321329034255,0.49672704879223367,0.26550581130613354,0.4284715699350929,0.2288983566447503
gemma4_e2b,negative_aware,one_shot,uncapped,union,100,3.7601816626347135,0.696433228579126,0.5885957211507925,0.6223352508067599,0.288425047927036,0.12833925653219164,0.1848847522240762,0.4572351445534136,0.22956935690972696,0.3556033739881162,0.17071862176404032
gemma4_e2b,salience_inference,one_shot,capped,approach,100,3.2785000297182707,0.6821666666666666,0.5728437950937952,0.5965858112475756,0.24173637704589748,0.12498385464344969,0.19384725065155387,0.4897748197527478,0.29325174859619874,0.4461784208338833,0.2523311701823294
gemma4_e2b,salience_inference,one_shot,capped,challenge,100,3.2785000297182707,0.45833333333333337,0.3557499999999999,0.3762258297258295,0.23075031727999198,0.08179935997059226,0.16577316122707075,0.4220026765441394,0.226199582941474,0.37142590290099414,0.2056527416739235
gemma4_e2b,salience_inference,one_shot,capped,outcome,100,3.2785000297182707,0.6908333333333333,0.5339733044733043,0.5761143301143296,0.2803269078342521,0.1249367965049411,0.21401787623004612,0.49672704879223367,0.26550581130613354,0.4284715699350929,0.21445369370504663
gemma4_e2b,salience_inference,one_shot,capped,union,100,3.2785000297182707,0.7162352924852923,0.5164011538072315,0.5912143400633154,0.31262341936260785,0.13396458806136588,0.19743805716577595,0.4572351445534136,0.22956935690972696,0.3556033739881162,0.15816531682234056
gemma4_e2b,salience_inference,one_shot,uncapped,approach,100,3.5854177348839587,0.6774599567099567,0.5855620490620492,0.596683540573633,0.23524167836731436,0.11917080852242384,0.1881763054568779,0.4897748197527478,0.29325174859619874,0.4461784208338833,0.2580021153770054
gemma4_e2b,salience_inference,one_shot,uncapped,challenge,100,3.5854177348839587,0.46011255411255414,0.3977261904761904,0.3898120359172988,0.22401439299759413,0.07964711475707195,0.1610771359507788,0.4220026765441394,0.226199582941474,0.37142590290099414,0.21034876695021543
gemma4_e2b,salience_inference,one_shot,uncapped,outcome,100,3.5854177348839587,0.6674285714285715,0.5497554112554112,0.5773233645439523,0.26570820413942764,0.11946562587188156,0.20395123070712884,0.49672704879223367,0.26550581130613354,0.4284715699350929,0.22452033922796388
gemma4_e2b,salience_inference,one_shot,uncapped,union,100,3.5854177348839587,0.7026100838875605,0.5393663305293741,0.5964495509663488,0.30179197866811597,0.1278271547515002,0.19134807179118898,0.4572351445534136,0.22956935690972696,0.3556033739881162,0.16425530219692738
gemma4_e2b,salience_inference,zero_shot,capped,approach,100,2.754924335452961,0.6971666666666667,0.6366204906204904,0.6404811414076116,0.23217378487849202,0.1239031585537087,0.1840189499440551,0.4897748197527478,0.29325174859619874,0.4461784208338833,0.2621594708898282
gemma4_e2b,salience_inference,zero_shot,capped,challenge,100,2.754924335452961,0.485,0.45542857142857146,0.44068947718947704,0.23980309314321613,0.09117513103946998,0.17902822561322956,0.4220026765441394,0.226199582941474,0.37142590290099414,0.19239767728776472
gemma4_e2b,salience_inference,zero_shot,capped,outcome,100,2.754924335452961,0.7475000000000002,0.6360645743145742,0.6578817848817842,0.2907318865508664,0.13975049672675444,0.22353397913730425,0.49672704879223367,0.26550581130613354,0.4284715699350929,0.20493759079778845
gemma4_e2b,salience_inference,zero_shot,capped,union,100,2.754924335452961,0.7226958874458876,0.5942210164781004,0.643678804738802,0.299464356286922,0.13570483535781536,0.18831152670795376,0.4572351445534136,0.22956935690972696,0.3556033739881162,0.16729184728016275
gemma4_e2b,salience_inference,zero_shot,uncapped,approach,100,3.3612942868948448,0.656642205017205,0.670183261183261,0.6282342195128571,0.21268068838428372,0.1148737657569566,0.17066297704337294,0.4897748197527478,0.29325174859619874,0.4461784208338833,0.27551544379051035
gemma4_e2b,salience_inference,zero_shot,uncapped,challenge,100,3.3612942868948448,0.46405952380952376,0.49636904761904765,0.4453672928378809,0.2232720348646313,0.08617488333069234,0.16634747347702633,0.4220026765441394,0.226199582941474,0.37142590290099414,0.2050784294239678
gemma4_e2b,salience_inference,zero_shot,uncapped,outcome,100,3.3612942868948448,0.7308690476190476,0.7079310966810965,0.6869919119408279,0.2713458362306859,0.13388829348720224,0.20983673061535896,0.49672704879223367,0.26550581130613354,0.4284715699350929,0.21863483931973376
gemma4_e2b,salience_inference,zero_shot,uncapped,union,100,3.3612942868948448,0.6848428657013256,0.6456491205079001,0.6494982031355875,0.2756458193338858,0.1252808709383287,0.17552922419362754,0.4572351445534136,0.22956935690972696,0.3556033739881162,0.18007414979448894
gemma4_e2b,salience_inference_trace,one_shot,capped,approach,100,3.5810594671103173,0.7066666666666666,0.6213553391053391,0.636956654456654,0.23884239159357176,0.12884724295468852,0.19050154563942573,0.4897748197527478,0.29325174859619874,0.4461784208338833,0.2556768751944576
gemma4_e2b,salience_inference_trace,one_shot,capped,challenge,100,3.5810594671103173,0.47916666666666663,0.4223293650793651,0.41972655122655106,0.24157258558503197,0.0906322995819654,0.17767920317106828,0.4220026765441394,0.226199582941474,0.37142590290099414,0.19374669972992595
gemma4_e2b,salience_inference_trace,one_shot,capped,outcome,100,3.5810594671103173,0.73,0.5563621933621933,0.5989301254301248,0.2835415248813838,0.12812556971700134,0.2173384024648293,0.49672704879223367,0.26550581130613354,0.4284715699350929,0.21113316747026345
gemma4_e2b,salience_inference_trace,one_shot,capped,union,100,3.5810594671103173,0.7183997113997109,0.5523045893529304,0.6141040701372416,0.3032039231288373,0.13306961173025464,0.19196122065783164,0.4572351445534136,0.22956935690972696,0.3556033739881162,0.16364215333028473
gemma4_e2b,salience_inference_trace,one_shot,uncapped,approach,100,4.5228564953024035,0.6717891275391276,0.6586551226551224,0.6339599908063694,0.22380465631073268,0.12069748583295306,0.18070437507122455,0.4897748197527478,0.29325174859619874,0.4461784208338833,0.2654740457626587
gemma4_e2b,salience_inference_trace,one_shot,uncapped,challenge,100,4.5228564953024035,0.4749642857142857,0.4271984126984128,0.4123447940947941,0.23148593192769976,0.08866244960898101,0.16728900608551706,0.4220026765441394,0.226199582941474,0.37142590290099414,0.20413689681547717
gemma4_e2b,salience_inference_trace,one_shot,uncapped,outcome,100,4.5228564953024035,0.6944444444444445,0.5723809523809522,0.5879808086650188,0.2652921836022877,0.12202155014045607,0.20396978810561173,0.49672704879223367,0.26550581130613354,0.4284715699350929,0.22450178182948105
gemma4_e2b,salience_inference_trace,one_shot,uncapped,union,100,4.5228564953024035,0.7043698467597075,0.5923604569291404,0.6268892201066714,0.28972397324455784,0.1290205882527312,0.1849649965601768,0.4572351445534136,0.22956935690972696,0.3556033739881162,0.1706383774279396
gemma4_e2b,scoring_based,one_shot,capped,approach,100,3.3796509435307236,0.6866666666666665,0.539728715728716,0.5798548477666121,0.24565807285473365,0.12467630296394626,0.19653135923282142,0.4897748197527478,0.29325174859619874,0.4461784208338833,0.24964706160106181
gemma4_e2b,scoring_based,one_shot,capped,challenge,100,3.3796509435307236,0.4183333333333333,0.3492261904761904,0.35430303030303023,0.2252459204350672,0.07890942173658944,0.16214943478644653,0.4220026765441394,0.226199582941474,0.37142590290099414,0.20927646811454775
gemma4_e2b,scoring_based,one_shot,capped,outcome,100,3.3796509435307236,0.6308333333333332,0.4864217171717171,0.5206999666999664,0.2631526387188424,0.11298938985783315,0.20106567212681095,0.49672704879223367,0.26550581130613354,0.4284715699350929,0.2274058978082819
gemma4_e2b,scoring_based,one_shot,capped,union,100,3.3796509435307236,0.7035795870795871,0.4875121032872244,0.5653194130544705,0.3157791626543825,0.13266238947044445,0.197451393413103,0.4572351445534136,0.22956935690972696,0.3556033739881162,0.15815198057501348
gemma4_e2b,scoring_based,one_shot,uncapped,approach,100,3.5411322524945716,0.6880131535131535,0.5784386724386725,0.5981749807639898,0.23880847238796524,0.12250002081753499,0.1907270213742285,0.4897748197527478,0.29325174859619874,0.4461784208338833,0.25545139945965467
gemma4_e2b,scoring_based,one_shot,uncapped,challenge,100,3.5411322524945716,0.4310396825396825,0.3739603174603174,0.36924680874680854,0.2222615293470746,0.08116295118361348,0.159314269106886,0.4220026765441394,0.226199582941474,0.37142590290099414,0.2121116337941081
gemma4_e2b,scoring_based,one_shot,uncapped,outcome,100,3.5411322524945716,0.6614206349206349,0.5725054112554111,0.5841654407683816,0.2530484986860269,0.11259814078625136,0.19560314418655256,0.49672704879223367,0.26550581130613354,0.4284715699350929,0.2328684257485402
gemma4_e2b,scoring_based,one_shot,uncapped,union,100,3.5411322524945716,0.7179914791091258,0.5521916740305653,0.6086413544213677,0.30149590457386766,0.1312699228777141,0.19163323723358178,0.4572351445534136,0.22956935690972696,0.3556033739881162,0.1639701367545345
gemma4_e2b,scoring_based,zero_shot,capped,approach,100,3.0915251769614405,0.687,0.6214859307359305,0.6263238624120974,0.22587342697229773,0.1194178918922672,0.1786389887289603,0.4897748197527478,0.29325174859619874,0.4461784208338833,0.26753943210492304
gemma4_e2b,scoring_based,zero_shot,capped,challenge,100,3.0915251769614405,0.485,0.45324999999999993,0.44016494616494606,0.24114159378280856,0.09260769554229126,0.18030029148295032,0.4220026765441394,0.226199582941474,0.37142590290099414,0.19112561141804382
gemma4_e2b,scoring_based,zero_shot,capped,outcome,100,3.0915251769614405,0.7466666666666667,0.6292431457431455,0.654152347652347,0.28605419161741596,0.1375931145156775,0.2203284382384245,0.49672704879223367,0.26550581130613354,0.4284715699350929,0.20814313169666826
gemma4_e2b,scoring_based,zero_shot,capped,union,100,3.0915251769614405,0.7163722111222113,0.5822621214429669,0.6322103173857835,0.2987319476769348,0.13375917353504294,0.1874587283409056,0.4572351445534136,0.22956935690972696,0.3556033739881162,0.16814464564721077
gemma4_e2b,scoring_based,zero_shot,uncapped,approach,100,3.7038276555144694,0.624571918821919,0.6990335497835496,0.6234416116047691,0.19488537424059907,0.10550169449011071,0.15696925096570166,0.4897748197527478,0.29325174859619874,0.4461784208338833,0.28920916986818157
gemma4_e2b,scoring_based,zero_shot,uncapped,challenge,100,3.7038276555144694,0.4544365079365079,0.48571825396825397,0.4364366744366743,0.2188880919468331,0.08614020671611644,0.16185015316662077,0.4220026765441394,0.226199582941474,0.37142590290099414,0.20957574973437335
gemma4_e2b,scoring_based,zero_shot,uncapped,outcome,100,3.7038276555144694,0.6938344155844153,0.6742247474747471,0.6537309131357112,0.26308111115367516,0.1292623219993188,0.20264906155625964,0.49672704879223367,0.26550581130613354,0.4284715699350929,0.22582250837883308
gemma4_e2b,scoring_based,zero_shot,uncapped,union,100,3.7038276555144694,0.6523010620899469,0.6551844182854581,0.640760462740019,0.25965917576362835,0.11913610418314534,0.16537431712217948,0.4572351445534136,0.22956935690972696,0.3556033739881162,0.1902290568659369
gemma4_e2b,scoring_based_trace,one_shot,capped,approach,100,3.478745229698252,0.6571666666666667,0.5910822510822511,0.6003050168785459,0.22757969300577463,0.11762913200099204,0.1810349130941171,0.4897748197527478,0.29325174859619874,0.4461784208338833,0.26514350773976614
gemma4_e2b,scoring_based_trace,one_shot,capped,challenge,100,3.478745229698252,0.46416666666666656,0.3986706349206348,0.4031721611721609,0.24556887598853053,0.09754277939354586,0.17786388922369986,0.4220026765441394,0.226199582941474,0.37142590290099414,0.19356201367729423
gemma4_e2b,scoring_based_trace,one_shot,capped,outcome,100,3.478745229698252,0.7691666666666667,0.5868621933621931,0.6318110778110771,0.29171666706128574,0.1349509846560251,0.22323316784867184,0.49672704879223367,0.26550581130613354,0.4284715699350929,0.2052384020864209
gemma4_e2b,scoring_based_trace,one_shot,capped,union,100,3.478745229698252,0.7208136585636586,0.5419020553973776,0.6067878991705037,0.30432481539510653,0.13302895078488136,0.19111648705222004,0.4572351445534136,0.22956935690972696,0.3556033739881162,0.1644868869358963
gemma4_e2b,scoring_based_trace,one_shot,uncapped,approach,100,4.483577255286509,0.6092784992784992,0.6213733766233765,0.5891700376506875,0.20297398554802856,0.10786990536584215,0.16299792694914975,0.4897748197527478,0.29325174859619874,0.4461784208338833,0.2831804938847335
gemma4_e2b,scoring_based_trace,one_shot,uncapped,challenge,100,4.483577255286509,0.43306601731601724,0.4394325396825397,0.41288616938616934,0.21778131012323787,0.08727928973152332,0.16105768469403686,0.4220026765441394,0.226199582941474,0.37142590290099414,0.21036821820695736
gemma4_e2b,scoring_based_trace,one_shot,uncapped,outcome,100,4.483577255286509,0.7280119047619046,0.6191486291486291,0.6314495854163032,0.2773737685936242,0.1293899426414483,0.21372399148603677,0.49672704879223367,0.26550581130613354,0.4284715699350929,0.21474757844905612
gemma4_e2b,scoring_based_trace,one_shot,uncapped,union,100,4.483577255286509,0.7021392312276344,0.5892067674103615,0.6223037164120487,0.2841392547332308,0.12483790036722801,0.18124585112198038,0.4572351445534136,0.22956935690972696,0.3556033739881162,0.17435752286613604
gemma4_e2b,self_ask,one_shot,capped,approach,100,3.4980696844425982,0.6806666666666666,0.5822359307359308,0.6041462344844696,0.24017515668516318,0.1258370891590482,0.19126110491240184,0.4897748197527478,0.29325174859619874,0.4461784208338833,0.2549173159214814
gemma4_e2b,self_ask,one_shot,capped,challenge,100,3.4980696844425982,0.4658333333333334,0.394440476190476,0.39621883671883656,0.23775221351086637,0.08684830439099697,0.17277660816976648,0.4220026765441394,0.226199582941474,0.37142590290099414,0.19864929473122772
gemma4_e2b,self_ask,one_shot,capped,outcome,100,3.4980696844425982,0.6983333333333335,0.5677828282828281,0.5950984570984567,0.27157064886973614,0.11954803650612607,0.2076979251525871,0.49672704879223367,0.26550581130613354,0.4284715699350929,0.22077364478250572
gemma4_e2b,self_ask,one_shot,capped,union,100,3.4980696844425982,0.7202308524808525,0.5398493511786517,0.6050793017026611,0.3114747733694741,0.1365398768378016,0.19402369389267268,0.4572351445534136,0.22956935690972696,0.3556033739881162,0.16157968009544377
gemma4_e2b,self_ask,one_shot,uncapped,approach,100,3.7708905615948605,0.6378263403263403,0.6493841991341989,0.6122020628636254,0.2191415722265503,0.11713005925315922,0.17770070275853464,0.4897748197527478,0.29325174859619874,0.4461784208338833,0.2684777180753486
gemma4_e2b,self_ask,one_shot,uncapped,challenge,100,3.7708905615948605,0.5005833333333333,0.492968253968254,0.4453407703407701,0.22895257290704532,0.0888973013167821,0.16844215361072326,0.4220026765441394,0.226199582941474,0.37142590290099414,0.2029837492902709
gemma4_e2b,self_ask,one_shot,uncapped,outcome,100,3.7708905615948605,0.6550476190476188,0.6307085137085136,0.6087113997113992,0.2481457979869011,0.11243831928509762,0.190307279811058,0.49672704879223367,0.26550581130613354,0.4284715699350929,0.2381642901240349
gemma4_e2b,self_ask,one_shot,uncapped,union,100,3.7708905615948605,0.6914294688627503,0.624886569806108,0.6392265595708095,0.2815056400462433,0.12571619520455038,0.18034910679882898,0.4572351445534136,0.22956935690972696,0.3556033739881162,0.1752542671892874
gemma4_e2b,self_ask,zero_shot,capped,approach,100,3.563034939666977,0.6395,0.6031443001443,0.5965910315175017,0.22187198531198843,0.11679327946529414,0.1755664336446714,0.4897748197527478,0.29325174859619874,0.4461784208338833,0.270611987189212
gemma4_e2b,self_ask,zero_shot,capped,challenge,100,3.563034939666977,0.5216666666666666,0.48746825396825394,0.4726334221334219,0.247833391829226,0.09707942375584265,0.18605540937826304,0.4220026765441394,0.226199582941474,0.37142590290099414,0.1853704935227311
gemma4_e2b,self_ask,zero_shot,capped,outcome,100,3.563034939666977,0.744166666666667,0.6364256854256853,0.656068875568875,0.2848987305740684,0.13736332764370032,0.21828958093013692,0.49672704879223367,0.26550581130613354,0.4284715699350929,0.21018198900495583
gemma4_e2b,self_ask,zero_shot,capped,union,100,3.563034939666977,0.7196019813519814,0.5855126090164453,0.6324663221878221,0.3018466873045538,0.1358911481277844,0.18946748922637574,0.4572351445534136,0.22956935690972696,0.3556033739881162,0.16613588476174065
gemma4_e2b,self_ask,zero_shot,uncapped,approach,100,3.316473041517893,0.6086525927775928,0.7457092352092348,0.6281328996964105,0.19222755243399609,0.10548151017622161,0.1563476305863362,0.4897748197527478,0.29325174859619874,0.4461784208338833,0.289830790247547
gemma4_e2b,self_ask,zero_shot,uncapped,challenge,100,3.316473041517893,0.45339754689754697,0.5608412698412699,0.46445904095904084,0.21363220630187435,0.08811256923707024,0.15996968674546358,0.4220026765441394,0.226199582941474,0.37142590290099414,0.21145621615553062
gemma4_e2b,self_ask,zero_shot,uncapped,outcome,100,3.316473041517893,0.6590505050505051,0.7375425685425688,0.6534941139871475,0.2489053262209008,0.12256975864564286,0.19139620028215973,0.49672704879223367,0.26550581130613354,0.4284715699350929,0.23707536965293305
gemma4_e2b,self_ask,zero_shot,uncapped,union,100,3.316473041517893,0.6405812688530536,0.7282482439936335,0.6676269663629995,0.2491552379044367,0.11759456902904253,0.16121751982301402,0.4572351445534136,0.22956935690972696,0.3556033739881162,0.1943858541651024
gemma4_e2b,self_ask_trace,one_shot,capped,approach,100,3.4951652142801324,0.6716666666666669,0.5947330447330448,0.6098509709244999,0.23086357375603586,0.12148294569225573,0.185005392289077,0.4897748197527478,0.29325174859619874,0.4461784208338833,0.26117302854480634
gemma4_e2b,self_ask_trace,one_shot,capped,challenge,100,3.4951652142801324,0.5325,0.44545634920634924,0.4573873903873902,0.24884989867397242,0.09707111483020904,0.18723948873917376,0.4220026765441394,0.226199582941474,0.37142590290099414,0.18418641416182047
gemma4_e2b,self_ask_trace,one_shot,capped,outcome,100,3.4951652142801324,0.75,0.5376161616161614,0.590041458541458,0.29778863555645124,0.13094483148850922,0.22428229265301958,0.49672704879223367,0.26550581130613354,0.4284715699350929,0.20418927728207314
gemma4_e2b,self_ask_trace,one_shot,capped,union,100,3.4951652142801324,0.7219999167499167,0.5451349734791314,0.6120157634175432,0.3094570217871131,0.13508770293041578,0.19455664959466407,0.4572351445534136,0.22956935690972696,0.3556033739881162,0.16104672439345222
gemma4_e2b,self_ask_trace,one_shot,uncapped,approach,100,4.2398083743511235,0.6176828201038728,0.6680097402597401,0.611585899738376,0.20160484841249718,0.10876281090716894,0.16185243747225106,0.4897748197527478,0.29325174859619874,0.4461784208338833,0.28432598336163223
gemma4_e2b,self_ask_trace,one_shot,uncapped,challenge,100,4.2398083743511235,0.4942052392052392,0.5138531746031747,0.4580993189816718,0.22493964667237573,0.09137981995011563,0.1698113618653535,0.4220026765441394,0.226199582941474,0.37142590290099414,0.20161454103564072
gemma4_e2b,self_ask_trace,one_shot,uncapped,outcome,100,4.2398083743511235,0.7182261904761905,0.6273715728715727,0.6307027256369355,0.276088469240921,0.12492926467247706,0.21267055008013003,0.49672704879223367,0.26550581130613354,0.4284715699350929,0.21580101985496256
gemma4_e2b,self_ask_trace,one_shot,uncapped,union,100,4.2398083743511235,0.6743155336720784,0.6382548447910206,0.6343444499565609,0.2709550894169483,0.12150919589975118,0.17479322885281476,0.4572351445534136,0.22956935690972696,0.3556033739881162,0.18081014513530158
gemma4_e2b,self_critique,one_shot,capped,approach,100,4.042443302478642,0.6598333333333334,0.5912640692640692,0.6010044677544674,0.22968996491425575,0.11943050285672527,0.1832571553041706,0.4897748197527478,0.29325174859619874,0.4461784208338833,0.26292126552971257
gemma4_e2b,self_critique,one_shot,capped,challenge,100,4.042443302478642,0.4524999999999999,0.4267896825396825,0.415751748251748,0.22957714446592786,0.08460967054220225,0.16903705258976415,0.4220026765441394,0.226199582941474,0.37142590290099414,0.20238885031123005
gemma4_e2b,self_critique,one_shot,capped,outcome,100,4.042443302478642,0.6183333333333332,0.531996753246753,0.5455670440670436,0.26455246283714123,0.12081513046791727,0.2031549858615339,0.49672704879223367,0.26550581130613354,0.4284715699350929,0.22531658407355884
gemma4_e2b,self_critique,one_shot,capped,union,100,4.042443302478642,0.69328108003108,0.5446389716178887,0.60071284749611,0.30177986986411703,0.13210999983667354,0.19180351545419275,0.4572351445534136,0.22956935690972696,0.3556033739881162,0.16379985853392356
gemma4_e2b,self_critique,one_shot,uncapped,approach,100,3.309685816632118,0.6427048784548784,0.6187463924963925,0.6032771162446082,0.2205511264436298,0.1164476293781328,0.17813036644139868,0.4897748197527478,0.29325174859619874,0.4461784208338833,0.2680480543924847
gemma4_e2b,self_critique,one_shot,uncapped,challenge,100,3.309685816632118,0.4681309523809523,0.488920634920635,0.44657340045575317,0.2280608959476196,0.08871986720657132,0.16570369321127365,0.4220026765441394,0.226199582941474,0.37142590290099414,0.20572220968972058
gemma4_e2b,self_critique,one_shot,uncapped,outcome,100,3.309685816632118,0.592642857142857,0.6420808080808078,0.5843112214582797,0.24178260761492598,0.11171183768043999,0.1837314856961755,0.49672704879223367,0.26550581130613354,0.4284715699350929,0.24474008423891735
gemma4_e2b,self_critique,one_shot,uncapped,union,100,3.309685816632118,0.6792968192797914,0.615968797818744,0.634644456089394,0.27842811236400083,0.12632807977674942,0.18029963505577434,0.4572351445534136,0.22956935690972696,0.3556033739881162,0.175303738932342
gemma4_e2b,self_critique,zero_shot,capped,approach,100,3.173493486122461,0.6456666666666667,0.630771645021645,0.6156580004962353,0.21752398835272221,0.11539257696738194,0.17313141712610264,0.4897748197527478,0.29325174859619874,0.4461784208338833,0.2730470037077806
gemma4_e2b,self_critique,zero_shot,capped,challenge,100,3.173493486122461,0.45250000000000007,0.444984126984127,0.42427239427239405,0.23436574089480028,0.08925686305246494,0.17246963768555668,0.4220026765441394,0.226199582941474,0.37142590290099414,0.19895626521543758
gemma4_e2b,self_critique,zero_shot,capped,outcome,100,3.173493486122461,0.6499999999999999,0.5837031024531024,0.5813832278832273,0.26881876181827363,0.12417273314756613,0.20354417744857892,0.49672704879223367,0.26550581130613354,0.4284715699350929,0.22492739248651375
gemma4_e2b,self_critique,zero_shot,capped,union,100,3.173493486122461,0.7007902652902654,0.5795453189685087,0.624494452069736,0.2976319756217829,0.13444611850073862,0.18875925879816483,0.4572351445534136,0.22956935690972696,0.3556033739881162,0.16684411518995163
gemma4_e2b,self_critique,zero_shot,uncapped,approach,100,3.608850315840682,0.5881108613608613,0.7166771284271282,0.6181863565055511,0.18972183700907264,0.10446941391271455,0.153208480858945,0.4897748197527478,0.29325174859619874,0.4461784208338833,0.2929699399749382
gemma4_e2b,self_critique,zero_shot,uncapped,challenge,100,3.608850315840682,0.4450800865800864,0.554579365079365,0.4579016326810442,0.20977084955525796,0.08563493832245372,0.1561640532126939,0.4220026765441394,0.226199582941474,0.37142590290099414,0.21526184968830045
gemma4_e2b,self_critique,zero_shot,uncapped,outcome,100,3.608850315840682,0.5921232933732933,0.7201096681096683,0.612371207911455,0.22941070377839412,0.11095969426870908,0.17722801200736174,0.49672704879223367,0.26550581130613354,0.4284715699350929,0.251243557927731
gemma4_e2b,self_critique,zero_shot,uncapped,union,100,3.608850315840682,0.6493127749186572,0.7065058552035601,0.6627617016994733,0.2551891953954057,0.11756986923336857,0.16517575970513598,0.4572351445534136,0.22956935690972696,0.3556033739881162,0.19042761428298036
gemma4_e2b,simulated_tool_augmented,one_shot,capped,approach,100,3.4553023619262966,0.6708333333333333,0.5751248196248198,0.5927208265590616,0.23987144400084315,0.12475658340819792,0.1912189284044781,0.4897748197527478,0.29325174859619874,0.4461784208338833,0.2549594924294052
gemma4_e2b,simulated_tool_augmented,one_shot,capped,challenge,100,3.4553023619262966,0.4574999999999999,0.3807857142857142,0.3877520257520255,0.23319357655218553,0.08650901061035432,0.17032896493603977,0.4220026765441394,0.226199582941474,0.37142590290099414,0.20109693796495443
gemma4_e2b,simulated_tool_augmented,one_shot,capped,outcome,100,3.4553023619262966,0.6749999999999998,0.521231240981241,0.5533666333666329,0.27065464487204793,0.117297333952455,0.2074495234029199,0.49672704879223367,0.26550581130613354,0.4284715699350929,0.22102204653217294
gemma4_e2b,simulated_tool_augmented,one_shot,capped,union,100,3.4553023619262966,0.708143939393939,0.5154768382146563,0.5844771701585416,0.31268897101274823,0.1345153948545432,0.19858961803736971,0.4572351445534136,0.22956935690972696,0.3556033739881162,0.15701375595074674
gemma4_e2b,simulated_tool_augmented,one_shot,uncapped,approach,100,4.050259047719883,0.6401556776556777,0.6099866522366522,0.5925350710745108,0.2228569626478098,0.11575357713858762,0.1790546870552671,0.4897748197527478,0.29325174859619874,0.4461784208338833,0.2671237337786163
gemma4_e2b,simulated_tool_augmented,one_shot,uncapped,challenge,100,4.050259047719883,0.445765873015873,0.41138492063492066,0.3928764568764567,0.22052013297110218,0.08188003978674718,0.1623493042994264,0.4220026765441394,0.226199582941474,0.37142590290099414,0.20907659860156777
gemma4_e2b,simulated_tool_augmented,one_shot,uncapped,outcome,100,4.050259047719883,0.6578992673992674,0.5830735930735931,0.5827054575858921,0.2511239309333176,0.11096163178954394,0.1944940584079704,0.49672704879223367,0.26550581130613354,0.4284715699350929,0.23397751152712246
gemma4_e2b,simulated_tool_augmented,one_shot,uncapped,union,100,4.050259047719883,0.6918933186696343,0.5720882197083064,0.6101202193072262,0.293824234204619,0.12767565754027013,0.18825252635242815,0.4572351445534136,0.22956935690972696,0.3556033739881162,0.16735084763568825
gemma4_e2b,simulated_tool_augmented,zero_shot,capped,approach,100,3.5331487185426522,0.6483333333333333,0.5873896103896101,0.5927293213322621,0.22357721896175442,0.11910288957401642,0.17729102588036408,0.4897748197527478,0.29325174859619874,0.4461784208338833,0.2688873949535191
gemma4_e2b,simulated_tool_augmented,zero_shot,capped,challenge,100,3.5331487185426522,0.5016666666666666,0.4594682539682539,0.45022866022866004,0.2458105019586073,0.09466412818952516,0.18443803248184626,0.4220026765441394,0.226199582941474,0.37142590290099414,0.18698787041914794
gemma4_e2b,simulated_tool_augmented,zero_shot,capped,outcome,100,3.5331487185426522,0.7275000000000001,0.6266479076479076,0.644469086469086,0.2788099504636573,0.1334653101075365,0.2131486703622269,0.49672704879223367,0.26550581130613354,0.4284715699350929,0.2153228995728659
gemma4_e2b,simulated_tool_augmented,zero_shot,capped,union,100,3.5331487185426522,0.6953784548784546,0.5721286494517581,0.6190836767928782,0.29693646410588026,0.13396903533853866,0.18697649515721249,0.4572351445534136,0.22956935690972696,0.3556033739881162,0.1686268788309039
gemma4_e2b,simulated_tool_augmented,zero_shot,uncapped,approach,100,3.4307999032340013,0.6102166074666076,0.7135288600288598,0.6180994793991694,0.1957507830378962,0.10654904113384847,0.15869320641610205,0.4897748197527478,0.29325174859619874,0.4461784208338833,0.28748521441778124
gemma4_e2b,simulated_tool_augmented,zero_shot,uncapped,challenge,100,3.4307999032340013,0.4717864357864358,0.5606904761904762,0.4724987757340697,0.21846270021089148,0.0879143051195574,0.16257393020927993,0.4220026765441394,0.226199582941474,0.37142590290099414,0.20885197269171424
gemma4_e2b,simulated_tool_augmented,zero_shot,uncapped,outcome,100,3.4307999032340013,0.6571717171717171,0.7074310966810967,0.6403253530095628,0.24676122573594333,0.1209502963599777,0.19100905607356958,0.49672704879223367,0.26550581130613354,0.4284715699350929,0.2374625138615233
gemma4_e2b,simulated_tool_augmented,zero_shot,uncapped,union,100,3.4307999032340013,0.6447726127321124,0.6986473326500752,0.6537215333414202,0.25748576540069446,0.1186096176118734,0.16595380713819968,0.4572351445534136,0.22956935690972696,0.3556033739881162,0.18964956684991668
gemma4_e2b,tool_augmented,one_shot,capped,approach,100,4.1988210909802,0.6181666666666665,0.5531886724386724,0.5577454489954488,0.21447655266195206,0.10745357994555534,0.1692143052361091,0.4897748197527478,0.29325174859619874,0.4461784208338833,0.27696411559777423
gemma4_e2b,tool_augmented,one_shot,capped,challenge,100,4.1988210909802,0.38833333333333336,0.394642857142857,0.36546653346653335,0.22130254883881162,0.08230497887497545,0.16426987160700599,0.4220026765441394,0.226199582941474,0.37142590290099414,0.20715603129398827
gemma4_e2b,tool_augmented,one_shot,capped,outcome,100,4.1988210909802,0.5366666666666667,0.42506457431457434,0.4487345987345986,0.24602967857342878,0.10360753137945973,0.1868757380291147,0.49672704879223367,0.26550581130613354,0.4284715699350929,0.24159583190597814
gemma4_e2b,tool_augmented,one_shot,capped,union,100,4.1988210909802,0.7080503940503938,0.5110481763771741,0.5831439622717891,0.30847510706548026,0.1327349194037467,0.19826400956160078,0.4572351445534136,0.22956935690972696,0.3556033739881162,0.1573393644265156
gemma4_e2b,tool_augmented,one_shot,uncapped,approach,100,3.6591703202039936,0.6194287656787655,0.5960039682539682,0.5726440893128197,0.2077955866300197,0.10505282811114311,0.16679529687296527,0.4897748197527478,0.29325174859619874,0.4461784208338833,0.27938312396091797
gemma4_e2b,tool_augmented,one_shot,uncapped,challenge,100,3.6591703202039936,0.4164134199134199,0.4449206349206349,0.3968478743478742,0.2192440521639452,0.08429501160490743,0.16247509414332775,0.4220026765441394,0.226199582941474,0.37142590290099414,0.20895080875766647
gemma4_e2b,tool_augmented,one_shot,uncapped,outcome,100,3.6591703202039936,0.5287049062049063,0.5284783549783552,0.4957518037518036,0.2311940878526887,0.10239350102652205,0.17724319293035876,0.49672704879223367,0.26550581130613354,0.4284715699350929,0.2512283770047339
gemma4_e2b,tool_augmented,one_shot,uncapped,union,100,3.6591703202039936,0.6951661618432722,0.571728277921507,0.6123139941430992,0.2882036821529392,0.12747352264465409,0.18803468228758774,0.4572351445534136,0.22956935690972696,0.3556033739881162,0.16756869170052865
gemma4_e2b,tool_augmented,zero_shot,capped,approach,100,3.3186501408845652,0.6290000000000001,0.5867564935064934,0.5813568457686101,0.21494947517347618,0.11417895607659434,0.17253174429641566,0.4897748197527478,0.29325174859619874,0.4461784208338833,0.2736466765374677
gemma4_e2b,tool_augmented,zero_shot,capped,challenge,100,3.3186501408845652,0.4491666666666667,0.44019047619047613,0.41637151737151723,0.22527459949747533,0.08900417206393856,0.16660783363949794,0.4220026765441394,0.226199582941474,0.37142590290099414,0.20481806926149637
gemma4_e2b,tool_augmented,zero_shot,capped,outcome,100,3.3186501408845652,0.5941666666666666,0.5334455266955266,0.5352764457764456,0.2548260096367329,0.1138944339457522,0.1943381863956671,0.49672704879223367,0.26550581130613354,0.4284715699350929,0.2341333835394257
gemma4_e2b,tool_augmented,zero_shot,capped,union,100,3.3186501408845652,0.709814185814186,0.5598267117094181,0.6115479518170385,0.295830591949207,0.13374402708732214,0.18942854738206485,0.4572351445534136,0.22956935690972696,0.3556033739881162,0.1661748266060516
gemma4_e2b,tool_augmented,zero_shot,uncapped,approach,100,3.4934240871609656,0.6128435143288086,0.6963950216450213,0.6173548726740268,0.19183532301206707,0.1027205014916462,0.15502231826233437,0.4897748197527478,0.29325174859619874,0.4461784208338833,0.291156102571549
gemma4_e2b,tool_augmented,zero_shot,uncapped,challenge,100,3.4934240871609656,0.42686507936507945,0.5002738095238096,0.4274305498423143,0.2093119626675017,0.08088344577371245,0.15287170818227297,0.4220026765441394,0.226199582941474,0.37142590290099414,0.2185541947187212
gemma4_e2b,tool_augmented,zero_shot,uncapped,outcome,100,3.4934240871609656,0.49829761904761904,0.5929271284271284,0.5086257174198348,0.20937168966093522,0.09412441109392125,0.16160798196342135,0.49672704879223367,0.26550581130613354,0.4284715699350929,0.26686358797167137
gemma4_e2b,tool_augmented,zero_shot,uncapped,union,100,3.4934240871609656,0.6541836561831849,0.6536156940082097,0.6408707346575003,0.2551762196422033,0.11660373510120779,0.16690421146909526,0.4572351445534136,0.22956935690972696,0.3556033739881162,0.1886991625190211
gemma4_e2b,vanilla,one_shot,capped,approach,100,3.744637809166452,0.6415000000000001,0.5874617604617604,0.5896708960973663,0.2336016647280943,0.12390890787921663,0.18573027952295829,0.4897748197527478,0.29325174859619874,0.4461784208338833,0.26044814131092503
gemma4_e2b,vanilla,one_shot,capped,challenge,100,3.744637809166452,0.4624999999999999,0.40489285714285717,0.40484221334221304,0.2356923270583617,0.08594519011136502,0.17319601254055064,0.4220026765441394,0.226199582941474,0.37142590290099414,0.1982298903604435
gemma4_e2b,vanilla,one_shot,capped,outcome,100,3.744637809166452,0.6825,0.5503344155844155,0.5780980130980127,0.2807350344361208,0.12529836321701798,0.21535236368073613,0.49672704879223367,0.26550581130613354,0.4284715699350929,0.21311920625435657
gemma4_e2b,vanilla,one_shot,capped,union,100,3.744637809166452,0.7153761516261516,0.5418854436700884,0.6065306806768731,0.31104115829740464,0.13721921529758105,0.19665598711497534,0.4572351445534136,0.22956935690972696,0.3556033739881162,0.1589473868731411
gemma4_e2b,vanilla,one_shot,uncapped,approach,100,3.875735015536193,0.6247203074703074,0.6369531024531022,0.6035670499950683,0.22122312987573714,0.11852024970188454,0.17869787144388727,0.4897748197527478,0.29325174859619874,0.4461784208338833,0.267480549389996
gemma4_e2b,vanilla,one_shot,uncapped,challenge,100,3.875735015536193,0.4789101731601733,0.48831349206349217,0.4503714209766839,0.22766228362040125,0.08764619110917843,0.16931042968823992,0.4220026765441394,0.226199582941474,0.37142590290099414,0.2021154732127542
gemma4_e2b,vanilla,one_shot,uncapped,outcome,100,3.875735015536193,0.6619522144522145,0.6617759740259739,0.6286134187449972,0.25157709300973785,0.11462186982180445,0.19288883549013053,0.49672704879223367,0.26550581130613354,0.4284715699350929,0.23558273444496222
gemma4_e2b,vanilla,one_shot,uncapped,union,100,3.875735015536193,0.6844066644140173,0.6305717042880691,0.6441331513500552,0.2794416114965726,0.12673493486651924,0.18028915925659558,0.4572351445534136,0.22956935690972696,0.3556033739881162,0.17531421473152073
gemma4_e2b,vanilla,zero_shot,capped,approach,100,2.922238770643016,0.6718333333333333,0.6237539682539682,0.6221534919329033,0.22850508389110818,0.12284758719834081,0.1825135869565224,0.4897748197527478,0.29325174859619874,0.4461784208338833,0.2636648338773609
gemma4_e2b,vanilla,zero_shot,capped,challenge,100,2.922238770643016,0.5133333333333333,0.4721746031746031,0.4629980019980019,0.24611865697364113,0.0958643516596669,0.1827058998592463,0.4220026765441394,0.226199582941474,0.37142590290099414,0.1887200030417479
gemma4_e2b,vanilla,zero_shot,capped,outcome,100,2.922238770643016,0.7416666666666668,0.6270050505050502,0.6503739038739031,0.2854560838559717,0.13860081791665493,0.219688454285084,0.49672704879223367,0.26550581130613354,0.4284715699350929,0.2087831156500088
gemma4_e2b,vanilla,zero_shot,capped,union,100,2.922238770643016,0.7130451492951494,0.5904519847851557,0.636181691895738,0.30066356717638226,0.13617163561083145,0.18856753386729125,0.4572351445534136,0.22956935690972696,0.3556033739881162,0.16703584012082515
gemma4_e2b,vanilla,zero_shot,uncapped,approach,100,3.2749195250030607,0.633364079547903,0.734158369408369,0.641131244997505,0.20143330429639456,0.10871288917997755,0.1614661011802081,0.4897748197527478,0.29325174859619874,0.4461784208338833,0.28471231965367516
gemma4_e2b,vanilla,zero_shot,uncapped,challenge,100,3.2749195250030607,0.4624801587301587,0.5255634920634921,0.45953832768538644,0.21282085151247826,0.08574510744229091,0.15928709156731855,0.4220026765441394,0.226199582941474,0.37142590290099414,0.21213881133367576
gemma4_e2b,vanilla,zero_shot,uncapped,outcome,100,3.2749195250030607,0.6751013708513709,0.7106060606060606,0.6554305416805414,0.25954240962757885,0.1288327273092389,0.201925430175472,0.49672704879223367,0.26550581130613354,0.4284715699350929,0.22654613975962093
gemma4_e2b,vanilla,zero_shot,uncapped,union,100,3.2749195250030607,0.6576801968637931,0.7010062130459389,0.6608683136843213,0.25594510488362854,0.11813440303628205,0.16516560805536304,0.4572351445534136,0.22956935690972696,0.3556033739881162,0.19043776593275333
qwen35_2b,chain_of_thought,one_shot,capped,approach,100,2.969885006006807,0.4170000000000001,0.43054292929292926,0.40688230233818445,0.21607097883637671,0.10466749748416854,0.16849206886924514,0.4897748197527478,0.29325174859619874,0.4461784208338833,0.27768635196463826
qwen35_2b,chain_of_thought,one_shot,capped,challenge,100,2.969885006006807,0.35916666666666663,0.33451984126984124,0.32827672327672325,0.2288321336989679,0.08360325087281216,0.16849002168676527,0.4220026765441394,0.226199582941474,0.37142590290099414,0.2029358812142288
qwen35_2b,chain_of_thought,one_shot,capped,outcome,100,2.969885006006807,0.5199999999999999,0.49348088023088027,0.4842319347319345,0.26129451277725063,0.11555292057997477,0.1946192857377823,0.49672704879223367,0.26550581130613354,0.4284715699350929,0.23385228419731063
qwen35_2b,chain_of_thought,one_shot,capped,union,100,2.969885006006807,0.6892593795093793,0.47728459295337416,0.5496646437128083,0.3412643335791298,0.14892775300699065,0.21593302467531023,0.4572351445534136,0.22956935690972696,0.3556033739881162,0.1396703493128062
qwen35_2b,chain_of_thought,one_shot,uncapped,approach,100,5.4660698612686245,0.2700211738822275,0.9476323953823952,0.3732262720995563,0.08005164511032348,0.044559224618022045,0.06602444322375535,0.4897748197527478,0.29325174859619874,0.4461784208338833,0.38015397761012787
qwen35_2b,chain_of_thought,one_shot,uncapped,challenge,100,5.4660698612686245,0.17696474371502638,0.8410833333333332,0.2453701405119814,0.07909447828791012,0.03581092220360164,0.06363902292284972,0.4220026765441394,0.226199582941474,0.37142590290099414,0.3077868799781446
qwen35_2b,chain_of_thought,one_shot,uncapped,outcome,100,5.4660698612686245,0.44906343247870095,0.8953279220779221,0.5059879671851031,0.16511222208443546,0.08838128747059387,0.12834709137374206,0.49672704879223367,0.26550581130613354,0.4284715699350929,0.30012447856135066
qwen35_2b,chain_of_thought,one_shot,uncapped,union,100,5.4660698612686245,0.4159488190753094,0.9813430009532951,0.5696967098394936,0.1458522702299626,0.07434877506031218,0.10128550714558213,0.4572351445534136,0.22956935690972696,0.3556033739881162,0.2543178668425343
qwen35_2b,chain_of_thought,zero_shot,capped,approach,100,2.287618019200163,0.49916666666666687,0.5154022366522366,0.486759196685667,0.21282955057373157,0.10725791237897253,0.1661734209102847,0.4897748197527478,0.29325174859619874,0.4461784208338833,0.28000499992359873
qwen35_2b,chain_of_thought,zero_shot,capped,challenge,100,2.287618019200163,0.4966666666666667,0.5184444444444443,0.4783716838716835,0.22957140831450487,0.08874470527598613,0.1700143256133034,0.4220026765441394,0.226199582941474,0.37142590290099414,0.20141157728769085
qwen35_2b,chain_of_thought,zero_shot,capped,outcome,100,2.287618019200163,0.6,0.5515090187590186,0.5456128871128868,0.2631231108325772,0.12652993625921305,0.20153544018652922,0.49672704879223367,0.26550581130613354,0.4284715699350929,0.2269361297485634
qwen35_2b,chain_of_thought,zero_shot,capped,union,100,2.287618019200163,0.6646278998778999,0.5735794109645909,0.6057105466604479,0.2985875468432461,0.13579041434987194,0.18721877634478357,0.4572351445534136,0.22956935690972696,0.3556033739881162,0.1683845976433328
qwen35_2b,chain_of_thought,zero_shot,uncapped,approach,100,3.915867937608855,0.2734165463717548,0.9538088023088023,0.3964122920260306,0.08507853885412235,0.047546279931898076,0.06922834197008863,0.4897748197527478,0.29325174859619874,0.4461784208338833,0.37695007886379456
qwen35_2b,chain_of_thought,zero_shot,uncapped,challenge,100,3.915867937608855,0.20011171734706998,0.7632420634920636,0.2762842743067241,0.09569130199770423,0.04075250131829038,0.07250453508665694,0.4220026765441394,0.226199582941474,0.37142590290099414,0.29892136781433737
qwen35_2b,chain_of_thought,zero_shot,uncapped,outcome,100,3.915867937608855,0.3736465652187397,0.9063924963924964,0.447985998003943,0.13307034194816705,0.06531546025283559,0.1056727523577902,0.49672704879223367,0.26550581130613354,0.4284715699350929,0.32279881757730267
qwen35_2b,chain_of_thought,zero_shot,uncapped,union,100,3.915867937608855,0.43835661381469637,0.9585580243200211,0.5853375247055691,0.15463312797163328,0.07832049231868109,0.10690898282256506,0.4572351445534136,0.22956935690972696,0.3556033739881162,0.2486943911655513
qwen35_2b,chain_of_thought_trace,one_shot,capped,approach,100,5.4348542389419165,0.4508333333333336,0.467238455988456,0.4407596717008479,0.21612811702660206,0.10692727897470894,0.16883233061982694,0.4897748197527478,0.29325174859619874,0.4461784208338833,0.2773460902140565
qwen35_2b,chain_of_thought_trace,one_shot,capped,challenge,100,5.4348542389419165,0.38583333333333336,0.3769880952380952,0.36014629814629795,0.22043961288808864,0.08444011125054873,0.16289513819518245,0.4220026765441394,0.226199582941474,0.37142590290099414,0.2085307647058117
qwen35_2b,chain_of_thought_trace,one_shot,capped,outcome,100,5.4348542389419165,0.45833333333333326,0.45951695526695524,0.43526418026418,0.25082166936121586,0.10654567846387288,0.1817188023109984,0.49672704879223367,0.26550581130613354,0.4284715699350929,0.2467527676240942
qwen35_2b,chain_of_thought_trace,one_shot,capped,union,100,5.4348542389419165,0.6834140859140859,0.4834833280978455,0.5538638820529173,0.3354776396812315,0.14642880783596549,0.2092240932052094,0.4572351445534136,0.22956935690972696,0.3556033739881162,0.14637928078290696
qwen35_2b,chain_of_thought_trace,one_shot,uncapped,approach,100,6.404429800639628,0.25374217461963333,0.9632341269841268,0.3704255168035758,0.0779512130252141,0.04379439407151403,0.06472388236336152,0.4897748197527478,0.29325174859619874,0.4461784208338833,0.3814545384705216
qwen35_2b,chain_of_thought_trace,one_shot,uncapped,challenge,100,6.404429800639628,0.18513178554738252,0.7819444444444444,0.25843093793455474,0.08375742527478235,0.03651675020032888,0.0656530814977773,0.4220026765441394,0.226199582941474,0.37142590290099414,0.3057728214032171
qwen35_2b,chain_of_thought_trace,one_shot,uncapped,outcome,100,6.404429800639628,0.2080416901830975,0.9582261904761904,0.3120138689255503,0.08158975537044519,0.04001781316586109,0.06518052945901459,0.49672704879223367,0.26550581130613354,0.4284715699350929,0.3632910404760783
qwen35_2b,chain_of_thought_trace,one_shot,uncapped,union,100,6.404429800639628,0.4135098186294357,0.9789219679958844,0.5677905849556363,0.14593257763806908,0.07436153488467451,0.1013311117165124,0.4572351445534136,0.22956935690972696,0.3556033739881162,0.254272262271604
qwen35_2b,contrastive_joint,one_shot,capped,approach,100,5.226221339615295,0.3499999999999999,0.37579689754689743,0.3472075049133872,0.21110560027862557,0.09956444402072648,0.1631894145986212,0.4897748197527478,0.29325174859619874,0.4461784208338833,0.28298900623526224
qwen35_2b,contrastive_joint,one_shot,capped,challenge,100,5.226221339615295,0.405,0.40065476190476185,0.38214202464202457,0.23197131022295497,0.08447441697946434,0.16859015016172438,0.4220026765441394,0.226199582941474,0.37142590290099414,0.2028357527392698
qwen35_2b,contrastive_joint,one_shot,capped,outcome,100,5.226221339615295,0.5308333333333333,0.5100126262626263,0.49768120768120755,0.2593149919226696,0.11572377879259241,0.1893560375903708,0.49672704879223367,0.26550581130613354,0.4284715699350929,0.23911553234472202
qwen35_2b,contrastive_joint,one_shot,capped,union,100,5.226221339615295,0.6802860472860472,0.47917001419072697,0.5493748358226258,0.3395141500994447,0.1472904804512255,0.21214108582774308,0.4572351445534136,0.22956935690972696,0.3556033739881162,0.1434622881603733
qwen35_2b,contrastive_joint,one_shot,uncapped,approach,100,4.830973155972315,0.2270690827309248,0.9712857142857143,0.3367163759050525,0.06765611734758709,0.03627821800790453,0.055216483146144225,0.4897748197527478,0.29325174859619874,0.4461784208338833,0.39096193768773896
qwen35_2b,contrastive_joint,one_shot,uncapped,challenge,100,4.830973155972315,0.17849234809707987,0.8760079365079365,0.25212459577436014,0.08200261139506024,0.03556927812444375,0.06459412201223866,0.4220026765441394,0.226199582941474,0.37142590290099414,0.3068317808887556
qwen35_2b,contrastive_joint,one_shot,uncapped,outcome,100,4.830973155972315,0.41075017160210053,0.873685064935065,0.4656489479143736,0.156962218479365,0.08069278678867059,0.12191217473832214,0.49672704879223367,0.26550581130613354,0.4284715699350929,0.30655939519677067
qwen35_2b,contrastive_joint,one_shot,uncapped,union,100,4.830973155972315,0.4133220274133142,0.9849007038712919,0.5681321746578902,0.14461030435747238,0.07343539271825578,0.10059800527033604,0.4572351445534136,0.22956935690972696,0.3556033739881162,0.25500536871778035
qwen35_2b,contrastive_joint,zero_shot,capped,approach,100,2.839367983391858,0.4908333333333335,0.5001360028860028,0.4774047929194986,0.2099268731829677,0.10334212855659498,0.16248751820146906,0.4897748197527478,0.29325174859619874,0.4461784208338833,0.2836909026324143
qwen35_2b,contrastive_joint,zero_shot,capped,challenge,100,2.839367983391858,0.47916666666666663,0.500015873015873,0.46036302586302547,0.23455443229093872,0.09296621960631711,0.1788505311511141,0.4220026765441394,0.226199582941474,0.37142590290099414,0.19257537174988001
qwen35_2b,contrastive_joint,zero_shot,capped,outcome,100,2.839367983391858,0.6391666666666665,0.58643759018759,0.5822225552225548,0.2701002845461107,0.12738877565667342,0.20533803823246438,0.49672704879223367,0.26550581130613354,0.4284715699350929,0.22313353170262828
qwen35_2b,contrastive_joint,zero_shot,capped,union,100,2.839367983391858,0.6674746087246085,0.5767507272214334,0.6088636336601684,0.2954592188448012,0.13388130647043292,0.18621165799481879,0.4572351445534136,0.22956935690972696,0.3556033739881162,0.16939171599329772
qwen35_2b,contrastive_joint,zero_shot,uncapped,approach,100,4.006000229328055,0.2778532766353088,0.9388769841269838,0.39797953569319,0.086714675719118,0.047994069366917504,0.07056553599957759,0.4897748197527478,0.29325174859619874,0.4461784208338833,0.3756128848343056
qwen35_2b,contrastive_joint,zero_shot,uncapped,challenge,100,4.006000229328055,0.24831117436965117,0.7604444444444447,0.319716904042803,0.11608873657736858,0.049623882214610573,0.08812436589335045,0.4220026765441394,0.226199582941474,0.37142590290099414,0.2833015370076437
qwen35_2b,contrastive_joint,zero_shot,uncapped,outcome,100,4.006000229328055,0.3955685456864709,0.8880274170274172,0.4660089926927672,0.14582954359150188,0.07368196825530662,0.11490748492801459,0.49672704879223367,0.26550581130613354,0.4284715699350929,0.3135640850070782
qwen35_2b,contrastive_joint,zero_shot,uncapped,union,100,4.006000229328055,0.4366964298717197,0.9485693667357751,0.5819409799919188,0.1550362330364049,0.07799010989266464,0.10644236190010015,0.4572351445534136,0.22956935690972696,0.3556033739881162,0.24916101208801622
qwen35_2b,explanation_based,one_shot,capped,approach,100,4.19535118772008,0.3783333333333332,0.38842388167388164,0.3682755757314579,0.21063401746903737,0.09994120913593953,0.16328121817456961,0.4897748197527478,0.29325174859619874,0.4461784208338833,0.28289720265931373
qwen35_2b,explanation_based,one_shot,capped,challenge,100,4.19535118772008,0.3525,0.3340436507936508,0.3270913530913531,0.18944387945058738,0.06950534259782926,0.1408216505135419,0.4220026765441394,0.226199582941474,0.37142590290099414,0.23060425238745225
qwen35_2b,explanation_based,one_shot,capped,outcome,100,4.19535118772008,0.3375,0.3192539682539683,0.3151545676545677,0.16093547957171972,0.0683774711295398,0.11765248338347463,0.49672704879223367,0.26550581130613354,0.4284715699350929,0.31081908655161816
qwen35_2b,explanation_based,one_shot,capped,union,100,4.19535118772008,0.7007578810078812,0.4389055729645983,0.5246781326002856,0.35701548706122,0.15277559147897934,0.2228273233900583,0.4572351445534136,0.22956935690972696,0.3556033739881162,0.13277605059805808
qwen35_2b,explanation_based,one_shot,uncapped,approach,100,7.310890619990532,0.22303360192842267,0.946686507936508,0.33525028445940436,0.06970241114280738,0.03907923988851556,0.05759428574639679,0.4897748197527478,0.29325174859619874,0.4461784208338833,0.38858413508748646
qwen35_2b,explanation_based,one_shot,uncapped,challenge,100,7.310890619990532,0.17415116294055066,0.7125992063492064,0.2383786146806511,0.08382899407181929,0.033369509760429635,0.06267155063189053,0.4220026765441394,0.226199582941474,0.37142590290099414,0.30875435226910375
qwen35_2b,explanation_based,one_shot,uncapped,outcome,100,7.310890619990532,0.43691934223345313,0.646582251082251,0.449409492113283,0.15443609099571837,0.07848278901814809,0.11982095023548421,0.49672704879223367,0.26550581130613354,0.4284715699350929,0.30865061969960833
qwen35_2b,explanation_based,one_shot,uncapped,union,100,7.310890619990532,0.41982836101706694,0.9792704579132598,0.5728284003623972,0.14755675132218796,0.0750760456865904,0.10245464739971483,0.4572351445534136,0.22956935690972696,0.3556033739881162,0.2531487265884016
qwen35_2b,explanation_based,zero_shot,capped,approach,100,1.2300678195175714,0.5458333333333334,0.5582279942279942,0.5296936037818386,0.2136201496886355,0.10856875747556248,0.16730914303284958,0.4897748197527478,0.29325174859619874,0.4461784208338833,0.27886927780103377
qwen35_2b,explanation_based,zero_shot,capped,challenge,100,1.2300678195175714,0.47416666666666674,0.49858730158730163,0.45641785991785944,0.22998359621120187,0.08568725242878777,0.16810921898983616,0.4220026765441394,0.226199582941474,0.37142590290099414,0.2033166839111581
qwen35_2b,explanation_based,zero_shot,capped,outcome,100,1.2300678195175714,0.6741666666666666,0.6419971139971138,0.625495282495282,0.2719776387902182,0.12924257570066774,0.20935358752154187,0.49672704879223367,0.26550581130613354,0.4284715699350929,0.21911798241355093
qwen35_2b,explanation_based,zero_shot,capped,union,100,1.2300678195175714,0.6833450160950159,0.607061800479101,0.6323923399282366,0.2924977958669179,0.13203998758660693,0.18309627148252577,0.4572351445534136,0.22956935690972696,0.3556033739881162,0.17250710250559073
qwen35_2b,explanation_based,zero_shot,uncapped,approach,100,3.558473773805308,0.31981782119875285,0.9180786435786434,0.4323230678020105,0.09866561263662078,0.05356720445633334,0.07974986892635742,0.4897748197527478,0.29325174859619874,0.4461784208338833,0.3664285519075257
qwen35_2b,explanation_based,zero_shot,uncapped,challenge,100,3.558473773805308,0.2799035661149289,0.7042976190476193,0.34712194629654114,0.13078928021767477,0.056615948273141446,0.09912276385384358,0.4220026765441394,0.226199582941474,0.37142590290099414,0.27230313904715064
qwen35_2b,explanation_based,zero_shot,uncapped,outcome,100,3.558473773805308,0.44590500647457887,0.8859163059163062,0.5080297657036794,0.16318733105690508,0.08569762152826765,0.12856883699156157,0.49672704879223367,0.26550581130613354,0.4284715699350929,0.29990273294353126
qwen35_2b,explanation_based,zero_shot,uncapped,union,100,3.558473773805308,0.45838786616822574,0.9288091703767433,0.5921913927176894,0.16393805389893729,0.08199793752060902,0.11148535665815515,0.4572351445534136,0.22956935690972696,0.3556033739881162,0.24411801732996125
qwen35_2b,least_to_most,one_shot,capped,approach,100,3.5964545133529464,0.4216666666666667,0.4363253968253967,0.4124102629396746,0.21653687222418566,0.10444165333490574,0.16905719595196317,0.4897748197527478,0.29325174859619874,0.4461784208338833,0.27712122488192015
qwen35_2b,least_to_most,one_shot,capped,challenge,100,3.5964545133529464,0.4425,0.43984920634920627,0.41987096237096216,0.23083210784181865,0.08607691807508551,0.17217885591350193,0.4220026765441394,0.226199582941474,0.37142590290099414,0.19924704698749232
qwen35_2b,least_to_most,one_shot,capped,outcome,100,3.5964545133529464,0.5033333333333333,0.48161111111111105,0.4741293151293149,0.21454061281065961,0.09995976186492422,0.16253383549104325,0.49672704879223367,0.26550581130613354,0.4284715699350929,0.2659377344440496
qwen35_2b,least_to_most,one_shot,capped,union,100,3.5964545133529464,0.68049284049284,0.508174429623935,0.5701931877354475,0.32765960448426695,0.1420012836135218,0.20384298104637488,0.4572351445534136,0.22956935690972696,0.3556033739881162,0.15176039294174157
qwen35_2b,least_to_most,one_shot,uncapped,approach,100,6.784738047949504,0.23214063446309233,0.9745595238095237,0.34786534090460086,0.06620842021627656,0.03550622997253042,0.0545693904085628,0.4897748197527478,0.29325174859619874,0.4461784208338833,0.39160903042532036
qwen35_2b,least_to_most,one_shot,uncapped,challenge,100,6.784738047949504,0.20184357891375054,0.7685833333333332,0.27248232260291044,0.09694567794122215,0.03924518903881133,0.07236886891659315,0.4220026765441394,0.226199582941474,0.37142590290099414,0.2990570339844011
qwen35_2b,least_to_most,one_shot,uncapped,outcome,100,6.784738047949504,0.4689486872188198,0.7778015873015873,0.5065975729417855,0.168166771355719,0.08890579049218272,0.13161391772045863,0.49672704879223367,0.26550581130613354,0.4284715699350929,0.296857652214634
qwen35_2b,least_to_most,one_shot,uncapped,union,100,6.784738047949504,0.4194074661749626,0.9786220807486287,0.5728118148518968,0.14695031499698802,0.07457768197370795,0.10224732446029325,0.4572351445534136,0.22956935690972696,0.3556033739881162,0.2533560495278231
qwen35_2b,least_to_most,zero_shot,capped,approach,100,3.3990100204385816,0.5123333333333334,0.531226911976912,0.500620097223038,0.20580391251456043,0.10350754325890503,0.15938149079017383,0.4897748197527478,0.29325174859619874,0.4461784208338833,0.2867969300437094
qwen35_2b,least_to_most,zero_shot,capped,challenge,100,3.3990100204385816,0.4825,0.5171825396825397,0.4699185814185811,0.22986703379756152,0.09083419975880734,0.16973435268154533,0.4220026765441394,0.226199582941474,0.37142590290099414,0.20169155021944887
qwen35_2b,least_to_most,zero_shot,capped,outcome,100,3.3990100204385816,0.5833333333333333,0.5572431457431456,0.5408962703962701,0.25197075197814056,0.12017219827147367,0.1927431553948384,0.49672704879223367,0.26550581130613354,0.4284715699350929,0.23572841454025426
qwen35_2b,least_to_most,zero_shot,capped,union,100,3.3990100204385816,0.6652945110445113,0.57208457643671,0.6029608352423622,0.29681635470912326,0.13237784616921114,0.18247290105966418,0.4572351445534136,0.22956935690972696,0.3556033739881162,0.1731304729284523
qwen35_2b,least_to_most,zero_shot,uncapped,approach,100,5.051616631754441,0.3052558508679906,0.9191111111111109,0.42614539848246247,0.09318243765192691,0.049754722873397224,0.07427147924634912,0.4897748197527478,0.29325174859619874,0.4461784208338833,0.3719069415875342
qwen35_2b,least_to_most,zero_shot,uncapped,challenge,100,5.051616631754441,0.2619078117227243,0.7137817460317463,0.32788613178892495,0.12312809837327647,0.051545026961527365,0.09313143024540739,0.4220026765441394,0.226199582941474,0.37142590290099414,0.27829447265558693
qwen35_2b,least_to_most,zero_shot,uncapped,outcome,100,5.051616631754441,0.4384941298576004,0.8863362193362195,0.5069843739690285,0.16594677314793585,0.0891466820637372,0.1310110576357127,0.49672704879223367,0.26550581130613354,0.4284715699350929,0.29746051229938
qwen35_2b,least_to_most,zero_shot,uncapped,union,100,5.051616631754441,0.4521481297603714,0.927634740689307,0.5892230704737108,0.16276799286546884,0.0807798125293453,0.11042823653333206,0.4572351445534136,0.22956935690972696,0.3556033739881162,0.24517513745478417
qwen35_2b,negative_aware,one_shot,capped,approach,100,4.139070357856108,0.4743333333333333,0.5018888888888888,0.46718854021795164,0.21452157026535063,0.10823490919801403,0.1692971107914295,0.4897748197527478,0.29325174859619874,0.4461784208338833,0.27688131004245387
qwen35_2b,negative_aware,one_shot,capped,challenge,100,4.139070357856108,0.45,0.47097619047619044,0.43402225552225526,0.22355723657835178,0.08513360461632075,0.16681309336582642,0.4220026765441394,0.226199582941474,0.37142590290099414,0.2046128095351678
qwen35_2b,negative_aware,one_shot,capped,outcome,100,4.139070357856108,0.6199999999999999,0.5500674603174601,0.5619642579642575,0.24789720777256652,0.11749891006562775,0.1893500867396598,0.49672704879223367,0.26550581130613354,0.4284715699350929,0.23912148319543292
qwen35_2b,negative_aware,one_shot,capped,union,100,4.139070357856108,0.68608189033189,0.5553674401027847,0.6032320602740446,0.3097302041019995,0.1400691703268678,0.19822991819254818,0.4572351445534136,0.22956935690972696,0.3556033739881162,0.15737345579556825
qwen35_2b,negative_aware,one_shot,uncapped,approach,100,5.70450357376365,0.32255609830290255,0.9309859307359306,0.4276505771919755,0.09755102731553271,0.05570850807692988,0.08036984006561416,0.4897748197527478,0.29325174859619874,0.4461784208338833,0.36580858076826905
qwen35_2b,negative_aware,one_shot,uncapped,challenge,100,5.70450357376365,0.2892130139125077,0.6952579365079364,0.33703851939610446,0.13353026625329972,0.05441292811019273,0.10087778225810289,0.4220026765441394,0.226199582941474,0.37142590290099414,0.27054812064289135
qwen35_2b,negative_aware,one_shot,uncapped,outcome,100,5.70450357376365,0.5417875739165222,0.8681464646464647,0.5773972385733693,0.19819363616334587,0.10355130291549729,0.15586599042239122,0.49672704879223367,0.26550581130613354,0.4284715699350929,0.27260557951270153
qwen35_2b,negative_aware,one_shot,uncapped,union,100,5.70450357376365,0.4536741797470609,0.9311852658304737,0.5878521564445741,0.1640402828604505,0.08111314100831318,0.11230023741030541,0.4572351445534136,0.22956935690972696,0.3556033739881162,0.2433031365778109
qwen35_2b,salience_inference,one_shot,capped,approach,100,3.558320575717953,0.4525000000000001,0.4593924963924963,0.4386887263063733,0.21769715506555617,0.10699688760531786,0.16980049921410398,0.4897748197527478,0.29325174859619874,0.4461784208338833,0.27637792161977937
qwen35_2b,salience_inference,one_shot,capped,challenge,100,3.558320575717953,0.415,0.39639285714285705,0.3863851703851703,0.21768008448074716,0.08112969864075381,0.15797882434589436,0.4220026765441394,0.226199582941474,0.37142590290099414,0.21344707855509998
qwen35_2b,salience_inference,one_shot,capped,outcome,100,3.558320575717953,0.6208333333333332,0.5531269841269841,0.5634014874014871,0.2551728668994825,0.12368956594993412,0.19540969356562107,0.49672704879223367,0.26550581130613354,0.4284715699350929,0.23306187636947173
qwen35_2b,salience_inference,one_shot,capped,union,100,3.558320575717953,0.6916462981462977,0.5234229755116483,0.5847962444089385,0.3240488128122043,0.14367501077764278,0.20383485909674917,0.4572351445534136,0.22956935690972696,0.3556033739881162,0.1517685148913671
qwen35_2b,salience_inference,one_shot,uncapped,approach,100,4.2918429177696815,0.3089958059092935,0.8717994227994224,0.38586944098641696,0.09957133734862361,0.05381846864605901,0.08027902867159947,0.4897748197527478,0.29325174859619874,0.4461784208338833,0.3658993921622839
qwen35_2b,salience_inference,one_shot,uncapped,challenge,100,4.2918429177696815,0.20810934523139804,0.5246706349206349,0.22779759189360538,0.09510362463523796,0.037960855979628325,0.07256236665872334,0.4220026765441394,0.226199582941474,0.37142590290099414,0.2988635362422709
qwen35_2b,salience_inference,one_shot,uncapped,outcome,100,4.2918429177696815,0.5382458254506208,0.7699202741702743,0.5399282497905709,0.20134890679994666,0.10008743439976665,0.15553417309384499,0.49672704879223367,0.26550581130613354,0.4284715699350929,0.27293739684124774
qwen35_2b,salience_inference,one_shot,uncapped,union,100,4.2918429177696815,0.4398812569704286,0.8823863071912605,0.5569219110279421,0.1686538371407338,0.08125541364547605,0.11228654462433027,0.4572351445534136,0.22956935690972696,0.3556033739881162,0.24331682936378615
qwen35_2b,salience_inference,zero_shot,capped,approach,100,3.259442524497863,0.4891666666666668,0.5024653679653679,0.4760285025432083,0.21089447818401064,0.10424714469694209,0.16475249796225655,0.4897748197527478,0.29325174859619874,0.4461784208338833,0.28142592287162665
qwen35_2b,salience_inference,zero_shot,capped,challenge,100,3.259442524497863,0.4683333333333334,0.4831428571428571,0.44796914196914167,0.22900379421334555,0.0875110015146264,0.16714756042422405,0.4220026765441394,0.226199582941474,0.37142590290099414,0.20427834247677015
qwen35_2b,salience_inference,zero_shot,capped,outcome,100,3.259442524497863,0.6266666666666666,0.5591042568542568,0.5633971583971581,0.2748016009148152,0.13016427584567467,0.2090612077436641,0.49672704879223367,0.26550581130613354,0.4284715699350929,0.2194103621914285
qwen35_2b,salience_inference,zero_shot,capped,union,100,3.259442524497863,0.6517731990231991,0.5540812910504491,0.5890921405290509,0.2984901125928424,0.13326899190370387,0.18311494598160838,0.4572351445534136,0.22956935690972696,0.3556033739881162,0.17248842800650802
qwen35_2b,salience_inference,zero_shot,uncapped,approach,100,3.5756153481197543,0.34490174096395726,0.86551948051948,0.4396084747185616,0.10754423783554558,0.05706903758430628,0.08739851558030619,0.4897748197527478,0.29325174859619874,0.4461784208338833,0.358779905253577
qwen35_2b,salience_inference,zero_shot,uncapped,challenge,100,3.5756153481197543,0.2706484851559744,0.6650238095238095,0.3208123939037238,0.13328296648899327,0.05496350793384705,0.09978301559258361,0.4220026765441394,0.226199582941474,0.37142590290099414,0.27164288730841074
qwen35_2b,salience_inference,zero_shot,uncapped,outcome,100,3.5756153481197543,0.47866463715947605,0.8587366522366524,0.5148450769300487,0.17677889170187502,0.09219755965802756,0.14167778027982672,0.49672704879223367,0.26550581130613354,0.4284715699350929,0.286793789655266
qwen35_2b,salience_inference,zero_shot,uncapped,union,100,3.5756153481197543,0.4639576883674695,0.8917993364135001,0.5862291428821996,0.1710965691034926,0.08331415063253375,0.11513022528912596,0.4572351445534136,0.22956935690972696,0.3556033739881162,0.2404731486989904
qwen35_2b,salience_inference_trace,one_shot,capped,approach,100,4.453203786762315,0.4403333333333334,0.4642810245310243,0.4333582708141531,0.21570392379716685,0.10307416240949323,0.16626777744439475,0.4897748197527478,0.29325174859619874,0.4461784208338833,0.2799106433894886
qwen35_2b,salience_inference_trace,one_shot,capped,challenge,100,4.453203786762315,0.42833333333333334,0.42177380952380944,0.402051837051837,0.22835978947980745,0.08262474806936851,0.163371892137561,0.4220026765441394,0.226199582941474,0.37142590290099414,0.2080540107634332
qwen35_2b,salience_inference_trace,one_shot,capped,outcome,100,4.453203786762315,0.6558333333333333,0.5232817460317459,0.5573473748473745,0.27319123364638,0.12106745179069658,0.20680996934167653,0.49672704879223367,0.26550581130613354,0.4284715699350929,0.22166160059341622
qwen35_2b,salience_inference_trace,one_shot,capped,union,100,4.453203786762315,0.6642049617049615,0.5289400237088857,0.5785983251282165,0.31766984895507916,0.13860898824328363,0.1968234364888558,0.4572351445534136,0.22956935690972696,0.3556033739881162,0.15877993749926048
qwen35_2b,salience_inference_trace,one_shot,uncapped,approach,100,4.904572763073374,0.31653567922722625,0.8878362193362193,0.3955986516778664,0.09638784974148713,0.05311287975487407,0.080257329445812,0.4897748197527478,0.29325174859619874,0.4461784208338833,0.3659210913880713
qwen35_2b,salience_inference_trace,one_shot,uncapped,challenge,100,4.904572763073374,0.26399909329523913,0.6266666666666666,0.28526022355998515,0.1313583557572502,0.0516018995462538,0.09519370460523842,0.4220026765441394,0.226199582941474,0.37142590290099414,0.2762321982957559
qwen35_2b,salience_inference_trace,one_shot,uncapped,outcome,100,4.904572763073374,0.5612698331170884,0.5750194805194804,0.5010034768765963,0.21408613520790276,0.09558057347508843,0.16228125504014485,0.49672704879223367,0.26550581130613354,0.4284715699350929,0.2661903148949481
qwen35_2b,salience_inference_trace,one_shot,uncapped,union,100,4.904572763073374,0.4376098112632637,0.9182099896577449,0.5668122822399048,0.1610930103039203,0.07854532956973544,0.10909776445956881,0.4572351445534136,0.22956935690972696,0.3556033739881162,0.24650560952854758
qwen35_2b,scoring_based,one_shot,capped,approach,100,2.8406637539487565,0.44999999999999996,0.466933261183261,0.44063175223469314,0.21753447814380092,0.10723213074012759,0.17063015462330453,0.4897748197527478,0.29325174859619874,0.4461784208338833,0.27554826621057893
qwen35_2b,scoring_based,one_shot,capped,challenge,100,2.8406637539487565,0.395,0.3893253968253967,0.37254412254412245,0.2238279742697091,0.0807402628063887,0.16371563484982146,0.4220026765441394,0.226199582941474,0.37142590290099414,0.2077102680511728
qwen35_2b,scoring_based,one_shot,capped,outcome,100,2.8406637539487565,0.6091666666666666,0.5750883838383839,0.5646256521256517,0.2685273379471555,0.12607183787732978,0.20356928216832462,0.49672704879223367,0.26550581130613354,0.4284715699350929,0.22490228776676804
qwen35_2b,scoring_based,one_shot,capped,union,100,2.8406637539487565,0.6882989510489508,0.5192395650370475,0.5805250703012197,0.32648012263165505,0.14423107764621157,0.2076552295903722,0.4572351445534136,0.22956935690972696,0.3556033739881162,0.14794814439774423
qwen35_2b,scoring_based,one_shot,uncapped,approach,100,6.354150825102697,0.2513227443810456,0.9554671717171717,0.35669610303611465,0.07171462201931886,0.03953514688202062,0.06002483917792838,0.4897748197527478,0.29325174859619874,0.4461784208338833,0.38615358165595487
qwen35_2b,scoring_based,one_shot,uncapped,challenge,100,6.354150825102697,0.14011010499632234,0.8647857142857142,0.22041863683570984,0.0644382465753383,0.028419574020805072,0.04960160803674841,0.4220026765441394,0.226199582941474,0.37142590290099414,0.3218242948642459
qwen35_2b,scoring_based,one_shot,uncapped,outcome,100,6.354150825102697,0.4791078515480385,0.8709917027417029,0.5244151589026284,0.17737968594107476,0.09345084968370035,0.14074982089357785,0.49672704879223367,0.26550581130613354,0.4284715699350929,0.28772174904151476
qwen35_2b,scoring_based,one_shot,uncapped,union,100,6.354150825102697,0.4067129920847023,0.98372332509252,0.5640382327281426,0.14298669159725347,0.07334230043584306,0.09947784875190138,0.4572351445534136,0.22956935690972696,0.3556033739881162,0.256125525236215
qwen35_2b,scoring_based,zero_shot,capped,approach,100,2.6620825525093825,0.5100000000000001,0.5299733044733044,0.49940734592205155,0.21070394207796603,0.10609190707157405,0.1656296876141206,0.4897748197527478,0.29325174859619874,0.4461784208338833,0.28054873321976265
qwen35_2b,scoring_based,zero_shot,capped,challenge,100,2.6620825525093825,0.465,0.49640476190476185,0.45307853257853226,0.2183322776348415,0.08350907455652073,0.16068664486506823,0.4220026765441394,0.226199582941474,0.37142590290099414,0.21073925803592608
qwen35_2b,scoring_based,zero_shot,capped,outcome,100,2.6620825525093825,0.6191666666666666,0.6047709235209234,0.58057609057609,0.2697086635124637,0.1277152427811271,0.20585105807889978,0.49672704879223367,0.26550581130613354,0.4284715699350929,0.2226205118561929
qwen35_2b,scoring_based,zero_shot,capped,union,100,2.6620825525093825,0.668965478965479,0.5775117814836486,0.6104756862145302,0.29423697205696453,0.1339564359901957,0.18297046405138706,0.4572351445534136,0.22956935690972696,0.3556033739881162,0.1726329099367293
qwen35_2b,scoring_based,zero_shot,uncapped,approach,100,5.600203715687967,0.2567002820671021,0.9410386002886,0.3769535724505149,0.07824288683264385,0.04107089122199817,0.06295928903994566,0.4897748197527478,0.29325174859619874,0.4461784208338833,0.38321913179393763
qwen35_2b,scoring_based,zero_shot,uncapped,challenge,100,5.600203715687967,0.2023345766127542,0.792436507936508,0.28482561802891854,0.09297550698129246,0.04060190770830614,0.07010689917997204,0.4220026765441394,0.226199582941474,0.37142590290099414,0.30131900372102227
qwen35_2b,scoring_based,zero_shot,uncapped,outcome,100,5.600203715687967,0.4186824614593271,0.8974870129870134,0.48613524832140265,0.15244439910081675,0.07946933644913179,0.12053319039395649,0.49672704879223367,0.26550581130613354,0.4284715699350929,0.30793837954113606
qwen35_2b,scoring_based,zero_shot,uncapped,union,100,5.600203715687967,0.42887059217566714,0.9583815667196505,0.5765958267159966,0.15211158945180214,0.07653278641693032,0.10418581554623968,0.4572351445534136,0.22956935690972696,0.3556033739881162,0.2514175584418766
qwen35_2b,scoring_based_trace,one_shot,capped,approach,100,4.449143417716841,0.3991666666666667,0.41453968253968265,0.39100411353352504,0.21411573186233818,0.10306287993414104,0.16674028743699856,0.4897748197527478,0.29325174859619874,0.4461784208338833,0.27943813339688484
qwen35_2b,scoring_based_trace,one_shot,capped,challenge,100,4.449143417716841,0.39,0.39875793650793634,0.3732247197247196,0.22435769506935954,0.08529433402249104,0.16532938321297386,0.4220026765441394,0.226199582941474,0.37142590290099414,0.20609651968802037
qwen35_2b,scoring_based_trace,one_shot,capped,outcome,100,4.449143417716841,0.6208333333333332,0.5586951659451658,0.5640522810522808,0.27849613743782853,0.1281688728188892,0.21002834299778372,0.49672704879223367,0.26550581130613354,0.4284715699350929,0.21844322693730917
qwen35_2b,scoring_based_trace,one_shot,capped,union,100,4.449143417716841,0.6636757964257963,0.4992278477269728,0.5582185197502658,0.3246990023949738,0.14438323770675557,0.20484141235751058,0.4572351445534136,0.22956935690972696,0.3556033739881162,0.15076196163060582
qwen35_2b,scoring_based_trace,one_shot,uncapped,approach,100,6.053065070020384,0.21005544371957202,0.9683412698412697,0.3269232899141458,0.06339827348433762,0.034035806508985425,0.052158870198285544,0.4897748197527478,0.29325174859619874,0.4461784208338833,0.3940195506355976
qwen35_2b,scoring_based_trace,one_shot,uncapped,challenge,100,6.053065070020384,0.17098301941591842,0.8834404761904762,0.2525754640305283,0.08014565575524499,0.03723139217523726,0.06395788703994114,0.4220026765441394,0.226199582941474,0.37142590290099414,0.30746801586105327
qwen35_2b,scoring_based_trace,one_shot,uncapped,outcome,100,6.053065070020384,0.48822059200950746,0.7329401154401155,0.48204746212619143,0.18834253890824576,0.09593255851834101,0.14839884755514338,0.49672704879223367,0.26550581130613354,0.4284715699350929,0.2800727223799494
qwen35_2b,scoring_based_trace,one_shot,uncapped,union,100,6.053065070020384,0.4159983192084086,0.9816913262605986,0.5697347794846988,0.14612015471658776,0.07483993084964671,0.10187711153010566,0.4572351445534136,0.22956935690972696,0.3556033739881162,0.2537262624580107
qwen35_2b,self_ask,one_shot,capped,approach,100,4.852910729037249,0.4070000000000002,0.42471428571428566,0.39923385601326766,0.21414612741962102,0.10320062887440509,0.16805437610016674,0.4897748197527478,0.29325174859619874,0.4461784208338833,0.27812404473371655
qwen35_2b,self_ask,one_shot,capped,challenge,100,4.852910729037249,0.4075,0.3936825396825396,0.3804820734820734,0.22692532098997428,0.08179027098162989,0.1663665816280817,0.4220026765441394,0.226199582941474,0.37142590290099414,0.20505932127291251
qwen35_2b,self_ask,one_shot,capped,outcome,100,4.852910729037249,0.5641666666666666,0.5326316738816739,0.525813242313242,0.26189568251223977,0.11979469972782762,0.1976807090388655,0.49672704879223367,0.26550581130613354,0.4284715699350929,0.23079086089622727
qwen35_2b,self_ask,one_shot,capped,union,100,4.852910729037249,0.6968863358863353,0.5033057492136944,0.5726740333002222,0.33495104555863525,0.14680247195996052,0.21049396813696464,0.4572351445534136,0.22956935690972696,0.3556033739881162,0.14510940585115173
qwen35_2b,self_ask,one_shot,uncapped,approach,100,5.223224850322586,0.2732012930905528,0.9452045454545455,0.37998517916666,0.08510157293141468,0.04820518595454188,0.06991322005873085,0.4897748197527478,0.29325174859619874,0.4461784208338833,0.37626520077515246
qwen35_2b,self_ask,one_shot,uncapped,challenge,100,5.223224850322586,0.20125891852187588,0.8072738095238097,0.2697753557975116,0.09579894965843476,0.037981061353215814,0.07059303348389855,0.4220026765441394,0.226199582941474,0.37142590290099414,0.30083286941709575
qwen35_2b,self_ask,one_shot,uncapped,outcome,100,5.223224850322586,0.4853255532293185,0.8654588744588746,0.5268421851275575,0.1732298626315677,0.08832560084920324,0.13561516857543074,0.49672704879223367,0.26550581130613354,0.4284715699350929,0.29285640135966196
qwen35_2b,self_ask,one_shot,uncapped,union,100,5.223224850322586,0.4233433853581714,0.9712349839702781,0.5730450416028556,0.1495063739578611,0.07548466469202919,0.10376011683503064,0.4572351445534136,0.22956935690972696,0.3556033739881162,0.25184325715308575
qwen35_2b,self_ask,zero_shot,capped,approach,100,3.527147127162316,0.5075000000000002,0.5131522366522365,0.4908796873061577,0.21130577957839897,0.10644139130800095,0.16628261337494532,0.4897748197527478,0.29325174859619874,0.4461784208338833,0.2798958074589379
qwen35_2b,self_ask,zero_shot,capped,challenge,100,3.527147127162316,0.4691666666666666,0.47894444444444434,0.4471494616494613,0.22924093839168463,0.08810351541973396,0.16818149166370627,0.4220026765441394,0.226199582941474,0.37142590290099414,0.20324441123728795
qwen35_2b,self_ask,zero_shot,capped,outcome,100,3.527147127162316,0.6308333333333332,0.6003423520923519,0.5851525696525691,0.2761366961461553,0.13281044854565652,0.21015412804492456,0.49672704879223367,0.26550581130613354,0.4284715699350929,0.21831744189016805
qwen35_2b,self_ask,zero_shot,capped,union,100,3.527147127162316,0.6700277500277501,0.5815379195612573,0.6131031015808958,0.296724322616466,0.13514432769823284,0.18441177564226804,0.4572351445534136,0.22956935690972696,0.3556033739881162,0.17119159834584832
qwen35_2b,self_ask,zero_shot,uncapped,approach,100,4.44288627589005,0.2814422790848938,0.9474126984126983,0.40134829854084353,0.08432887169591734,0.04664430526507431,0.06956732996803293,0.4897748197527478,0.29325174859619874,0.4461784208338833,0.37661109086585026
qwen35_2b,self_ask,zero_shot,uncapped,challenge,100,4.44288627589005,0.27269567911627113,0.7111626984126989,0.3360611353695047,0.12687187594519864,0.05382757293577877,0.09624540797841241,0.4220026765441394,0.226199582941474,0.37142590290099414,0.27518049492258195
qwen35_2b,self_ask,zero_shot,uncapped,outcome,100,4.44288627589005,0.3794090935233254,0.9190036075036074,0.45551927802677644,0.14109960588703538,0.07186549341137495,0.11169799233788981,0.49672704879223367,0.26550581130613354,0.4284715699350929,0.3167735775972029
qwen35_2b,self_ask,zero_shot,uncapped,union,100,4.44288627589005,0.43771978568332115,0.9436374389714172,0.5822670368287579,0.15687994005787534,0.07876468503592855,0.10714798644961818,0.4572351445534136,0.22956935690972696,0.3556033739881162,0.24845538753849808
qwen35_2b,self_ask_trace,one_shot,capped,approach,100,4.775387577452929,0.4291666666666668,0.42293759018759025,0.4102197002344059,0.21305666187911712,0.1041438694108217,0.16828750912559223,0.4897748197527478,0.29325174859619874,0.4461784208338833,0.2778909117082911
qwen35_2b,self_ask_trace,one_shot,capped,challenge,100,4.775387577452929,0.36333333333333334,0.3543214285714285,0.3399594849594849,0.21983874149083932,0.07875279603384083,0.163574579924869,0.4220026765441394,0.226199582941474,0.37142590290099414,0.2078513229761252
qwen35_2b,self_ask_trace,one_shot,capped,outcome,100,4.775387577452929,0.7050000000000002,0.6202590187590186,0.6330162060162053,0.2797788695916915,0.13561763733617213,0.2147042694541844,0.49672704879223367,0.26550581130613354,0.4284715699350929,0.21376730048090833
qwen35_2b,self_ask_trace,one_shot,capped,union,100,4.775387577452929,0.7024852647352646,0.5089552170040964,0.5780792733886593,0.32841942483345193,0.14685358595778664,0.20905049560565922,0.4572351445534136,0.22956935690972696,0.3556033739881162,0.14655287838245712
qwen35_2b,self_ask_trace,one_shot,uncapped,approach,100,5.097813259772956,0.261656275823966,0.9519603174603174,0.37236150265411266,0.07948435332657504,0.04418101281334003,0.06564250402733854,0.4897748197527478,0.29325174859619874,0.4461784208338833,0.3805359168065446
qwen35_2b,self_ask_trace,one_shot,uncapped,challenge,100,5.097813259772956,0.20903768661104524,0.8072500000000002,0.28963259302155786,0.09680483064496054,0.04181043634306297,0.0749329177381719,0.4220026765441394,0.226199582941474,0.37142590290099414,0.2964929851628224
qwen35_2b,self_ask_trace,one_shot,uncapped,outcome,100,5.097813259772956,0.6560687121047469,0.8317222222222225,0.6498135278718928,0.23267910608712733,0.11934047796745664,0.1844564520569245,0.49672704879223367,0.26550581130613354,0.4284715699350929,0.24401511787816824
qwen35_2b,self_ask_trace,one_shot,uncapped,union,100,5.097813259772956,0.43169496952491976,0.9592974378992182,0.5769893382866055,0.1519854640100637,0.07619841016854621,0.10475421828907776,0.4572351445534136,0.22956935690972696,0.3556033739881162,0.2508491556990386
qwen35_2b,self_critique,one_shot,capped,approach,100,3.905429042678443,0.4066666666666668,0.41947546897546883,0.39627313372901596,0.21246816359880005,0.09977334696687108,0.16510420002499449,0.4897748197527478,0.29325174859619874,0.4461784208338833,0.28107422080888894
qwen35_2b,self_critique,one_shot,capped,challenge,100,3.905429042678443,0.45,0.46784920634920624,0.4325535020535019,0.22110080367631849,0.08928382125548003,0.16498596705696159,0.4220026765441394,0.226199582941474,0.37142590290099414,0.20643993584403256
qwen35_2b,self_critique,one_shot,capped,outcome,100,3.905429042678443,0.4716666666666666,0.44492171717171713,0.43860184260184226,0.20010185089708105,0.09051671879777015,0.1498058254782305,0.49672704879223367,0.26550581130613354,0.4284715699350929,0.2786657444568623
qwen35_2b,self_critique,one_shot,capped,union,100,3.905429042678443,0.6958819513819514,0.4982925359048156,0.5666652099645776,0.3342391276277283,0.14443308733647434,0.2070322884722632,0.4572351445534136,0.22956935690972696,0.3556033739881162,0.14857108551585332
qwen35_2b,self_critique,one_shot,uncapped,approach,100,5.5197773040417815,0.24459082421894388,0.9541129148629147,0.35309241425687565,0.0743523766054151,0.041711894243089985,0.06167446842962807,0.4897748197527478,0.29325174859619874,0.4461784208338833,0.38450395240425506
qwen35_2b,self_critique,one_shot,uncapped,challenge,100,5.5197773040417815,0.23985814532766345,0.7429444444444445,0.29887557754263244,0.11824606592285519,0.05056956378879399,0.08984501306061256,0.4220026765441394,0.226199582941474,0.37142590290099414,0.28158088984038177
qwen35_2b,self_critique,one_shot,uncapped,outcome,100,5.5197773040417815,0.47748208360513517,0.8275512265512266,0.5238929685372887,0.17634434159631812,0.09288707103167303,0.13836696885971914,0.49672704879223367,0.26550581130613354,0.4284715699350929,0.29010460107537367
qwen35_2b,self_critique,one_shot,uncapped,union,100,5.5197773040417815,0.4234026723085023,0.9665669616331382,0.5717380113200672,0.15011560468948176,0.07586025977457259,0.10385803202390101,0.4572351445534136,0.22956935690972696,0.3556033739881162,0.2517453419642155
qwen35_2b,self_critique,zero_shot,capped,approach,100,1.8728454383899225,0.5140000000000001,0.5330284992784992,0.5030786941816351,0.20573736787053667,0.10241647381901274,0.1615866765948479,0.4897748197527478,0.29325174859619874,0.4461784208338833,0.2845917442390354
qwen35_2b,self_critique,zero_shot,capped,challenge,100,1.8728454383899225,0.465,0.48873809523809525,0.4491102786102784,0.22324868543082446,0.0819833406325753,0.16197940952713313,0.4220026765441394,0.226199582941474,0.37142590290099414,0.20944649337386106
qwen35_2b,self_critique,zero_shot,capped,outcome,100,1.8728454383899225,0.6258333333333332,0.56568759018759,0.56935964035964,0.2550143355238896,0.12356272584176439,0.19422108956040263,0.49672704879223367,0.26550581130613354,0.4284715699350929,0.23425048037469012
qwen35_2b,self_critique,zero_shot,capped,union,100,1.8728454383899225,0.6540982350982353,0.5709402351679073,0.6006421141996992,0.2924026434595289,0.12988671452531286,0.17984543230919792,0.4572351445534136,0.22956935690972696,0.3556033739881162,0.17575794167891862
qwen35_2b,self_critique,zero_shot,uncapped,approach,100,4.1529203567514195,0.2916679475771592,0.9287297979797978,0.40992219151105713,0.09037383733402794,0.049124682026376904,0.07358843926323917,0.4897748197527478,0.29325174859619874,0.4461784208338833,0.3725899815706441
qwen35_2b,self_critique,zero_shot,uncapped,challenge,100,4.1529203567514195,0.2716354192998629,0.708420634920635,0.34106727127410835,0.12926682024729455,0.053710368972384265,0.09623469925250625,0.4220026765441394,0.226199582941474,0.37142590290099414,0.27519120364848804
qwen35_2b,self_critique,zero_shot,uncapped,outcome,100,4.1529203567514195,0.4265868762771624,0.8706298701298704,0.4951611552250042,0.15919579658392707,0.08407743392951719,0.12594681696796609,0.49672704879223367,0.26550581130613354,0.4284715699350929,0.3025247529671266
qwen35_2b,self_critique,zero_shot,uncapped,union,100,4.1529203567514195,0.443606153529921,0.9310242914979754,0.5838358961437605,0.1593915686574931,0.07909056643617168,0.10846046568193626,0.4572351445534136,0.22956935690972696,0.3556033739881162,0.24714290830618008
qwen35_2b,simulated_tool_augmented,one_shot,capped,approach,100,5.3092987622291545,0.3775,0.3940945165945166,0.3701279455838279,0.21300668130301564,0.10290691562646848,0.16779022817118291,0.4897748197527478,0.29325174859619874,0.4461784208338833,0.2783881926627005
qwen35_2b,simulated_tool_augmented,one_shot,capped,challenge,100,5.3092987622291545,0.385,0.3666031746031745,0.35647147297147286,0.2227208398797843,0.07823906777857316,0.16265923900733947,0.4220026765441394,0.226199582941474,0.37142590290099414,0.20876666389365475
qwen35_2b,simulated_tool_augmented,one_shot,capped,outcome,100,5.3092987622291545,0.5641666666666666,0.5346554834054834,0.5243702408702406,0.26886580842345165,0.12303054298507154,0.20232679065790127,0.49672704879223367,0.26550581130613354,0.4284715699350929,0.22614477927719145
qwen35_2b,simulated_tool_augmented,one_shot,capped,union,100,5.3092987622291545,0.6967531080031079,0.4888929353333883,0.5629381203258299,0.3401690422230629,0.14904542386017694,0.21661862178511768,0.4572351445534136,0.22956935690972696,0.3556033739881162,0.1389847522029987
qwen35_2b,simulated_tool_augmented,one_shot,uncapped,approach,100,6.431538622552762,0.23546018627046703,0.969829365079365,0.35038569039018463,0.07207535836473818,0.04003347526063124,0.05933790163150218,0.4897748197527478,0.29325174859619874,0.4461784208338833,0.386840519202381
qwen35_2b,simulated_tool_augmented,one_shot,uncapped,challenge,100,6.431538622552762,0.15048050181427308,0.8490238095238096,0.22880737838217527,0.06927301244833403,0.028972434418582705,0.05248100227253894,0.4220026765441394,0.226199582941474,0.37142590290099414,0.3189449006284553
qwen35_2b,simulated_tool_augmented,one_shot,uncapped,outcome,100,6.431538622552762,0.46303110952653176,0.8929639249639253,0.5225567083195541,0.17350122740783228,0.0931022578852575,0.13718663058691424,0.49672704879223367,0.26550581130613354,0.4284715699350929,0.2912849393481784
qwen35_2b,simulated_tool_augmented,one_shot,uncapped,union,100,6.431538622552762,0.4143306029340455,0.9817121440650852,0.5685216075449511,0.1457480505454487,0.07394051407983873,0.10063977074782836,0.4572351445534136,0.22956935690972696,0.3556033739881162,0.2549636032402881
qwen35_2b,simulated_tool_augmented,zero_shot,capped,approach,100,4.3079876950109615,0.48,0.4911637806637805,0.46610284486755044,0.20862258601266412,0.10278607991536406,0.1624981344730498,0.4897748197527478,0.29325174859619874,0.4461784208338833,0.28368028636083353
qwen35_2b,simulated_tool_augmented,zero_shot,capped,challenge,100,4.3079876950109615,0.4758333333333333,0.48937301587301585,0.4530866910866907,0.23301107649215047,0.09180493029159853,0.17377731788885525,0.4220026765441394,0.226199582941474,0.37142590290099414,0.19764858501213897
qwen35_2b,simulated_tool_augmented,zero_shot,capped,outcome,100,4.3079876950109615,0.6149999999999999,0.5968423520923519,0.5752398712398707,0.271946459691892,0.12878878574327046,0.20513515906510016,0.49672704879223367,0.26550581130613354,0.4284715699350929,0.22333641086999242
qwen35_2b,simulated_tool_augmented,zero_shot,capped,union,100,4.3079876950109615,0.6657870185370186,0.5703091970883399,0.604769530017764,0.2992400091044569,0.13497963893254586,0.18591940195203427,0.4572351445534136,0.22956935690972696,0.3556033739881162,0.16968397203608213
qwen35_2b,simulated_tool_augmented,zero_shot,uncapped,approach,100,5.190010467851534,0.29886518266296974,0.9139761904761902,0.4177788289922548,0.09299460362758427,0.05104228114310935,0.07509464216795875,0.4897748197527478,0.29325174859619874,0.4461784208338833,0.37108377866592446
qwen35_2b,simulated_tool_augmented,zero_shot,uncapped,challenge,100,5.190010467851534,0.2276476172831709,0.7404563492063495,0.2962142024538112,0.1074017402095376,0.04617527880824426,0.08135129308657575,0.4220026765441394,0.226199582941474,0.37142590290099414,0.29007460981441857
qwen35_2b,simulated_tool_augmented,zero_shot,uncapped,outcome,100,5.190010467851534,0.4066255002242478,0.8982536075036076,0.48303128062920764,0.1463925460361909,0.07388976074434644,0.11468298999317879,0.49672704879223367,0.26550581130613354,0.4284715699350929,0.31378857994191384
qwen35_2b,simulated_tool_augmented,zero_shot,uncapped,union,100,5.190010467851534,0.44557438612884986,0.9235815177684372,0.5849736708624507,0.16219911276327617,0.08018498904783888,0.11031499995181869,0.4572351445534136,0.22956935690972696,0.3556033739881162,0.24528837403629766
qwen35_2b,tool_augmented,one_shot,capped,approach,100,2.3294825849070913,0.5336666666666668,0.554628427128427,0.5227500946765651,0.20679820020759898,0.10445550903230555,0.16503401323051364,0.4897748197527478,0.29325174859619874,0.4461784208338833,0.2811444076033698
qwen35_2b,tool_augmented,one_shot,capped,challenge,100,2.3294825849070913,0.41,0.4139166666666666,0.3890157620157618,0.21945555641514577,0.08049691360112954,0.1557018562910101,0.4220026765441394,0.226199582941474,0.37142590290099414,0.21572404660998412
qwen35_2b,tool_augmented,one_shot,capped,outcome,100,2.3294825849070913,0.5041666666666667,0.46086219336219336,0.4580982350982349,0.2453161610172197,0.1029726373037661,0.1835753202280128,0.49672704879223367,0.26550581130613354,0.4284715699350929,0.24489624970707993
qwen35_2b,tool_augmented,one_shot,capped,union,100,2.3294825849070913,0.6735464257964259,0.5413404916022193,0.590185387770327,0.29775689181338233,0.13125030593141615,0.18829356238190403,0.4572351445534136,0.22956935690972696,0.3556033739881162,0.16730981160621222
qwen35_2b,tool_augmented,one_shot,uncapped,approach,100,5.546138745429926,0.39275991849368347,0.8640717893217892,0.47270750772947684,0.11822423283778974,0.06636990944445002,0.0963280782918867,0.4897748197527478,0.29325174859619874,0.4461784208338833,0.3498503425419965
qwen35_2b,tool_augmented,one_shot,uncapped,challenge,100,5.546138745429926,0.24426083184809694,0.7068650793650795,0.3004104324748737,0.12771528160286721,0.05301501038789309,0.09486478651414393,0.4220026765441394,0.226199582941474,0.37142590290099414,0.2765611163868505
qwen35_2b,tool_augmented,one_shot,uncapped,outcome,100,5.546138745429926,0.4524442888372966,0.7421699134199133,0.4903946173915393,0.17409366892648273,0.08002638647880264,0.1353055273580405,0.49672704879223367,0.26550581130613354,0.4284715699350929,0.2931660425770522
qwen35_2b,tool_augmented,one_shot,uncapped,union,100,5.546138745429926,0.477102938592053,0.8807205624482006,0.5896974975904019,0.1767716807295858,0.08717084017515601,0.1199734104315947,0.4572351445534136,0.22956935690972696,0.3556033739881162,0.23562996355652166
qwen35_2b,tool_augmented,zero_shot,capped,approach,100,2.085182456403272,0.5515000000000002,0.5797023809523811,0.5429445342239456,0.20175658813041775,0.10141816285338333,0.15639818490578614,0.4897748197527478,0.29325174859619874,0.4461784208338833,0.28978023592809726
qwen35_2b,tool_augmented,zero_shot,capped,challenge,100,2.085182456403272,0.43916666666666665,0.46385317460317455,0.42497513597513575,0.21194156490321275,0.07787154284045833,0.15115471171797618,0.4220026765441394,0.226199582941474,0.37142590290099414,0.22027119118301808
qwen35_2b,tool_augmented,zero_shot,capped,outcome,100,2.085182456403272,0.495,0.46573881673881695,0.45418770118770097,0.23841303437172545,0.103365714427248,0.17620434001380864,0.49672704879223367,0.26550581130613354,0.4284715699350929,0.25226722992128414
qwen35_2b,tool_augmented,zero_shot,capped,union,100,2.085182456403272,0.6531499611499609,0.5499121202808948,0.5884407638571681,0.28296239916357985,0.12413183729385693,0.17462628357638202,0.4572351445534136,0.22956935690972696,0.3556033739881162,0.18097709041173438
qwen35_2b,tool_augmented,zero_shot,uncapped,approach,100,4.362925870955805,0.35974159364783126,0.8633142135642131,0.468340738850146,0.10858609999863424,0.05692340492608297,0.0865395880187063,0.4897748197527478,0.29325174859619874,0.4461784208338833,0.35963883281517717
qwen35_2b,tool_augmented,zero_shot,uncapped,challenge,100,4.362925870955805,0.2867778474292458,0.5504007936507936,0.32843987587594875,0.14283257219294743,0.056486860689291214,0.10248680671132833,0.4220026765441394,0.226199582941474,0.37142590290099414,0.26893909618966594
qwen35_2b,tool_augmented,zero_shot,uncapped,outcome,100,4.362925870955805,0.37953845703354694,0.7938993506493505,0.46006817475599493,0.13935621152973904,0.06421019023115301,0.10962914320583333,0.49672704879223367,0.26550581130613354,0.4284715699350929,0.31884242672925955
qwen35_2b,tool_augmented,zero_shot,uncapped,union,100,4.362925870955805,0.5004694152983302,0.828168209155825,0.5983650521337457,0.1818635295453341,0.08558528697554735,0.12099304206709081,0.4572351445534136,0.22956935690972696,0.3556033739881162,0.23461033192102548
qwen35_2b,vanilla,one_shot,capped,approach,100,4.861626025824807,0.4016666666666667,0.4082849927849928,0.389307321763204,0.2118722116704426,0.09951382838897203,0.16484315785297401,0.4897748197527478,0.29325174859619874,0.4461784208338833,0.28133526298090944
qwen35_2b,vanilla,one_shot,capped,challenge,100,4.861626025824807,0.42666666666666664,0.4251825396825395,0.4053904983904982,0.21438772242233703,0.07955853303972686,0.16007839543875332,0.4220026765441394,0.226199582941474,0.37142590290099414,0.21134750746224104
qwen35_2b,vanilla,one_shot,capped,outcome,100,4.861626025824807,0.3091666666666667,0.2908928571428572,0.2877438672438673,0.1253644431232585,0.05672376351826514,0.09402548299583077,0.49672704879223367,0.26550581130613354,0.4284715699350929,0.334446086939262
qwen35_2b,vanilla,one_shot,capped,union,100,4.861626025824807,0.6765071040071037,0.4569066110580614,0.5343081516472253,0.3397259357286492,0.14438737832793616,0.21030965080959788,0.4572351445534136,0.22956935690972696,0.3556033739881162,0.14529372317851852
qwen35_2b,vanilla,one_shot,uncapped,approach,100,6.571523783432785,0.24570851841806665,0.969547619047619,0.35920657441181114,0.06938904263420524,0.03781763671310322,0.05735802784672722,0.4897748197527478,0.29325174859619874,0.4461784208338833,0.3888203929871562
qwen35_2b,vanilla,one_shot,uncapped,challenge,100,6.571523783432785,0.21105512874935792,0.7711111111111112,0.2861028271180687,0.10587242060009966,0.04220273826453509,0.07907300202740947,0.4220026765441394,0.226199582941474,0.37142590290099414,0.2923529008735848
qwen35_2b,vanilla,one_shot,uncapped,outcome,100,6.571523783432785,0.4620076213262766,0.7715472582972585,0.5028460928570199,0.17109921946915654,0.09125447183420735,0.13563281719863385,0.49672704879223367,0.26550581130613354,0.4284715699350929,0.2928387527364588
qwen35_2b,vanilla,one_shot,uncapped,union,100,6.571523783432785,0.42124364394039426,0.9635320243482006,0.5710352434121783,0.14787346821096517,0.07487974153470697,0.10261458277177611,0.4572351445534136,0.22956935690972696,0.3556033739881162,0.2529887912163402
qwen35_2b,vanilla,zero_shot,capped,approach,100,5.389811074940954,0.39166666666666655,0.38665043290043294,0.3753049711726181,0.15463244643748697,0.07863487823889131,0.11979663406052302,0.4897748197527478,0.29325174859619874,0.4461784208338833,0.32638178677336027
qwen35_2b,vanilla,zero_shot,capped,challenge,100,5.389811074940954,0.43,0.4480158730158729,0.41639416139416113,0.2024229808653269,0.08254012202231509,0.1525123356119074,0.4220026765441394,0.226199582941474,0.37142590290099414,0.21891356728908679
qwen35_2b,vanilla,zero_shot,capped,outcome,100,5.389811074940954,0.365,0.3254325396825397,0.33077217227217237,0.16810352515727417,0.08656016413902272,0.13034693073361975,0.49672704879223367,0.26550581130613354,0.4284715699350929,0.29812463920147286
qwen35_2b,vanilla,zero_shot,capped,union,100,5.389811074940954,0.6139671439671441,0.439570391533206,0.49624440384240853,0.29259733202783933,0.12276315606102146,0.17415638684858156,0.4572351445534136,0.22956935690972696,0.3556033739881162,0.1814469871395348
qwen35_2b,vanilla,zero_shot,uncapped,approach,100,6.0432020820083565,0.2819768201910471,0.8481349206349204,0.3959121366548034,0.08598791283452414,0.04556325655009432,0.06850693245796917,0.4897748197527478,0.29325174859619874,0.4461784208338833,0.377671488375914
qwen35_2b,vanilla,zero_shot,uncapped,challenge,100,6.0432020820083565,0.2711241456213762,0.6882857142857145,0.3312809060506751,0.12311619706394239,0.050159264344361236,0.09170664840974684,0.4220026765441394,0.226199582941474,0.37142590290099414,0.27971925449124746
qwen35_2b,vanilla,zero_shot,uncapped,outcome,100,6.0432020820083565,0.35475293925565304,0.735860028860029,0.4094985084948653,0.12909117575812476,0.06715143413808869,0.10122753540304016,0.49672704879223367,0.26550581130613354,0.4284715699350929,0.32724403453205264
qwen35_2b,vanilla,zero_shot,uncapped,union,100,6.0432020820083565,0.44872284769628096,0.8683246898010829,0.5611362246486697,0.1688536616790102,0.07862163995054045,0.1131161007858326,0.4572351445534136,0.22956935690972696,0.3556033739881162,0.24248727320228375
qwen35_4b,chain_of_thought,one_shot,capped,approach,100,3.093115905711893,0.6391666666666669,0.5983704906204906,0.5984870799135503,0.22813051862615968,0.11662535080413028,0.17922661570150972,0.4897748197527478,0.29325174859619874,0.4461784208338833,0.2669518051323738
qwen35_4b,chain_of_thought,one_shot,capped,challenge,100,3.093115905711893,0.5225,0.49044444444444446,0.47422882672882644,0.23584521681859996,0.08813089273198826,0.1699096856159424,0.4220026765441394,0.226199582941474,0.37142590290099414,0.2015162172850517
qwen35_4b,chain_of_thought,one_shot,capped,outcome,100,3.093115905711893,0.759166666666667,0.6665209235209233,0.6847918192918186,0.29459231792460017,0.14531308435867754,0.2273164599292268,0.49672704879223367,0.26550581130613354,0.4284715699350929,0.201155110005866
qwen35_4b,chain_of_thought,one_shot,capped,union,100,3.093115905711893,0.6851462426462424,0.5913583697079458,0.6260492453828644,0.2914278424776315,0.13014785808068896,0.18031305296802821,0.4572351445534136,0.22956935690972696,0.3556033739881162,0.17529032102008832
qwen35_4b,chain_of_thought,one_shot,uncapped,approach,100,3.5812468395149337,0.5988220723890061,0.7609577922077922,0.6357300862334445,0.18923744712039958,0.1014420648723188,0.1505035020218865,0.4897748197527478,0.29325174859619874,0.4461784208338833,0.2956749188119968
qwen35_4b,chain_of_thought,one_shot,uncapped,challenge,100,3.5812468395149337,0.47599516170104406,0.5912261904761905,0.480933043875688,0.20348821616434642,0.08131401227765458,0.14984797731709676,0.4220026765441394,0.226199582941474,0.37142590290099414,0.2215779255838974
qwen35_4b,chain_of_thought,one_shot,uncapped,outcome,100,3.5812468395149337,0.7362041847041847,0.8003044733044734,0.7354087593692853,0.2634629750970984,0.1335705910365662,0.20671345377587483,0.49672704879223367,0.26550581130613354,0.4284715699350929,0.22175811615921795
qwen35_4b,chain_of_thought,one_shot,uncapped,union,100,3.5812468395149337,0.6086124665492867,0.7557676418177321,0.6585334151256546,0.2309881408973296,0.10768646058260742,0.1499573207195594,0.4572351445534136,0.22956935690972696,0.3556033739881162,0.20564605326855692
qwen35_4b,chain_of_thought,zero_shot,capped,approach,100,2.1632240155513864,0.6263333333333335,0.6238113275613274,0.6034655263037612,0.2232728187617871,0.11702407251371177,0.17748583270125856,0.4897748197527478,0.29325174859619874,0.4461784208338833,0.26869258813262475
qwen35_4b,chain_of_thought,zero_shot,capped,challenge,100,2.1632240155513864,0.5516666666666667,0.4941071428571428,0.4872553002552999,0.24599967419690053,0.09664717773554496,0.18388163323389214,0.4220026765441394,0.226199582941474,0.37142590290099414,0.18754426966710205
qwen35_4b,chain_of_thought,zero_shot,capped,outcome,100,2.1632240155513864,0.7625000000000002,0.674449494949495,0.6901994671994668,0.2903954356957011,0.14173931242319127,0.22383808562037769,0.49672704879223367,0.26550581130613354,0.4284715699350929,0.2046334843147151
qwen35_4b,chain_of_thought,zero_shot,capped,union,100,2.1632240155513864,0.6900567210567212,0.6149969060082467,0.6403939839635564,0.2878749656450018,0.1304101989206838,0.1807713689185124,0.4572351445534136,0.22956935690972696,0.3556033739881162,0.17483200506960409
qwen35_4b,chain_of_thought,zero_shot,uncapped,approach,100,7.106782051669434,0.5020811875714958,0.8588272005772002,0.6009393907442935,0.1507147673619615,0.0823795373985684,0.1216624176835061,0.4897748197527478,0.29325174859619874,0.4461784208338833,0.3245160031503772
qwen35_4b,chain_of_thought,zero_shot,uncapped,challenge,100,7.106782051669434,0.4732104598617758,0.5895674603174604,0.46670796403209897,0.2008102207776462,0.08190248765446649,0.1498085781371413,0.4220026765441394,0.226199582941474,0.37142590290099414,0.2216173247638529
qwen35_4b,chain_of_thought,zero_shot,uncapped,outcome,100,7.106782051669434,0.6992381229881229,0.8353012265512266,0.7271338178729478,0.25197596895880237,0.12926558083201278,0.19901296436089183,0.49672704879223367,0.26550581130613354,0.4284715699350929,0.22945860557420097
qwen35_4b,chain_of_thought,zero_shot,uncapped,union,100,7.106782051669434,0.5636584830107918,0.8242382640747323,0.6534344604362587,0.2057330433216883,0.09820706199166805,0.13616259203357253,0.4572351445534136,0.22956935690972696,0.3556033739881162,0.21944078195454383
qwen35_4b,chain_of_thought_trace,one_shot,capped,approach,100,3.6422651818802114,0.6798333333333337,0.6393113275613274,0.6355730854113204,0.23678562960055521,0.12609352305165505,0.1884096193966996,0.4897748197527478,0.29325174859619874,0.4461784208338833,0.2577688014371837
qwen35_4b,chain_of_thought_trace,one_shot,capped,challenge,100,3.6422651818802114,0.545,0.48673809523809525,0.481372183372183,0.24578908411363126,0.09581381965347678,0.1810591828530817,0.4220026765441394,0.226199582941474,0.37142590290099414,0.19036672004791255
qwen35_4b,chain_of_thought_trace,one_shot,capped,outcome,100,3.6422651818802114,0.7816666666666667,0.6861875901875901,0.704514041514041,0.2933303852317066,0.14383615130043276,0.2277917520686838,0.49672704879223367,0.26550581130613354,0.4284715699350929,0.20067981786640893
qwen35_4b,chain_of_thought_trace,one_shot,capped,union,100,3.6422651818802114,0.7134535464535461,0.6107437117051299,0.6480938770855204,0.29427842457847236,0.13391501790879062,0.18617802778955503,0.4572351445534136,0.22956935690972696,0.3556033739881162,0.16942534619856134
qwen35_4b,chain_of_thought_trace,one_shot,uncapped,approach,100,4.390555464873323,0.5927394481275892,0.8289426406926407,0.6528551299039808,0.17779150002244215,0.09624394368743021,0.14313235594256501,0.4897748197527478,0.29325174859619874,0.4461784208338833,0.30304606489131825
qwen35_4b,chain_of_thought_trace,one_shot,uncapped,challenge,100,4.390555464873323,0.48576703851703856,0.5676031746031747,0.47673689047450624,0.20874391061670736,0.0842617154955302,0.1538604875042583,0.4220026765441394,0.226199582941474,0.37142590290099414,0.21756541539673588
qwen35_4b,chain_of_thought_trace,one_shot,uncapped,outcome,100,4.390555464873323,0.6439569405690093,0.8560512265512267,0.6989108049404237,0.2345957940551465,0.12283021341769125,0.1849612886564303,0.49672704879223367,0.26550581130613354,0.4284715699350929,0.24351028127866242
qwen35_4b,chain_of_thought_trace,one_shot,uncapped,union,100,4.390555464873323,0.6031822409252088,0.8000875759255922,0.6732155774021238,0.2216803754470328,0.10541434259180647,0.1453916489933714,0.4572351445534136,0.22956935690972696,0.3556033739881162,0.210211724994745
qwen35_4b,contrastive_joint,one_shot,capped,approach,100,3.0294108259328643,0.6625000000000003,0.5868982683982685,0.6001633203397907,0.2353317587730094,0.12105258065709668,0.18455652077589557,0.4897748197527478,0.29325174859619874,0.4461784208338833,0.26162190005798774
qwen35_4b,contrastive_joint,one_shot,capped,challenge,100,3.0294108259328643,0.5641666666666666,0.4998333333333334,0.4934919524919522,0.24501205497981288,0.09540846415123527,0.17959632030102676,0.4220026765441394,0.226199582941474,0.37142590290099414,0.1918295825999674
qwen35_4b,contrastive_joint,one_shot,capped,outcome,100,3.0294108259328643,0.7900000000000001,0.6739375901875901,0.7047045177045174,0.29768508620906514,0.1457775053906506,0.23007728637985156,0.49672704879223367,0.26550581130613354,0.4284715699350929,0.1983942835552412
qwen35_4b,contrastive_joint,one_shot,capped,union,100,3.0294108259328643,0.6987127872127872,0.5828693093616875,0.626675880269303,0.29489510939876346,0.1314380577955119,0.183443706468498,0.4572351445534136,0.22956935690972696,0.3556033739881162,0.17215966751961836
qwen35_4b,contrastive_joint,one_shot,uncapped,approach,100,3.6429316408874,0.6015700985536548,0.7359830447330444,0.6210907389567509,0.19024426910621695,0.10045732406437434,0.1505517827925057,0.4897748197527478,0.29325174859619874,0.4461784208338833,0.2956266380413775
qwen35_4b,contrastive_joint,one_shot,uncapped,challenge,100,3.6429316408874,0.5162190039569169,0.5836428571428571,0.49413624145032786,0.21558246789325416,0.08833016757594425,0.1620504718481223,0.4220026765441394,0.226199582941474,0.37142590290099414,0.20937543105287176
qwen35_4b,contrastive_joint,one_shot,uncapped,outcome,100,3.6429316408874,0.7573311688311687,0.7883759018759019,0.7444333458938718,0.27488330118415877,0.1408270389079973,0.2144578462644979,0.49672704879223367,0.26550581130613354,0.4284715699350929,0.21401372367059487
qwen35_4b,contrastive_joint,one_shot,uncapped,union,100,3.6429316408874,0.6167323868283991,0.7394241848361172,0.6525973761031423,0.23678252479761508,0.1083643658341968,0.15287060578884398,0.4572351445534136,0.22956935690972696,0.3556033739881162,0.20273276819927236
qwen35_4b,contrastive_joint,zero_shot,capped,approach,100,2.066829427338671,0.6725000000000004,0.6267683982683981,0.6296244392862037,0.23127760982363899,0.12078301485996289,0.18120268777846366,0.4897748197527478,0.29325174859619874,0.4461784208338833,0.2649757330554196
qwen35_4b,contrastive_joint,zero_shot,capped,challenge,100,2.066829427338671,0.5633333333333332,0.48059523809523796,0.4837228327228324,0.2516397627473822,0.09861174228895445,0.1887219111245342,0.4220026765441394,0.226199582941474,0.37142590290099414,0.18270399177646
qwen35_4b,contrastive_joint,zero_shot,capped,outcome,100,2.066829427338671,0.7600000000000001,0.6578542568542569,0.67940293040293,0.2937766530404483,0.1424169631577951,0.22670734647661597,0.49672704879223367,0.26550581130613354,0.4284715699350929,0.20176422345847683
qwen35_4b,contrastive_joint,zero_shot,capped,union,100,2.066829427338671,0.7035763680763677,0.6000101807452056,0.6382677143623302,0.2934096673651705,0.131253259001835,0.1852313244620984,0.4572351445534136,0.22956935690972696,0.3556033739881162,0.1703720495260181
qwen35_4b,contrastive_joint,zero_shot,uncapped,approach,100,2.7604371045168956,0.5755641324643355,0.8164520202020203,0.6399912603692713,0.1751779156193859,0.09495443408436735,0.1410934933782089,0.4897748197527478,0.29325174859619874,0.4461784208338833,0.3050849274556743
qwen35_4b,contrastive_joint,zero_shot,uncapped,challenge,100,2.7604371045168956,0.5072626678876678,0.5650396825396826,0.4790777685506785,0.21385622916383898,0.08513101598347346,0.1594938554773111,0.4220026765441394,0.226199582941474,0.37142590290099414,0.21193204742368302
qwen35_4b,contrastive_joint,zero_shot,uncapped,outcome,100,2.7604371045168956,0.7220644516302408,0.7987655122655124,0.7234528247399088,0.26168723065193816,0.13350828759240516,0.20636941395450192,0.49672704879223367,0.26550581130613354,0.4284715699350929,0.22210215598059094
qwen35_4b,contrastive_joint,zero_shot,uncapped,union,100,2.7604371045168956,0.5998119110615141,0.7787162814134306,0.6613973332008289,0.22363315368989312,0.10444714920706569,0.146527894186229,0.4572351445534136,0.22956935690972696,0.3556033739881162,0.2090754798018873
qwen35_4b,explanation_based,one_shot,capped,approach,100,2.9726593084121125,0.662166666666667,0.606712481962482,0.6124270451770448,0.23052308631227691,0.11652040997665077,0.18046532866382164,0.4897748197527478,0.29325174859619874,0.4461784208338833,0.26571309217006184
qwen35_4b,explanation_based,one_shot,capped,challenge,100,2.9726593084121125,0.5175000000000001,0.4861666666666667,0.4700554445554443,0.23701550911029656,0.08858970819947257,0.17148699929663436,0.4220026765441394,0.226199582941474,0.37142590290099414,0.19993890360435976
qwen35_4b,explanation_based,one_shot,capped,outcome,100,2.9726593084121125,0.7700000000000001,0.6709494949494949,0.6923163503163497,0.29301348982512904,0.1430231897861979,0.22573990745905634,0.49672704879223367,0.26550581130613354,0.4284715699350929,0.20273166247603633
qwen35_4b,explanation_based,one_shot,capped,union,100,2.9726593084121125,0.6891535686535684,0.5891840003896135,0.6266167213775125,0.2901384734941224,0.12811282681610692,0.17928134515635133,0.4572351445534136,0.22956935690972696,0.3556033739881162,0.17632202883176515
qwen35_4b,explanation_based,one_shot,uncapped,approach,100,3.525661879668478,0.59880840939508,0.7371060606060604,0.6259337001021137,0.19087561044040238,0.10000713636249667,0.151443757523461,0.4897748197527478,0.29325174859619874,0.4461784208338833,0.2947346633104223
qwen35_4b,explanation_based,one_shot,uncapped,challenge,100,3.525661879668478,0.45487338392601545,0.5831984126984127,0.46536923851861917,0.20126624670557303,0.07955365969210809,0.14579822424604807,0.4220026765441394,0.226199582941474,0.37142590290099414,0.22562767865494596
qwen35_4b,explanation_based,one_shot,uncapped,outcome,100,3.525661879668478,0.7193351370851369,0.8005425685425688,0.7279843504448763,0.2569768557960462,0.12935424382991118,0.20207516908667025,0.49672704879223367,0.26550581130613354,0.4284715699350929,0.2263964008484225
qwen35_4b,explanation_based,one_shot,uncapped,union,100,3.525661879668478,0.6041040721383333,0.7419835217410424,0.6503898090281859,0.23285101193000263,0.10690186654985728,0.1490889883885251,0.4572351445534136,0.22956935690972696,0.3556033739881162,0.2065143855995913
qwen35_4b,explanation_based,zero_shot,capped,approach,100,1.9957730495301076,0.6413333333333333,0.6147683982683981,0.608494180655945,0.2256945053821405,0.11839417721252221,0.17725512608321808,0.4897748197527478,0.29325174859619874,0.4461784208338833,0.2689232947506653
qwen35_4b,explanation_based,zero_shot,capped,challenge,100,1.9957730495301076,0.54,0.48685714285714277,0.4775806970806968,0.24668312084494917,0.09849118896104764,0.18255805218504434,0.4220026765441394,0.226199582941474,0.37142590290099414,0.18886785071594978
qwen35_4b,explanation_based,zero_shot,capped,outcome,100,1.9957730495301076,0.7708333333333336,0.6641042568542568,0.6879981684981682,0.29549627933022504,0.14452455106091905,0.22880255015621856,0.49672704879223367,0.26550581130613354,0.4284715699350929,0.19966901977887416
qwen35_4b,explanation_based,zero_shot,capped,union,100,1.9957730495301076,0.6905798368298365,0.5997510726362525,0.6321719983497592,0.28867447898977555,0.12994058023398408,0.17968978811576253,0.4572351445534136,0.22956935690972696,0.3556033739881162,0.17591358587235387
qwen35_4b,explanation_based,zero_shot,uncapped,approach,100,2.7730300688615532,0.5569106043477545,0.803170634920635,0.6242751051753599,0.171442498176937,0.09227877786590286,0.13710910280318198,0.4897748197527478,0.29325174859619874,0.4461784208338833,0.30906931803070126
qwen35_4b,explanation_based,zero_shot,uncapped,challenge,100,2.7730300688615532,0.4456764901764902,0.5813015873015872,0.4538441960516261,0.1920468075577217,0.07515970831446663,0.14056649131853183,0.4220026765441394,0.226199582941474,0.37142590290099414,0.23085941158246226
qwen35_4b,explanation_based,zero_shot,uncapped,outcome,100,2.7730300688615532,0.7194769397269397,0.8116940836940839,0.7287850190109911,0.259127231872552,0.13253399021261697,0.20573839574387506,0.49672704879223367,0.26550581130613354,0.4284715699350929,0.22273317419121783
qwen35_4b,explanation_based,zero_shot,uncapped,union,100,2.7730300688615532,0.5801918911915865,0.7792677927675739,0.6484997628960921,0.21759986408146723,0.10092507664489174,0.14187786699275717,0.4572351445534136,0.22956935690972696,0.3556033739881162,0.21372550699535928
qwen35_4b,least_to_most,one_shot,capped,approach,100,3.141852339421166,0.647666666666667,0.6071565656565656,0.605533042121277,0.22965662742936846,0.1183401777313801,0.18036818315605385,0.4897748197527478,0.29325174859619874,0.4461784208338833,0.2658102376778296
qwen35_4b,least_to_most,one_shot,capped,challenge,100,3.141852339421166,0.5425,0.5154047619047619,0.4984832944832941,0.24790586001845014,0.09737200428574724,0.18135464611196425,0.4220026765441394,0.226199582941474,0.37142590290099414,0.19007125678902986
qwen35_4b,least_to_most,one_shot,capped,outcome,100,3.141852339421166,0.7608333333333335,0.6795328282828282,0.6923581973581969,0.2922482058103147,0.14372483776325934,0.22478342470117268,0.49672704879223367,0.26550581130613354,0.4284715699350929,0.20368814523392004
qwen35_4b,least_to_most,one_shot,capped,union,100,3.141852339421166,0.6891869796869794,0.6015652981853852,0.6331902006649264,0.29079818920879386,0.1311228132247906,0.18140571193878066,0.4572351445534136,0.22956935690972696,0.3556033739881162,0.1741976620493357
qwen35_4b,least_to_most,one_shot,uncapped,approach,100,3.645523293913575,0.5904301964467311,0.7566147186147184,0.6209720675109232,0.18513811648405165,0.09882917729721577,0.1472461402349223,0.4897748197527478,0.29325174859619874,0.4461784208338833,0.2989322805989609
qwen35_4b,least_to_most,one_shot,uncapped,challenge,100,3.645523293913575,0.4772665945165944,0.6173928571428571,0.49118690155911215,0.19780067666681578,0.07881740008756935,0.1450557035816223,0.4220026765441394,0.226199582941474,0.37142590290099414,0.22637019931937186
qwen35_4b,least_to_most,one_shot,uncapped,outcome,100,3.645523293913575,0.7107279942279942,0.8012496392496395,0.7248414390495758,0.2592013140689622,0.13122612881870896,0.2035350756147835,0.49672704879223367,0.26550581130613354,0.4284715699350929,0.2249364943203092
qwen35_4b,least_to_most,one_shot,uncapped,union,100,3.645523293913575,0.5937126303151677,0.760291522134182,0.6484076284237135,0.2246869120309546,0.10470115932494756,0.145831930954642,0.4572351445534136,0.22956935690972696,0.3556033739881162,0.20977144303347434
qwen35_4b,least_to_most,zero_shot,capped,approach,100,2.1643995083181653,0.6333333333333334,0.619977994227994,0.606831327169562,0.22565446110731738,0.11874430380721625,0.17966196193675046,0.4897748197527478,0.29325174859619874,0.4461784208338833,0.2665164588971329
qwen35_4b,least_to_most,zero_shot,capped,challenge,100,2.1643995083181653,0.5433333333333333,0.5200833333333332,0.5006586191586189,0.24054253058111516,0.09314944386421525,0.1788591744378004,0.4220026765441394,0.226199582941474,0.37142590290099414,0.19256672846319378
qwen35_4b,least_to_most,zero_shot,capped,outcome,100,2.1643995083181653,0.7583333333333335,0.6528542568542568,0.6763791208791204,0.2935832195518283,0.14263167774992053,0.2262318391827035,0.49672704879223367,0.26550581130613354,0.4284715699350929,0.2022397307523893
qwen35_4b,least_to_most,zero_shot,capped,union,100,2.1643995083181653,0.6839138084138082,0.6097972943453995,0.6346895445575835,0.2867775214725055,0.12896257270238354,0.18067413770090124,0.4572351445534136,0.22956935690972696,0.3556033739881162,0.1749292362872152
qwen35_4b,least_to_most,zero_shot,uncapped,approach,100,3.974732028745348,0.5648297227505684,0.8046360028860026,0.6292294555771814,0.17225929727648637,0.0934016551325509,0.13819279247235067,0.4897748197527478,0.29325174859619874,0.4461784208338833,0.3079856283615324
qwen35_4b,least_to_most,zero_shot,uncapped,challenge,100,3.974732028745348,0.45752012810324766,0.6367182539682541,0.47870048474630494,0.19002631851495785,0.07867701163159083,0.1410219403736993,0.4220026765441394,0.226199582941474,0.37142590290099414,0.2304039625272949
qwen35_4b,least_to_most,zero_shot,uncapped,outcome,100,3.974732028745348,0.6944208291708291,0.7873488455988458,0.7028856771248073,0.25400615729225934,0.12975300466051268,0.19951245871905607,0.49672704879223367,0.26550581130613354,0.4284715699350929,0.22895911121603682
qwen35_4b,least_to_most,zero_shot,uncapped,union,100,3.974732028745348,0.5787730478995212,0.7822929087614942,0.6452175700257016,0.21682632571626112,0.1018259856759138,0.14272490029285934,0.4572351445534136,0.22956935690972696,0.3556033739881162,0.21287847369525703
qwen35_4b,negative_aware,one_shot,capped,approach,100,3.158527339986758,0.6500000000000002,0.6012240259740259,0.6035097598479947,0.22918968400678863,0.11545776188363126,0.1784200022536846,0.4897748197527478,0.29325174859619874,0.4461784208338833,0.2677584185801988
qwen35_4b,negative_aware,one_shot,capped,challenge,100,3.158527339986758,0.545,0.48066666666666663,0.47813480963480925,0.24390373056802794,0.09134908432923405,0.1770420883210203,0.4220026765441394,0.226199582941474,0.37142590290099414,0.19438381457997395
qwen35_4b,negative_aware,one_shot,capped,outcome,100,3.158527339986758,0.7708333333333335,0.6841875901875902,0.6982680097680094,0.2924522680253624,0.14258398888703544,0.22577033708957014,0.49672704879223367,0.26550581130613354,0.4284715699350929,0.20270123284552255
qwen35_4b,negative_aware,one_shot,capped,union,100,3.158527339986758,0.7019982239982238,0.5948575510821271,0.6353013030397096,0.2926208578197049,0.12892893536587133,0.18025255551013775,0.4572351445534136,0.22956935690972696,0.3556033739881162,0.1753508184779787
qwen35_4b,negative_aware,one_shot,uncapped,approach,100,3.6823156945744997,0.5999144961247902,0.7306302308802305,0.6228164788810356,0.19365982892388525,0.10057229646658988,0.15343913890446603,0.4897748197527478,0.29325174859619874,0.4461784208338833,0.2927392819294173
qwen35_4b,negative_aware,one_shot,uncapped,challenge,100,3.6823156945744997,0.4890511277155111,0.5580317460317459,0.4710590506672547,0.2124300757062686,0.08338166531602505,0.15551282171362704,0.4220026765441394,0.226199582941474,0.37142590290099414,0.21591308118736705
qwen35_4b,negative_aware,one_shot,uncapped,outcome,100,3.6823156945744997,0.7168782606282604,0.7998210678210681,0.7245790514543708,0.26164209729157606,0.13241364499407124,0.20534257372521825,0.49672704879223367,0.26550581130613354,0.4284715699350929,0.22312899620987445
qwen35_4b,negative_aware,one_shot,uncapped,union,100,3.6823156945744997,0.6135573553838766,0.7357828945388672,0.6491753157686705,0.23715989961931705,0.10658117566915554,0.15162096968253788,0.4572351445534136,0.22956935690972696,0.3556033739881162,0.20398240430557837
qwen35_4b,salience_inference,one_shot,capped,approach,100,3.1903074206167368,0.6786666666666672,0.5791129148629147,0.6009968283350634,0.23894621490597173,0.12284123722412808,0.185923414844378,0.4897748197527478,0.29325174859619874,0.4461784208338833,0.26025500598950524
qwen35_4b,salience_inference,one_shot,capped,challenge,100,3.1903074206167368,0.55,0.4583888888888889,0.4655603285603283,0.24781923408111362,0.09361151383359634,0.1795127732202287,0.4220026765441394,0.226199582941474,0.37142590290099414,0.1919131296807654
qwen35_4b,salience_inference,one_shot,capped,outcome,100,3.1903074206167368,0.7958333333333336,0.6665209235209234,0.7028892218892214,0.30013000683480046,0.14599475095623868,0.2333763900241781,0.49672704879223367,0.26550581130613354,0.4284715699350929,0.19509517991091457
qwen35_4b,salience_inference,one_shot,capped,union,100,3.1903074206167368,0.7054168054168051,0.5642512160686715,0.6175204504071512,0.30103123970007173,0.132803112041017,0.1859335013292128,0.4572351445534136,0.22956935690972696,0.3556033739881162,0.16966987265890357
qwen35_4b,salience_inference,one_shot,uncapped,approach,100,3.504774465330411,0.6560832816657625,0.6855386002886,0.6295432091069432,0.2109480281901739,0.10978568547744365,0.16669101261320088,0.4897748197527478,0.29325174859619874,0.4461784208338833,0.2794874082206824
qwen35_4b,salience_inference,one_shot,uncapped,challenge,100,3.504774465330411,0.5099768489768488,0.5207142857142856,0.4644137360747266,0.22255861441574884,0.08647589947075227,0.16007951114354071,0.4220026765441394,0.226199582941474,0.37142590290099414,0.21134639175745343
qwen35_4b,salience_inference,one_shot,uncapped,outcome,100,3.504774465330411,0.7773867243867244,0.7610036075036077,0.7429399926287794,0.28019108708535423,0.14042718005780316,0.2206245793398891,0.49672704879223367,0.26550581130613354,0.4284715699350929,0.20784699059520365
qwen35_4b,salience_inference,one_shot,uncapped,union,100,3.504774465330411,0.6440670211430478,0.6798284869192964,0.6406788312324929,0.25692171567656424,0.11447979063788774,0.16235972244588745,0.4572351445534136,0.22956935690972696,0.3556033739881162,0.1932436515422289
qwen35_4b,salience_inference,zero_shot,capped,approach,100,2.387077138145687,0.6413333333333335,0.5868398268398269,0.5904707596325242,0.22990488438857232,0.11942437025270233,0.1798891982703802,0.4897748197527478,0.29325174859619874,0.4461784208338833,0.26628922256350324
qwen35_4b,salience_inference,zero_shot,capped,challenge,100,2.387077138145687,0.5783333333333334,0.47709523809523796,0.4877081807081804,0.254552361560821,0.10030173762632832,0.18990901347849906,0.4220026765441394,0.226199582941474,0.37142590290099414,0.18151688942249514
qwen35_4b,salience_inference,zero_shot,capped,outcome,100,2.387077138145687,0.7758333333333336,0.6551042568542569,0.6872680097680096,0.29723328084043016,0.14432596437381923,0.22960760407018185,0.49672704879223367,0.26550581130613354,0.4284715699350929,0.19886396586491087
qwen35_4b,salience_inference,zero_shot,capped,union,100,2.387077138145687,0.7024415029415029,0.5821497203421757,0.6269926166778091,0.29662281145986097,0.13287114112164938,0.1858500418163886,0.4572351445534136,0.22956935690972696,0.3556033739881162,0.16975333217172778
qwen35_4b,salience_inference,zero_shot,uncapped,approach,100,2.718786753397435,0.5907939294690743,0.7506233766233764,0.6234928930078572,0.1850319046147946,0.09733308833808696,0.14576402771761124,0.4897748197527478,0.29325174859619874,0.4461784208338833,0.300414393116272
qwen35_4b,salience_inference,zero_shot,uncapped,challenge,100,2.718786753397435,0.5080652388547126,0.5413174603174603,0.4707240452358097,0.21567460221477497,0.08436235850823165,0.15766104178636614,0.4220026765441394,0.226199582941474,0.37142590290099414,0.213764861114628
qwen35_4b,salience_inference,zero_shot,uncapped,outcome,100,2.718786753397435,0.745242784992785,0.7797655122655123,0.7297285206642116,0.2670219019398276,0.1332054607561716,0.20932144698441568,0.49672704879223367,0.26550581130613354,0.4284715699350929,0.21915012295067704
qwen35_4b,salience_inference,zero_shot,uncapped,union,100,2.718786753397435,0.6158412567597764,0.7315321632440187,0.649350987928612,0.23558857806171096,0.10675733699190088,0.15226189201596518,0.4572351445534136,0.22956935690972696,0.3556033739881162,0.20334148197215107
qwen35_4b,salience_inference_trace,one_shot,capped,approach,100,3.90333943596459,0.6800000000000004,0.6288906926406925,0.6320204991087341,0.2369105717587642,0.12584278028575224,0.1883771368717829,0.4897748197527478,0.29325174859619874,0.4461784208338833,0.2578012839621004
qwen35_4b,salience_inference_trace,one_shot,capped,challenge,100,3.90333943596459,0.5341666666666667,0.45834920634920634,0.462716894216894,0.24991395464059948,0.09417883540721338,0.18462989131125596,0.4220026765441394,0.226199582941474,0.37142590290099414,0.18679601158973816
qwen35_4b,salience_inference_trace,one_shot,capped,outcome,100,3.90333943596459,0.7766666666666667,0.6526042568542567,0.6845400155400151,0.2994679097288076,0.14631681437144795,0.23045916382277432,0.49672704879223367,0.26550581130613354,0.4284715699350929,0.19801240611231846
qwen35_4b,salience_inference_trace,one_shot,capped,union,100,3.90333943596459,0.7066519591519591,0.5844710187548054,0.6317656884529195,0.299796693469829,0.13350514330886284,0.18639145781560576,0.4572351445534136,0.22956935690972696,0.3556033739881162,0.16921191617251072
qwen35_4b,salience_inference_trace,one_shot,uncapped,approach,100,4.240994603788713,0.6177093000421006,0.7832117604617602,0.6512343294304592,0.19181730627289484,0.10469978001646485,0.15344394566035477,0.4897748197527478,0.29325174859619874,0.4461784208338833,0.29273447517352846
qwen35_4b,salience_inference_trace,one_shot,uncapped,challenge,100,4.240994603788713,0.4990186202686202,0.5456031746031746,0.46953395623983846,0.21610069715379837,0.08490110817414545,0.15991138325240573,0.4220026765441394,0.226199582941474,0.37142590290099414,0.2115145196485884
qwen35_4b,salience_inference_trace,one_shot,uncapped,outcome,100,4.240994603788713,0.7779339826839826,0.7507536075036078,0.734027221189692,0.2819832001845617,0.14250298707434783,0.21972150091350082,0.49672704879223367,0.26550581130613354,0.4284715699350929,0.20875006902159193
qwen35_4b,salience_inference_trace,one_shot,uncapped,union,100,4.240994603788713,0.6349701061039693,0.7368741015344863,0.6652221711829855,0.24385184970393609,0.11131312766125445,0.1571745219110866,0.4572351445534136,0.22956935690972696,0.3556033739881162,0.19842885207702976
qwen35_4b,scoring_based,one_shot,capped,approach,100,3.0229009412392043,0.6478333333333337,0.602779220779221,0.6030687204951908,0.22706230716059894,0.11563024780965828,0.17739640912493232,0.4897748197527478,0.29325174859619874,0.4461784208338833,0.26878201170895105
qwen35_4b,scoring_based,one_shot,capped,challenge,100,3.0229009412392043,0.5216666666666666,0.48483333333333334,0.47415068265068244,0.23883353629288454,0.09007698504926737,0.1723883619836696,0.4220026765441394,0.226199582941474,0.37142590290099414,0.1990375409173245
qwen35_4b,scoring_based,one_shot,capped,outcome,100,3.0229009412392043,0.7541666666666668,0.6726875901875902,0.6848711843711839,0.2892098199675621,0.14084040200602124,0.2210484385442159,0.49672704879223367,0.26550581130613354,0.4284715699350929,0.20742313139087684
qwen35_4b,scoring_based,one_shot,capped,union,100,3.0229009412392043,0.685991425241425,0.5903387318810323,0.6253080059626367,0.2891877532213924,0.12844500976017142,0.17867575611040626,0.4572351445534136,0.22956935690972696,0.3556033739881162,0.17692761787771016
qwen35_4b,scoring_based,one_shot,uncapped,approach,100,3.6760011691611725,0.572052125671674,0.7658088023088021,0.6190295623981253,0.17867659322694604,0.09361301292602281,0.14236290299532464,0.4897748197527478,0.29325174859619874,0.4461784208338833,0.3038155178385587
qwen35_4b,scoring_based,one_shot,uncapped,challenge,100,3.6760011691611725,0.4403263802407637,0.5820595238095237,0.4567286197462667,0.1958756889817565,0.07724215903616292,0.14329297952202644,0.4220026765441394,0.226199582941474,0.37142590290099414,0.22813292337896773
qwen35_4b,scoring_based,one_shot,uncapped,outcome,100,3.6760011691611725,0.7195732323232322,0.8153726551226553,0.7378756680644548,0.25611212666670574,0.13039222069636477,0.20151333322589335,0.49672704879223367,0.26550581130613354,0.4284715699350929,0.22695823670919943
qwen35_4b,scoring_based,one_shot,uncapped,union,100,3.6760011691611725,0.5932217057346514,0.7562329099946878,0.6476563411217979,0.22612512866238613,0.10364100542564475,0.14470254134795327,0.4572351445534136,0.22956935690972696,0.3556033739881162,0.21090083264016304
qwen35_4b,scoring_based,zero_shot,capped,approach,100,2.1470595593552573,0.6306666666666669,0.6164985569985569,0.6032558079175722,0.22339765412397572,0.11582504875489513,0.17512301709329844,0.4897748197527478,0.29325174859619874,0.4461784208338833,0.27105540374058484
qwen35_4b,scoring_based,zero_shot,capped,challenge,100,2.1470595593552573,0.5191666666666667,0.5059285714285714,0.4828021978021975,0.23747652682425463,0.09066274878276126,0.17333438536359683,0.4220026765441394,0.226199582941474,0.37142590290099414,0.19809151753739734
qwen35_4b,scoring_based,zero_shot,capped,outcome,100,2.1470595593552573,0.7608333333333335,0.670699494949495,0.6875328005328001,0.2924872406853903,0.1427547723671508,0.22647132725382055,0.49672704879223367,0.26550581130613354,0.4284715699350929,0.20200024268127215
qwen35_4b,scoring_based,zero_shot,capped,union,100,2.1470595593552573,0.6858908313908312,0.6069690870349945,0.6341193488360822,0.2871567607404604,0.12925693424166668,0.179024149948689,0.4572351445534136,0.22956935690972696,0.3556033739881162,0.1765792240394274
qwen35_4b,scoring_based,zero_shot,uncapped,approach,100,2.917159614482662,0.5324282889934578,0.8436486291486289,0.6159162213781876,0.16200293383698297,0.08884636427874402,0.13080351865363748,0.4897748197527478,0.29325174859619874,0.4461784208338833,0.3153749021802458
qwen35_4b,scoring_based,zero_shot,uncapped,challenge,100,2.917159614482662,0.43181553985230453,0.6048611111111111,0.45206676149787606,0.18617562634805254,0.07481760922683477,0.1370280229051828,0.4220026765441394,0.226199582941474,0.37142590290099414,0.23439787999581138
qwen35_4b,scoring_based,zero_shot,uncapped,outcome,100,2.917159614482662,0.6865033599441493,0.8283012265512266,0.7176307741965631,0.24778154787251375,0.12641038091290285,0.1951210138120515,0.49672704879223367,0.26550581130613354,0.4284715699350929,0.23335055612304131
qwen35_4b,scoring_based,zero_shot,uncapped,union,100,2.917159614482662,0.5660984856210566,0.8123973739706843,0.6507719398845482,0.20886357889927087,0.09878972566470745,0.13677703702505684,0.4572351445534136,0.22956935690972696,0.3556033739881162,0.2188263369630596
qwen35_4b,scoring_based_trace,one_shot,capped,approach,100,3.5881541514769197,0.664666666666667,0.6300652958152957,0.6230446693829045,0.22956717340930444,0.11861313708144582,0.18075809524751058,0.4897748197527478,0.29325174859619874,0.4461784208338833,0.2654203255863727
qwen35_4b,scoring_based_trace,one_shot,capped,challenge,100,3.5881541514769197,0.5158333333333333,0.48437301587301584,0.47107875457875426,0.24241110420544415,0.09138797297912563,0.17443521354511837,0.4220026765441394,0.226199582941474,0.37142590290099414,0.1969906893558758
qwen35_4b,scoring_based_trace,one_shot,capped,outcome,100,3.5881541514769197,0.7641666666666667,0.6733661616161615,0.6906100011100006,0.29092871861653063,0.14179435776123625,0.22399599191297512,0.49672704879223367,0.26550581130613354,0.4284715699350929,0.2044755780221176
qwen35_4b,scoring_based_trace,one_shot,capped,union,100,3.5881541514769197,0.6984639527139523,0.6075430369498885,0.6405950935488882,0.2897526176670223,0.12935826138403472,0.18067988444587615,0.4572351445534136,0.22956935690972696,0.3556033739881162,0.17492348954224027
qwen35_4b,scoring_based_trace,one_shot,uncapped,approach,100,4.25815129415365,0.5642137271875459,0.8079621212121212,0.627669120960041,0.17292424291627767,0.0914492525154983,0.1386709077760122,0.4897748197527478,0.29325174859619874,0.4461784208338833,0.3075075130578712
qwen35_4b,scoring_based_trace,one_shot,uncapped,challenge,100,4.25815129415365,0.4314618975795446,0.6036269841269841,0.4574059453618277,0.19249019190980415,0.07723586772900483,0.1426951452035075,0.4220026765441394,0.226199582941474,0.37142590290099414,0.22873075769748663
qwen35_4b,scoring_based_trace,one_shot,uncapped,outcome,100,4.25815129415365,0.7410476467976469,0.7915274170274174,0.7353595571095565,0.26308515860943604,0.13110896286987414,0.20651746221385603,0.49672704879223367,0.26550581130613354,0.4284715699350929,0.22195410772123672
qwen35_4b,scoring_based_trace,one_shot,uncapped,union,100,4.25815129415365,0.5966249532477318,0.7708321079673377,0.6548383169057785,0.2251719163494984,0.10430730933164414,0.1474083894329447,0.4572351445534136,0.22956935690972696,0.3556033739881162,0.2081949845551716
qwen35_4b,self_ask,one_shot,capped,approach,100,3.08051062517683,0.649666666666667,0.6114621212121212,0.6086979050361401,0.22877278215959723,0.11849742848491035,0.1803713741135266,0.4897748197527478,0.29325174859619874,0.4461784208338833,0.2658070467203568
qwen35_4b,self_ask,one_shot,capped,challenge,100,3.08051062517683,0.525,0.4998333333333334,0.47980147630147596,0.23973254893356902,0.0899960647648123,0.1717594597321762,0.4220026765441394,0.226199582941474,0.37142590290099414,0.1996664431688179
qwen35_4b,self_ask,one_shot,capped,outcome,100,3.08051062517683,0.7458333333333335,0.6721161616161615,0.6817788322788318,0.2889180353271354,0.14048362323322916,0.22039135721368264,0.49672704879223367,0.26550581130613354,0.4284715699350929,0.20808021272140997
qwen35_4b,self_ask,one_shot,capped,union,100,3.08051062517683,0.6842516372516373,0.5952436196918801,0.6273623923337742,0.28943210193512575,0.12941271707190155,0.17892403172767768,0.4572351445534136,0.22956935690972696,0.3556033739881162,0.17667934226043872
qwen35_4b,self_ask,one_shot,uncapped,approach,100,3.8105699517542964,0.5636998460392847,0.7960241702741702,0.6201005372557807,0.17543740886187004,0.09424862591826937,0.14010884326930678,0.4897748197527478,0.29325174859619874,0.4461784208338833,0.3060695775645765
qwen35_4b,self_ask,one_shot,uncapped,challenge,100,3.8105699517542964,0.452899829591006,0.6152261904761904,0.472766760927112,0.19455239698342283,0.07906693887594037,0.1428005214529148,0.4220026765441394,0.226199582941474,0.37142590290099414,0.2286253814480793
qwen35_4b,self_ask,one_shot,uncapped,outcome,100,3.8105699517542964,0.7049909812409811,0.8016226551226555,0.7210468514562264,0.2548262560184773,0.12824146696593117,0.20008598031151403,0.49672704879223367,0.26550581130613354,0.4284715699350929,0.22838558962357872
qwen35_4b,self_ask,one_shot,uncapped,union,100,3.8105699517542964,0.5787494057843687,0.7776095421344776,0.6452096044920163,0.2175456432265876,0.10160651031192272,0.14189723378046798,0.4572351445534136,0.22956935690972696,0.3556033739881162,0.21370614020764836
qwen35_4b,self_ask,zero_shot,capped,approach,100,2.2280817250011022,0.6435000000000002,0.6322041847041845,0.6168269704152053,0.2272526649379078,0.12036214832034578,0.18149203231120467,0.4897748197527478,0.29325174859619874,0.4461784208338833,0.26468638852267873
qwen35_4b,self_ask,zero_shot,capped,challenge,100,2.2280817250011022,0.5458333333333333,0.5265833333333333,0.5059125874125872,0.24373503330314913,0.0976502958201285,0.18163745301894857,0.4220026765441394,0.226199582941474,0.37142590290099414,0.1897884498820456
qwen35_4b,self_ask,zero_shot,capped,outcome,100,2.2280817250011022,0.7583333333333334,0.6606161616161618,0.6812867687867684,0.29389744590067246,0.14432554288551577,0.22674317829208712,0.49672704879223367,0.26550581130613354,0.4284715699350929,0.20172839164300563
qwen35_4b,self_ask,zero_shot,capped,union,100,2.2280817250011022,0.6890499500499502,0.6165980836403839,0.6405867514216574,0.2873653530205631,0.1309411261503018,0.18080014743338488,0.4572351445534136,0.22956935690972696,0.3556033739881162,0.17480322655473157
qwen35_4b,self_ask,zero_shot,uncapped,approach,100,2.9716357411735226,0.5370319536130399,0.8335404040404041,0.6157689354552824,0.1631120113729258,0.08829708176787683,0.1321855576410708,0.4897748197527478,0.29325174859619874,0.4461784208338833,0.3139928631928126
qwen35_4b,self_ask,zero_shot,uncapped,challenge,100,2.9716357411735226,0.43652968433648787,0.6388690476190476,0.46874710657992374,0.18596223652270216,0.07528666678111538,0.13830397588873633,0.4220026765441394,0.226199582941474,0.37142590290099414,0.23312192701225776
qwen35_4b,self_ask,zero_shot,uncapped,outcome,100,2.9716357411735226,0.692921455737245,0.8288012265512266,0.7220407092907088,0.25132303077184753,0.12880421838115333,0.19842770898431858,0.49672704879223367,0.26550581130613354,0.4284715699350929,0.23004386095077423
qwen35_4b,self_ask,zero_shot,uncapped,union,100,2.9716357411735226,0.5631364381425632,0.818969944975531,0.6511769078159922,0.20618187612713548,0.09762990617606643,0.13598668959131002,0.4572351445534136,0.22956935690972696,0.3556033739881162,0.21961668439680648
qwen35_4b,self_ask_trace,one_shot,capped,approach,100,3.584394171269378,0.6651666666666671,0.6206248196248195,0.6178863277245626,0.2295474227220555,0.11988772471514844,0.1811728207774007,0.4897748197527478,0.29325174859619874,0.4461784208338833,0.26500560005648266
qwen35_4b,self_ask_trace,one_shot,capped,challenge,100,3.584394171269378,0.5483333333333333,0.49427777777777776,0.4859827949827947,0.24164838472588054,0.09380712413648204,0.17721402441235082,0.4220026765441394,0.226199582941474,0.37142590290099414,0.19421187848864335
qwen35_4b,self_ask_trace,one_shot,capped,outcome,100,3.584394171269378,0.7691666666666667,0.6554494949494949,0.6828978798978795,0.296092031249906,0.145495911949591,0.22787387008465443,0.49672704879223367,0.26550581130613354,0.4284715699350929,0.2005976998504383
qwen35_4b,self_ask_trace,one_shot,capped,union,100,3.584394171269378,0.7053242590742584,0.5970758581019049,0.6371099205079178,0.2930683584499609,0.13145619547372586,0.18329593580433617,0.4572351445534136,0.22956935690972696,0.3556033739881162,0.1723074381837802
qwen35_4b,self_ask_trace,one_shot,uncapped,approach,100,4.300467430723366,0.5587035504652683,0.834760101010101,0.6290903838225939,0.167793028707576,0.08837280307743241,0.13368429637430648,0.4897748197527478,0.29325174859619874,0.4461784208338833,0.31249412445957686
qwen35_4b,self_ask_trace,one_shot,uncapped,challenge,100,4.300467430723366,0.47782539682539676,0.6095555555555555,0.4852251505804135,0.1977621850273868,0.0791392255515248,0.14537997610682937,0.4220026765441394,0.226199582941474,0.37142590290099414,0.22604592679416488
qwen35_4b,self_ask_trace,one_shot,uncapped,outcome,100,4.300467430723366,0.7599412254412253,0.7589321789321789,0.7285428460428456,0.27217630277340266,0.1393213701609486,0.211524847485897,0.49672704879223367,0.26550581130613354,0.4284715699350929,0.21694672244919574
qwen35_4b,self_ask_trace,one_shot,uncapped,union,100,4.300467430723366,0.6001377715349191,0.7844247340505918,0.6622886206375241,0.22296130952999557,0.10328952698945633,0.14577068240353927,0.4572351445534136,0.22956935690972696,0.3556033739881162,0.20983269158457712
qwen35_4b,self_critique,one_shot,capped,approach,100,3.105924304432701,0.6590000000000004,0.6201287878787878,0.6181481769864119,0.22972162458600728,0.11881645717821372,0.18101938599466266,0.4897748197527478,0.29325174859619874,0.4461784208338833,0.26515903483922076
qwen35_4b,self_critique,one_shot,capped,challenge,100,3.105924304432701,0.525,0.492595238095238,0.4794847374847371,0.2399955371158119,0.09272089629604294,0.17607626656581654,0.4220026765441394,0.226199582941474,0.37142590290099414,0.19534963633517755
qwen35_4b,self_critique,one_shot,capped,outcome,100,3.105924304432701,0.7758333333333334,0.6781875901875902,0.6991251526251523,0.29552111414677923,0.14479865451072785,0.22882091291988607,0.49672704879223367,0.26550581130613354,0.4284715699350929,0.19965065701520665
qwen35_4b,self_critique,one_shot,capped,union,100,3.105924304432701,0.693238983238983,0.6036943680749038,0.6366445108749106,0.2884754995508509,0.12955307266297936,0.17932794664824744,0.4572351445534136,0.22956935690972696,0.3556033739881162,0.17627542733986895
qwen35_4b,self_critique,one_shot,uncapped,approach,100,3.7435857998963913,0.5779620578890088,0.7680634920634918,0.6215714431141341,0.1790104364902343,0.09503242628522088,0.14260518281513884,0.4897748197527478,0.29325174859619874,0.4461784208338833,0.30357323801874453
qwen35_4b,self_critique,one_shot,uncapped,challenge,100,3.7435857998963913,0.4704372774372773,0.6101547619047618,0.48289894642680986,0.1985097387480142,0.08004583746246534,0.1465548222723481,0.4220026765441394,0.226199582941474,0.37142590290099414,0.22487108062864603
qwen35_4b,self_critique,one_shot,uncapped,outcome,100,3.7435857998963913,0.7277339604839603,0.7857655122655126,0.727938082945755,0.2663917066319862,0.1348061016715037,0.20971512589482771,0.49672704879223367,0.26550581130613354,0.4284715699350929,0.21875644404026495
qwen35_4b,self_critique,one_shot,uncapped,union,100,3.7435857998963913,0.5965834704551373,0.7577883006824315,0.6482348645566443,0.225780855933914,0.10525000473967952,0.14660895779898753,0.4572351445534136,0.22956935690972696,0.3556033739881162,0.2089944161891288
qwen35_4b,self_critique,zero_shot,capped,approach,100,1.9939644209877587,0.6546666666666668,0.6128517316017316,0.6127274473892116,0.22919087561833265,0.11940930121136858,0.17853671792448236,0.4897748197527478,0.29325174859619874,0.4461784208338833,0.26764170290940104
qwen35_4b,self_critique,zero_shot,capped,challenge,100,1.9939644209877587,0.5308333333333334,0.49502380952380937,0.4801997446997444,0.2374851564980607,0.09055322559300542,0.17555192846285736,0.4220026765441394,0.226199582941474,0.37142590290099414,0.1958739744381369
qwen35_4b,self_critique,zero_shot,capped,outcome,100,1.9939644209877587,0.7725000000000002,0.6663661616161616,0.691221112221112,0.2938773839500043,0.14365012855794856,0.22815707490437076,0.49672704879223367,0.26550581130613354,0.4284715699350929,0.20031449503072202
qwen35_4b,self_critique,zero_shot,capped,union,100,1.9939644209877587,0.6869639527139525,0.5978196655930033,0.6296113974834623,0.2875278748122669,0.12857567829772962,0.1794862205337526,0.4572351445534136,0.22956935690972696,0.3556033739881162,0.17611715345436385
qwen35_4b,self_critique,zero_shot,uncapped,approach,100,2.766460904229898,0.5694658331914643,0.7814520202020201,0.6245204108846916,0.17849900740898492,0.09503144242510399,0.14150965143680946,0.4897748197527478,0.29325174859619874,0.4461784208338833,0.30466876939707377
qwen35_4b,self_critique,zero_shot,uncapped,challenge,100,2.766460904229898,0.4598329648193349,0.5897896825396827,0.4631093831349247,0.19657840762491383,0.07816217977107728,0.14489580494676715,0.4220026765441394,0.226199582941474,0.37142590290099414,0.22653009795422693
qwen35_4b,self_critique,zero_shot,uncapped,outcome,100,2.766460904229898,0.7135595515595514,0.8023369408369411,0.7206994466885768,0.25901199333850733,0.131562510397709,0.20451868786463911,0.49672704879223367,0.26550581130613354,0.4284715699350929,0.22395288207045375
qwen35_4b,self_critique,zero_shot,uncapped,union,100,2.766460904229898,0.582279467064422,0.7716918419725828,0.6478285029565545,0.21950076639717916,0.10121631672625597,0.14324379823640843,0.4572351445534136,0.22956935690972696,0.3556033739881162,0.21235957575170805
qwen35_4b,simulated_tool_augmented,one_shot,capped,approach,100,2.9811683865066154,0.6483333333333335,0.5853387445887447,0.5922568379333082,0.2280386563893327,0.11661726155551037,0.17959667950638647,0.4897748197527478,0.29325174859619874,0.4461784208338833,0.26658174132749696
qwen35_4b,simulated_tool_augmented,one_shot,capped,challenge,100,2.9811683865066154,0.5416666666666666,0.5015000000000001,0.48876973026973003,0.24045892967196036,0.09339627882455317,0.17630748120092876,0.4220026765441394,0.226199582941474,0.37142590290099414,0.19511842170006533
qwen35_4b,simulated_tool_augmented,one_shot,capped,outcome,100,2.9811683865066154,0.7716666666666668,0.6726875901875902,0.6936727716727711,0.29391764366912665,0.1434925497179442,0.22648703051771474,0.49672704879223367,0.26550581130613354,0.4284715699350929,0.20198453941737804
qwen35_4b,simulated_tool_augmented,one_shot,capped,union,100,2.9811683865066154,0.6852882395382395,0.5820329100798545,0.6206244053796603,0.29100773472344377,0.12853208644799555,0.18004656435634675,0.4572351445534136,0.22956935690972696,0.3556033739881162,0.17555680963176962
qwen35_4b,simulated_tool_augmented,one_shot,uncapped,approach,100,3.7205411333276426,0.577269964165302,0.7301937229437229,0.604074104240012,0.18505120346043902,0.09736917623201989,0.14659864971581488,0.4897748197527478,0.29325174859619874,0.4461784208338833,0.2995797711180684
qwen35_4b,simulated_tool_augmented,one_shot,uncapped,challenge,100,3.7205411333276426,0.464382448605978,0.5751150793650794,0.4608417884145436,0.19963246722766054,0.07741365869727311,0.14421188550987024,0.4220026765441394,0.226199582941474,0.37142590290099414,0.22721401739112387
qwen35_4b,simulated_tool_augmented,one_shot,uncapped,outcome,100,3.7205411333276426,0.7426168831168831,0.7908639971139974,0.7358757515274541,0.26695219554921545,0.13560248948758835,0.20974678285621043,0.49672704879223367,0.26550581130613354,0.4284715699350929,0.21872478707888235
qwen35_4b,simulated_tool_augmented,one_shot,uncapped,union,100,3.7205411333276426,0.5886920702265013,0.7398927461165984,0.6375960189166733,0.2275864506826351,0.10356153605085484,0.1456169088283706,0.4572351445534136,0.22956935690972696,0.3556033739881162,0.20998646515974595
qwen35_4b,simulated_tool_augmented,zero_shot,capped,approach,100,2.1710079450474584,0.6358333333333335,0.6032240259740259,0.598247744085979,0.22556174438405577,0.11835769792621624,0.17641709999857536,0.4897748197527478,0.29325174859619874,0.4461784208338833,0.26976132083530796
qwen35_4b,simulated_tool_augmented,zero_shot,capped,challenge,100,2.1710079450474584,0.5383333333333333,0.4927619047619046,0.48009584859584825,0.2412891118091172,0.09506608721433855,0.17963974972180316,0.4220026765441394,0.226199582941474,0.37142590290099414,0.19178615317919095
qwen35_4b,simulated_tool_augmented,zero_shot,capped,outcome,100,2.1710079450474584,0.7683333333333334,0.6668542568542568,0.6889188034188031,0.29685645159480945,0.1456237341813964,0.2295798330935234,0.49672704879223367,0.26550581130613354,0.4284715699350929,0.19889173684156936
qwen35_4b,simulated_tool_augmented,zero_shot,capped,union,100,2.1710079450474584,0.6880552503052499,0.6002844393813065,0.6312663650036098,0.28796912500213884,0.13050563774953222,0.1809121346345336,0.4572351445534136,0.22956935690972696,0.3556033739881162,0.1746912393535828
qwen35_4b,simulated_tool_augmented,zero_shot,uncapped,approach,100,3.387146473916946,0.5608024796600899,0.7781955266955265,0.6111156976814803,0.17436443890044348,0.0933837604564921,0.1397687411037039,0.4897748197527478,0.29325174859619874,0.4461784208338833,0.3064096797301794
qwen35_4b,simulated_tool_augmented,zero_shot,uncapped,challenge,100,3.387146473916946,0.47803466954735524,0.5828849206349207,0.46907039529098343,0.2042213655674841,0.08152981156444876,0.1524115879566398,0.4220026765441394,0.226199582941474,0.37142590290099414,0.2190143149443543
qwen35_4b,simulated_tool_augmented,zero_shot,uncapped,outcome,100,3.387146473916946,0.7138820346320344,0.8048488455988456,0.7220753157455603,0.2607703704005555,0.1311920814134381,0.20457207139883316,0.49672704879223367,0.26550581130613354,0.4284715699350929,0.22389949853625965
qwen35_4b,simulated_tool_augmented,zero_shot,uncapped,union,100,3.387146473916946,0.5839828718159434,0.7666271119829302,0.6437151514981133,0.22090838459683163,0.10264465626455037,0.144234733725298,0.4572351445534136,0.22956935690972696,0.3556033739881162,0.21136864026281849
qwen35_4b,tool_augmented,one_shot,capped,approach,100,3.653156658819644,0.6463333333333332,0.6231684704184705,0.6122711651093999,0.216841229318191,0.11302035398016701,0.17186508727927952,0.4897748197527478,0.29325174859619874,0.4461784208338833,0.2743133335546038
qwen35_4b,tool_augmented,one_shot,capped,challenge,100,3.653156658819644,0.5258333333333334,0.4890119047619048,0.4787444777444776,0.23526150012610342,0.09002636819788223,0.16986203082289822,0.4220026765441394,0.226199582941474,0.37142590290099414,0.20156387207809595
qwen35_4b,tool_augmented,one_shot,capped,outcome,100,3.653156658819644,0.7375,0.64093759018759,0.659024142524142,0.2789047165338351,0.13647837885545036,0.21437082785409572,0.49672704879223367,0.26550581130613354,0.4284715699350929,0.21410074208099708
qwen35_4b,tool_augmented,one_shot,capped,union,100,3.653156658819644,0.7100355477855477,0.6102311223852651,0.6474149255982142,0.2827024089899934,0.1274743931258577,0.17916769418399514,0.4572351445534136,0.22956935690972696,0.3556033739881162,0.17643567980412128
qwen35_4b,tool_augmented,one_shot,uncapped,approach,100,4.250262076809304,0.6069826627620746,0.7394480519480519,0.6265023062773029,0.18632366787002286,0.09941963911966521,0.15089329863921844,0.4897748197527478,0.29325174859619874,0.4461784208338833,0.2952851221946649
qwen35_4b,tool_augmented,one_shot,uncapped,challenge,100,4.250262076809304,0.4751245623745624,0.5790595238095237,0.4773271175213561,0.20745349285967674,0.08377899813121649,0.15207681752060007,0.4220026765441394,0.226199582941474,0.37142590290099414,0.21934908538039405
qwen35_4b,tool_augmented,one_shot,uncapped,outcome,100,4.250262076809304,0.7233968253968254,0.7488686868686869,0.7043046918270699,0.2607827262024481,0.13468175896243198,0.20508591322031822,0.49672704879223367,0.26550581130613354,0.4284715699350929,0.22338565671477462
qwen35_4b,tool_augmented,one_shot,uncapped,union,100,4.250262076809304,0.6237983513895231,0.7308276950835166,0.6536888864276623,0.23287672534040443,0.10692765690263928,0.15129697763363245,0.4572351445534136,0.22956935690972696,0.3556033739881162,0.20430639635448383
qwen35_4b,tool_augmented,zero_shot,capped,approach,100,2.9182782815617974,0.5940000000000002,0.5933455988455987,0.5712875882287644,0.20981061144210333,0.11225738451779035,0.16711974710626062,0.4897748197527478,0.29325174859619874,0.4461784208338833,0.2790586737276227
qwen35_4b,tool_augmented,zero_shot,capped,challenge,100,2.9182782815617974,0.5225,0.48285714285714293,0.4724060939060937,0.23512384293114333,0.08967495920424451,0.16719406351846489,0.4220026765441394,0.226199582941474,0.37142590290099414,0.20423183938252928
qwen35_4b,tool_augmented,zero_shot,capped,outcome,100,2.9182782815617974,0.7375,0.6366994949494947,0.65787407037407,0.27966278611379564,0.1373944290175447,0.21870519514287934,0.49672704879223367,0.26550581130613354,0.4284715699350929,0.20976637479221352
qwen35_4b,tool_augmented,zero_shot,capped,union,100,2.9182782815617974,0.6816782661782662,0.5886376556524792,0.6216002218946123,0.28035947231057734,0.12721962498701186,0.17774421208731683,0.4572351445534136,0.22956935690972696,0.3556033739881162,0.17785916190079962
qwen35_4b,tool_augmented,zero_shot,uncapped,approach,100,8.224675148724346,0.4554138062778237,0.6906006493506492,0.514964011140799,0.13505185992302107,0.07319163060303946,0.11023699511609579,0.4897748197527478,0.29325174859619874,0.4461784208338833,0.3359414257177875
qwen35_4b,tool_augmented,zero_shot,uncapped,challenge,100,8.224675148724346,0.46717984792984796,0.6010515873015874,0.47469922787088625,0.19048889131164162,0.07779081267446786,0.14312794860065017,0.4220026765441394,0.226199582941474,0.37142590290099414,0.2282979543003439
qwen35_4b,tool_augmented,zero_shot,uncapped,outcome,100,8.224675148724346,0.6125252247752245,0.6800588023088019,0.6074282008840828,0.22368519337734707,0.11501992513685493,0.17732934839824283,0.49672704879223367,0.26550581130613354,0.4284715699350929,0.25114222153685
qwen35_4b,tool_augmented,zero_shot,uncapped,union,100,8.224675148724346,0.5802720294116002,0.702763858314925,0.6083820000758731,0.2271910596556953,0.10114644237019356,0.14701602123472995,0.4572351445534136,0.22956935690972696,0.3556033739881162,0.2085873527533864
qwen35_4b,vanilla,one_shot,capped,approach,100,3.084266637394903,0.6471666666666668,0.6037954545454545,0.6030267983650335,0.22843072490688546,0.11704204166578774,0.1792154724032499,0.4897748197527478,0.29325174859619874,0.4461784208338833,0.2669629484306336
qwen35_4b,vanilla,one_shot,capped,challenge,100,3.084266637394903,0.55,0.5007380952380953,0.48942773892773866,0.24253973340105384,0.09388148929948448,0.17768575582845922,0.4220026765441394,0.226199582941474,0.37142590290099414,0.19374014707253498
qwen35_4b,vanilla,one_shot,capped,outcome,100,3.084266637394903,0.7716666666666667,0.6673542568542566,0.6907918192918189,0.29491580013891805,0.1438141971151297,0.22753598324850388,0.49672704879223367,0.26550581130613354,0.4284715699350929,0.20093558668658887
qwen35_4b,vanilla,one_shot,capped,union,100,3.084266637394903,0.6942806082806082,0.5938578157383517,0.6314181436826967,0.2923228693473612,0.1309513812327004,0.1821316917784308,0.4572351445534136,0.22956935690972696,0.3556033739881162,0.17347168220968556
qwen35_4b,vanilla,one_shot,uncapped,approach,100,3.6436965845129454,0.5797926932793904,0.7651147186147184,0.6177285543466874,0.18211892474715222,0.09707707734847695,0.14440649151355264,0.4897748197527478,0.29325174859619874,0.4461784208338833,0.30177192932033053
qwen35_4b,vanilla,one_shot,uncapped,challenge,100,3.6436965845129454,0.465751209574739,0.6082261904761905,0.4766378215541499,0.1968368692286948,0.07775149836750322,0.14438789895445076,0.4220026765441394,0.226199582941474,0.37142590290099414,0.2270380039465433
qwen35_4b,vanilla,one_shot,uncapped,outcome,100,3.6436965845129454,0.7308708513708513,0.7878210678210681,0.7304681456762823,0.2652691571723642,0.1321098635466526,0.20656053378869615,0.49672704879223367,0.26550581130613354,0.4284715699350929,0.2219110361463966
qwen35_4b,vanilla,one_shot,uncapped,union,100,3.6436965845129454,0.5902841923289414,0.7598654210594744,0.6453687158611843,0.22349087521961522,0.10332385259979673,0.14445257072356854,0.4572351445534136,0.22956935690972696,0.3556033739881162,0.2111508032645479
qwen35_4b,vanilla,zero_shot,capped,approach,100,2.1375542092556135,0.6478333333333335,0.6207279942279941,0.6131522284904634,0.22859524518926258,0.11956980169308054,0.18028901844153736,0.4897748197527478,0.29325174859619874,0.4461784208338833,0.26588940239234593
qwen35_4b,vanilla,zero_shot,capped,challenge,100,2.1375542092556135,0.5566666666666668,0.4948333333333332,0.4889919524919521,0.24409743742805332,0.09470207329997256,0.18114451276137358,0.4220026765441394,0.226199582941474,0.37142590290099414,0.19028139013962062
qwen35_4b,vanilla,zero_shot,capped,outcome,100,2.1375542092556135,0.7550000000000001,0.6518542568542568,0.6738235653235648,0.29488376715247533,0.14347378880506292,0.22752913535546693,0.49672704879223367,0.26550581130613354,0.4284715699350929,0.20094243457962577
qwen35_4b,vanilla,zero_shot,capped,union,100,2.1375542092556135,0.6898879176379176,0.6013916923794261,0.6320646734783042,0.289227857862474,0.12950700440393909,0.18143528720600682,0.4572351445534136,0.22956935690972696,0.3556033739881162,0.1741680867821096
qwen35_4b,vanilla,zero_shot,uncapped,approach,100,2.7969678000465503,0.5646331186502223,0.8088502886002884,0.630723775001076,0.1730838407304322,0.09353174480620836,0.13872677339535808,0.4897748197527478,0.29325174859619874,0.4461784208338833,0.3074516474385252
qwen35_4b,vanilla,zero_shot,uncapped,challenge,100,2.7969678000465503,0.4800603687248424,0.5943849206349207,0.47651312954331515,0.20293265194323765,0.08256155149726528,0.15148642911502333,0.4220026765441394,0.226199582941474,0.37142590290099414,0.21993947378597073
qwen35_4b,vanilla,zero_shot,uncapped,outcome,100,2.7969678000465503,0.7127619325119323,0.8008488455988458,0.7201251533348716,0.25780270841808006,0.13127631734138034,0.20326352323852917,0.49672704879223367,0.26550581130613354,0.4284715699350929,0.22520804669656372
qwen35_4b,vanilla,zero_shot,uncapped,union,100,2.7969678000465503,0.5817042097269841,0.7835839393253579,0.6506086006598218,0.21732800475562164,0.10197738988403453,0.1424309178518936,0.4572351445534136,0.22956935690972696,0.3556033739881162,0.21317245613622288
gemma4_12b,chain_of_thought,one_shot,capped,approach,100,1.2582646231772379,0.6925,0.6735266955266952,0.6597861468596755,0.2250417084846535,0.1207392836247293,0.17892386013307426,0.4897748197527478,0.29325174859619874,0.4461784208338833,0.2672545607008091
gemma4_12b,chain_of_thought,one_shot,capped,challenge,100,1.2582646231772379,0.5433333333333333,0.506861111111111,0.48960184260184236,0.2445106524041991,0.09705492662054596,0.18093355686244617,0.4220026765441394,0.226199582941474,0.37142590290099414,0.19049234603854795
gemma4_12b,chain_of_thought,one_shot,capped,outcome,100,1.2582646231772379,0.7716666666666668,0.6824300144300143,0.698418803418803,0.29498908744200586,0.14598010035686884,0.22994447393136747,0.49672704879223367,0.26550581130613354,0.4284715699350929,0.1985270960037252
gemma4_12b,chain_of_thought,one_shot,capped,union,100,1.2582646231772379,0.6985576368076367,0.6199633367783861,0.6482839348343334,0.2853140462475982,0.1316222392439562,0.18094985340063308,0.4572351445534136,0.22956935690972696,0.3556033739881162,0.1746535205874833
gemma4_12b,chain_of_thought,one_shot,uncapped,approach,100,1.3439634668128564,0.6263774514062237,0.8120638528138526,0.6774471733531133,0.18628337326338504,0.10295791020504806,0.15175558404998543,0.4897748197527478,0.29325174859619874,0.4461784208338833,0.2944228367838978
gemma4_12b,chain_of_thought,one_shot,uncapped,challenge,100,1.3439634668128564,0.4722702020202019,0.5946111111111111,0.48169507616566437,0.20665664677216533,0.08334757762893767,0.1533218264318792,0.4220026765441394,0.226199582941474,0.37142590290099414,0.21810407646911492
gemma4_12b,chain_of_thought,one_shot,uncapped,outcome,100,1.3439634668128564,0.7229157509157507,0.8007849927849928,0.7308463722268064,0.26531363960035925,0.13436093135723007,0.20862424474703256,0.49672704879223367,0.26550581130613354,0.4284715699350929,0.21984732518806013
gemma4_12b,chain_of_thought,one_shot,uncapped,union,100,1.3439634668128564,0.6141764495760701,0.769537112085503,0.6714975717803618,0.23061550973790276,0.10786588460341585,0.1505047463544013,0.4572351445534136,0.22956935690972696,0.3556033739881162,0.20509862763371509
gemma4_12b,chain_of_thought,zero_shot,capped,approach,100,0.7491258897027001,0.6591666666666665,0.6736569264069263,0.6430842768342764,0.2165070085407431,0.11412171402294918,0.17256034206538537,0.4897748197527478,0.29325174859619874,0.4461784208338833,0.27361807876849803
gemma4_12b,chain_of_thought,zero_shot,capped,challenge,100,0.7491258897027001,0.5525,0.5380039682539681,0.5129416694416693,0.2447164016717371,0.09726412953493238,0.18006682108203514,0.4220026765441394,0.226199582941474,0.37142590290099414,0.19135908181895903
gemma4_12b,chain_of_thought,zero_shot,capped,outcome,100,0.7491258897027001,0.7441666666666668,0.6784855699855699,0.6856501831501828,0.28781844651475536,0.1404977383846178,0.22109941761156468,0.49672704879223367,0.26550581130613354,0.4284715699350929,0.20737215232352796
gemma4_12b,chain_of_thought,zero_shot,capped,union,100,0.7491258897027001,0.6767942612942612,0.626049746283913,0.6416757010335695,0.27781592293610946,0.12798130052039072,0.17661453599837842,0.4572351445534136,0.22956935690972696,0.3556033739881162,0.17898883798973803
gemma4_12b,chain_of_thought,zero_shot,uncapped,approach,100,2.41003818676807,0.5395037310321331,0.8506388888888888,0.626920052653408,0.16150223086946255,0.089049090939321,0.13125260619525794,0.4897748197527478,0.29325174859619874,0.4461784208338833,0.31492581463862535
gemma4_12b,chain_of_thought,zero_shot,uncapped,challenge,100,2.41003818676807,0.46787813003989465,0.6103888888888889,0.4838788009376244,0.20644751004142503,0.0835501913317322,0.15192829799081747,0.4220026765441394,0.226199582941474,0.37142590290099414,0.21949760491017675
gemma4_12b,chain_of_thought,zero_shot,uncapped,outcome,100,2.41003818676807,0.6782328504828504,0.8266421356421355,0.7155930082017707,0.24800842814070737,0.12609973638159597,0.19691536825113215,0.49672704879223367,0.26550581130613354,0.4284715699350929,0.23155620168396068
gemma4_12b,chain_of_thought,zero_shot,uncapped,union,100,2.41003818676807,0.5661518936267506,0.8065540439261158,0.651716646754915,0.20876108137075858,0.09901038231423297,0.1371315223107092,0.4572351445534136,0.22956935690972696,0.3556033739881162,0.21847185167740715
gemma4_12b,chain_of_thought_trace,one_shot,capped,approach,100,1.4525673418538645,0.6825000000000001,0.6735696248196247,0.6561036741036737,0.22618866502519402,0.12048686698402006,0.17948055539366822,0.4897748197527478,0.29325174859619874,0.4461784208338833,0.266697865440215
gemma4_12b,chain_of_thought_trace,one_shot,capped,challenge,100,1.4525673418538645,0.5566666666666665,0.524861111111111,0.5056018426018424,0.2466499077418484,0.10126650369063123,0.18392462017210054,0.4220026765441394,0.226199582941474,0.37142590290099414,0.18750128272889363
gemma4_12b,chain_of_thought_trace,one_shot,capped,outcome,100,1.4525673418538645,0.7183333333333334,0.6861641414141413,0.6729885669885662,0.2785810983164356,0.13636674887767225,0.21622433811918124,0.49672704879223367,0.26550581130613354,0.4284715699350929,0.21224723181591137
gemma4_12b,chain_of_thought_trace,one_shot,capped,union,100,1.4525673418538645,0.6974600677100673,0.6328461012167262,0.6548232673499101,0.28334033657078844,0.12990950644307667,0.178689668575789,0.4572351445534136,0.22956935690972696,0.3556033739881162,0.17691370541232745
gemma4_12b,chain_of_thought_trace,one_shot,uncapped,approach,100,1.6745988405123353,0.5847413844325607,0.8533225108225106,0.6645528842173811,0.17482973399480228,0.0970239103331459,0.14227283033110985,0.4897748197527478,0.29325174859619874,0.4461784208338833,0.30390559050277344
gemma4_12b,chain_of_thought_trace,one_shot,uncapped,challenge,100,1.6745988405123353,0.4908362193362193,0.5992222222222222,0.49621445874387043,0.21059365060301713,0.08637098134657659,0.15658084333430464,0.4220026765441394,0.226199582941474,0.37142590290099414,0.21484505956668953
gemma4_12b,chain_of_thought_trace,one_shot,uncapped,outcome,100,1.6745988405123353,0.6083420190920191,0.8409956709956711,0.6771968357467746,0.22939059515059287,0.11719495976432957,0.1812266715954477,0.49672704879223367,0.26550581130613354,0.4284715699350929,0.2472448983396452
gemma4_12b,chain_of_thought_trace,one_shot,uncapped,union,100,1.6745988405123353,0.5929658547367849,0.8051970446433357,0.6714671408936715,0.21844699199755563,0.10358497049102108,0.14282932922116895,0.4572351445534136,0.22956935690972696,0.3556033739881162,0.21277404476694742
gemma4_12b,contrastive_joint,one_shot,capped,approach,100,1.3158618529513477,0.7078333333333333,0.6756060606060607,0.6698924849660137,0.22984584041222797,0.12355246504806822,0.18202535989138152,0.4897748197527478,0.29325174859619874,0.4461784208338833,0.2641530609425018
gemma4_12b,contrastive_joint,one_shot,capped,challenge,100,1.3158618529513477,0.555,0.5065277777777777,0.49526850926850896,0.2447214661707588,0.09603102601852344,0.18166394361547955,0.4220026765441394,0.226199582941474,0.37142590290099414,0.18976195928551465
gemma4_12b,contrastive_joint,one_shot,capped,outcome,100,1.3158618529513477,0.7933333333333336,0.673346681096681,0.7047680097680094,0.2972869057845917,0.14464624423722933,0.22998878197899614,0.49672704879223367,0.26550581130613354,0.4284715699350929,0.19848278795609667
gemma4_12b,contrastive_joint,one_shot,capped,union,100,1.3158618529513477,0.7103952713952715,0.6177143591627707,0.6527526344612751,0.28861687717917006,0.13234621976491565,0.18209092391403636,0.4572351445534136,0.22956935690972696,0.3556033739881162,0.17351245007408012
gemma4_12b,contrastive_joint,one_shot,uncapped,approach,100,1.3175124763790518,0.6352169664663269,0.7957261904761901,0.6763650545660411,0.19103400144416008,0.10484248292536076,0.15459898280792778,0.4897748197527478,0.29325174859619874,0.4461784208338833,0.2915794380259555
gemma4_12b,contrastive_joint,one_shot,uncapped,challenge,100,1.3175124763790518,0.48948962148962155,0.5856111111111112,0.4896823535082049,0.21050795822529125,0.08375609001995386,0.15576350294422614,0.4220026765441394,0.226199582941474,0.37142590290099414,0.21566239995676809
gemma4_12b,contrastive_joint,one_shot,uncapped,outcome,100,1.3175124763790518,0.7497631110719344,0.7892016594516593,0.7380175903848667,0.26996643740689813,0.1351827808898981,0.21108849797783324,0.49672704879223367,0.26550581130613354,0.4284715699350929,0.2173830719572595
gemma4_12b,contrastive_joint,one_shot,uncapped,union,100,1.3175124763790518,0.6282534825819625,0.7574448787684246,0.6750972949022107,0.23594457727706383,0.10970171920866058,0.1536196170901078,0.4572351445534136,0.22956935690972696,0.3556033739881162,0.2019837568980085
gemma4_12b,contrastive_joint,zero_shot,capped,approach,100,0.7355449573136866,0.6633333333333331,0.6615616883116883,0.6406004828504822,0.22248932669956317,0.11821078726892928,0.17741998455899477,0.4897748197527478,0.29325174859619874,0.4461784208338833,0.26875843627488855
gemma4_12b,contrastive_joint,zero_shot,capped,challenge,100,0.7355449573136866,0.565,0.520765873015873,0.5069344544344542,0.2504404518636443,0.0998999520585633,0.18511151489327024,0.4220026765441394,0.226199582941474,0.37142590290099414,0.18631438800772387
gemma4_12b,contrastive_joint,zero_shot,capped,outcome,100,0.7355449573136866,0.7666666666666668,0.6855252525252524,0.7005169275169273,0.29370222982367394,0.1444502323612387,0.22732033622090225,0.49672704879223367,0.26550581130613354,0.4284715699350929,0.20115123371419044
gemma4_12b,contrastive_joint,zero_shot,capped,union,100,0.7355449573136866,0.6956022866022867,0.6263168598892619,0.6499567314690472,0.28418152018415194,0.13068571308556998,0.17993190517948487,0.4572351445534136,0.22956935690972696,0.3556033739881162,0.1756714688086315
gemma4_12b,contrastive_joint,zero_shot,uncapped,approach,100,0.7899760501598939,0.5558825447137286,0.8360277777777777,0.6337693173898581,0.1654309551399344,0.0910987428372562,0.13596225839421447,0.4897748197527478,0.29325174859619874,0.4461784208338833,0.3102161624396688
gemma4_12b,contrastive_joint,zero_shot,uncapped,challenge,100,0.7899760501598939,0.48495995670995684,0.5941269841269841,0.4905214098766729,0.21304933831464765,0.08560083064654801,0.15622122842857697,0.4220026765441394,0.226199582941474,0.37142590290099414,0.21520467447241715
gemma4_12b,contrastive_joint,zero_shot,uncapped,outcome,100,0.7899760501598939,0.6991141636141635,0.8073921356421357,0.7192456538017847,0.2592707289579156,0.13050896909163212,0.20433283546084335,0.49672704879223367,0.26550581130613354,0.4284715699350929,0.22413873447424948
gemma4_12b,contrastive_joint,zero_shot,uncapped,union,100,0.7899760501598939,0.582458070114851,0.7906149847632211,0.6568906281577179,0.21629124645089134,0.10126605626750983,0.1416113991484038,0.4572351445534136,0.22956935690972696,0.3556033739881162,0.2139919748397126
gemma4_12b,explanation_based,one_shot,capped,approach,100,1.284796449248679,0.6988333333333333,0.6697727272727273,0.662390126213655,0.22683323843056263,0.12202695340052663,0.18005723023813808,0.4897748197527478,0.29325174859619874,0.4461784208338833,0.2661211905957452
gemma4_12b,explanation_based,one_shot,capped,challenge,100,1.284796449248679,0.5533333333333333,0.510956349206349,0.49760256410256376,0.24766875462990798,0.09740878307961767,0.1839739130736401,0.4220026765441394,0.226199582941474,0.37142590290099414,0.18745198982735403
gemma4_12b,explanation_based,one_shot,capped,outcome,100,1.284796449248679,0.7675,0.67248556998557,0.6924914529914525,0.29721622547537313,0.14570985108827755,0.22992195139685884,0.49672704879223367,0.26550581130613354,0.4284715699350929,0.19854961853823397
gemma4_12b,explanation_based,one_shot,capped,union,100,1.284796449248679,0.7020259462759464,0.6153448041672062,0.6478649103053422,0.28798741580011566,0.1320663495942881,0.18230471548425345,0.4572351445534136,0.22956935690972696,0.3556033739881162,0.17329865850386308
gemma4_12b,explanation_based,one_shot,uncapped,approach,100,1.3302695325389504,0.6409497266579308,0.8032456709956708,0.6851336660506298,0.19168156392433439,0.10523475969606107,0.15567492265602786,0.4897748197527478,0.29325174859619874,0.4461784208338833,0.29050349817785526
gemma4_12b,explanation_based,one_shot,uncapped,challenge,100,1.3302695325389504,0.4857420634920635,0.5892777777777777,0.48947732169790975,0.21170007942688365,0.08439535453941512,0.15493921755647044,0.4220026765441394,0.226199582941474,0.37142590290099414,0.2164866853445238
gemma4_12b,explanation_based,one_shot,uncapped,outcome,100,1.3302695325389504,0.7356281904370137,0.7991183261183261,0.738560630677907,0.2691662831099004,0.13671010764210523,0.2116950793922875,0.49672704879223367,0.26550581130613354,0.4284715699350929,0.2167764905428053
gemma4_12b,explanation_based,one_shot,uncapped,union,100,1.3302695325389504,0.6290396782613842,0.760674709008704,0.6774327174849054,0.2357317038632246,0.10962373867204767,0.1536464481907073,0.4572351445534136,0.22956935690972696,0.3556033739881162,0.20195692579740906
gemma4_12b,explanation_based,zero_shot,capped,approach,100,0.7406567845214158,0.6604999999999999,0.6735061327561328,0.6433943001442995,0.21692397484259918,0.11507929450743727,0.1739330707377328,0.4897748197527478,0.29325174859619874,0.4461784208338833,0.2722453500961506
gemma4_12b,explanation_based,zero_shot,capped,challenge,100,0.7406567845214158,0.5341666666666667,0.5143373015873015,0.4937670662670661,0.2432343156022014,0.09536370352158094,0.17839882024717862,0.4220026765441394,0.226199582941474,0.37142590290099414,0.19302708265381552
gemma4_12b,explanation_based,zero_shot,capped,outcome,100,0.7406567845214158,0.7341666666666667,0.6804855699855697,0.6793962148962146,0.28666141876998114,0.14139688619986338,0.22088088714006635,0.49672704879223367,0.26550581130613354,0.4284715699350929,0.2075906827950263
gemma4_12b,explanation_based,zero_shot,capped,union,100,0.7406567845214158,0.6768976023976024,0.6254439035971879,0.6410076617493258,0.27769333121774414,0.12782022417730707,0.1757979871316694,0.4572351445534136,0.22956935690972696,0.3556033739881162,0.17980538685644698
gemma4_12b,explanation_based,zero_shot,uncapped,approach,100,0.7965110230958089,0.5544806481496802,0.8456944444444443,0.6372580823740701,0.16517214042791736,0.09125791540480926,0.13555737785940733,0.4897748197527478,0.29325174859619874,0.4461784208338833,0.31062104297447596
gemma4_12b,explanation_based,zero_shot,uncapped,challenge,100,0.7965110230958089,0.46690892440892434,0.6064007936507936,0.4819744667097608,0.2037872233066118,0.08233166568883903,0.15005429688936953,0.4220026765441394,0.226199582941474,0.37142590290099414,0.2213716060116246
gemma4_12b,explanation_based,zero_shot,uncapped,outcome,100,0.7965110230958089,0.6790492285492284,0.8233088023088024,0.7166577212664837,0.24991114318894656,0.12611734300002816,0.197935677500888,0.49672704879223367,0.26550581130613354,0.4284715699350929,0.23053589243420475
gemma4_12b,explanation_based,zero_shot,uncapped,union,100,0.7965110230958089,0.5754785982194197,0.8032001706042117,0.6570766997760827,0.21098389448971994,0.099314753016024,0.1391711045642485,0.4572351445534136,0.22956935690972696,0.3556033739881162,0.2164322694238679
gemma4_12b,least_to_most,one_shot,capped,approach,100,1.283577143731527,0.6993333333333334,0.6724830447330445,0.6641595789831078,0.2276147268131558,0.1221468948208753,0.18054820832662824,0.4897748197527478,0.29325174859619874,0.4461784208338833,0.265630212507255
gemma4_12b,least_to_most,one_shot,capped,challenge,100,1.283577143731527,0.5583333333333333,0.5082896825396824,0.49694383394383357,0.2487557586375396,0.09781461395436584,0.18348308089010448,0.4220026765441394,0.226199582941474,0.37142590290099414,0.1879428220108896
gemma4_12b,least_to_most,one_shot,capped,outcome,100,1.283577143731527,0.7633333333333334,0.6712355699855699,0.6901819291819288,0.2945010623078895,0.14480369938851123,0.2292309850808659,0.49672704879223367,0.26550581130613354,0.4284715699350929,0.19924058485422683
gemma4_12b,least_to_most,one_shot,capped,union,100,1.283577143731527,0.7032422299922301,0.6152237724211745,0.6479316608058961,0.28946233420153483,0.13204919786019556,0.18213292430029568,0.4572351445534136,0.22956935690972696,0.3556033739881162,0.17347044968782083
gemma4_12b,least_to_most,one_shot,uncapped,approach,100,1.290350210107863,0.6322986131515542,0.8033214285714283,0.6779525876114577,0.19010988260931425,0.10500567367923583,0.1546824723333693,0.4897748197527478,0.29325174859619874,0.4461784208338833,0.2914959485005139
gemma4_12b,least_to_most,one_shot,uncapped,challenge,100,1.290350210107863,0.4935650183150184,0.5872777777777778,0.4934477547736061,0.21266936305687548,0.08490566680615365,0.15730915386585434,0.4220026765441394,0.226199582941474,0.37142590290099414,0.2141167490351399
gemma4_12b,least_to_most,one_shot,uncapped,outcome,100,1.290350210107863,0.734162504162504,0.7987849927849928,0.7379259505432268,0.2690541686912979,0.13640124254259667,0.21142945985005884,0.49672704879223367,0.26550581130613354,0.4284715699350929,0.21704211008503385
gemma4_12b,least_to_most,one_shot,uncapped,union,100,1.290350210107863,0.6262950880349589,0.7630612150465255,0.6768476889879047,0.2349686427464152,0.10925508233943491,0.15267221469240252,0.4572351445534136,0.22956935690972696,0.3556033739881162,0.2029311592957137
gemma4_12b,least_to_most,zero_shot,capped,approach,100,0.7200923923868686,0.6728333333333333,0.6805541125541125,0.6529818596436238,0.2206784730394581,0.11733601769909206,0.1758889831985311,0.4897748197527478,0.29325174859619874,0.4461784208338833,0.27028943763535224
gemma4_12b,least_to_most,zero_shot,capped,challenge,100,0.7200923923868686,0.5691666666666666,0.5302658730158729,0.5136328671328669,0.25178506984114934,0.10018002381453149,0.18511712310550535,0.4220026765441394,0.226199582941474,0.37142590290099414,0.18630877979548877
gemma4_12b,least_to_most,zero_shot,capped,outcome,100,0.7200923923868686,0.7483333333333334,0.6834855699855699,0.6903644688644683,0.289134265439932,0.14146662751718972,0.22331485330262854,0.49672704879223367,0.26550581130613354,0.4284715699350929,0.20515671663246401
gemma4_12b,least_to_most,zero_shot,capped,union,100,0.7200923923868686,0.6924918969918968,0.6313845005819028,0.6513267073282981,0.28104713953329336,0.12913193973778642,0.17859221459536298,0.4572351445534136,0.22956935690972696,0.3556033739881162,0.17701115939275344
gemma4_12b,least_to_most,zero_shot,uncapped,approach,100,0.7801523632230237,0.5645183349846142,0.845611111111111,0.6460452853077627,0.16897227599413625,0.09261569508126319,0.1380346461394101,0.4897748197527478,0.29325174859619874,0.4461784208338833,0.30814377469447324
gemma4_12b,least_to_most,zero_shot,uncapped,challenge,100,0.7801523632230237,0.4837691834309481,0.5992222222222222,0.49016142191142187,0.21059943470272266,0.08499848507745017,0.1549877232055945,0.4220026765441394,0.226199582941474,0.37142590290099414,0.21643817969539966
gemma4_12b,least_to_most,zero_shot,uncapped,outcome,100,0.7801523632230237,0.6870135142635141,0.8233088023088022,0.7208513653417067,0.2529195492913048,0.12765511048112158,0.20024929794554158,0.49672704879223367,0.26550581130613354,0.4284715699350929,0.2282222719895512
gemma4_12b,least_to_most,zero_shot,uncapped,union,100,0.7801523632230237,0.5859664136865788,0.7996889930562694,0.663674914456341,0.21673285918821542,0.10156097895430155,0.1417748618516551,0.4572351445534136,0.22956935690972696,0.3556033739881162,0.2138285121364612
gemma4_12b,negative_aware,one_shot,capped,approach,100,1.3615695064282045,0.7096666666666666,0.6606378066378066,0.6643087908823198,0.23499246349429195,0.12662751634760785,0.1864840148753073,0.4897748197527478,0.29325174859619874,0.4461784208338833,0.259694405958576
gemma4_12b,negative_aware,one_shot,capped,challenge,100,1.3615695064282045,0.5733333333333334,0.5067896825396825,0.5015390720390718,0.25135896317429784,0.09931758685434879,0.1881763802161907,0.4220026765441394,0.226199582941474,0.37142590290099414,0.18324952268480346
gemma4_12b,negative_aware,one_shot,capped,outcome,100,1.3615695064282045,0.7866666666666667,0.6709022366522365,0.7004993894993891,0.29813077801120097,0.14749259150809124,0.2304344936027548,0.49672704879223367,0.26550581130613354,0.4284715699350929,0.1980370763323379
gemma4_12b,negative_aware,one_shot,capped,union,100,1.3615695064282045,0.7109033189033187,0.6038259591640767,0.6451847248571255,0.29401244509293256,0.1342646155178074,0.18476256105920946,0.4572351445534136,0.22956935690972696,0.3556033739881162,0.17084081292890702
gemma4_12b,negative_aware,one_shot,uncapped,approach,100,1.3517259500175713,0.6687299040828453,0.7671385281385281,0.6846049918892021,0.20321071372567182,0.11077002529798605,0.1649421736259692,0.4897748197527478,0.29325174859619874,0.4461784208338833,0.28123624720791396
gemma4_12b,negative_aware,one_shot,uncapped,challenge,100,1.3517259500175713,0.5212943722943725,0.5567777777777777,0.49281976846682723,0.22385883255686256,0.08922248173984228,0.1676664054570718,0.4220026765441394,0.226199582941474,0.37142590290099414,0.2037594974439224
gemma4_12b,negative_aware,one_shot,uncapped,outcome,100,1.3517259500175713,0.7681545676545676,0.7829119769119768,0.7456717690522033,0.27797272584433386,0.1399104800570269,0.2175676709242701,0.49672704879223367,0.26550581130613354,0.4284715699350929,0.21090389901082263
gemma4_12b,negative_aware,one_shot,uncapped,union,100,1.3517259500175713,0.6485525703270882,0.7233066436375425,0.6701202520793886,0.24951060592441138,0.11440461905603576,0.1610702348164908,0.4572351445534136,0.22956935690972696,0.3556033739881162,0.19453313917162546
gemma4_12b,salience_inference,one_shot,capped,approach,100,1.312936000796035,0.7086666666666664,0.6653679653679654,0.6647253187988476,0.23018236586778215,0.12404829000086416,0.18173856342296674,0.4897748197527478,0.29325174859619874,0.4461784208338833,0.2644398574109166
gemma4_12b,salience_inference,one_shot,capped,challenge,100,1.312936000796035,0.5666666666666667,0.5126944444444443,0.5045700965700963,0.24706799028038978,0.09699812040649547,0.1816494506717207,0.4220026765441394,0.226199582941474,0.37142590290099414,0.18977645222927342
gemma4_12b,salience_inference,one_shot,capped,outcome,100,1.312936000796035,0.7833333333333334,0.6779300144300143,0.7029584859584854,0.2977865170826249,0.1470032096999037,0.23134239352214978,0.49672704879223367,0.26550581130613354,0.4284715699350929,0.1971291764129429
gemma4_12b,salience_inference,one_shot,capped,union,100,1.312936000796035,0.7126001776001779,0.615881091409376,0.6530683543069916,0.28977264486977317,0.13262450402999598,0.1825251461704715,0.4572351445534136,0.22956935690972696,0.3556033739881162,0.1730782278176449
gemma4_12b,salience_inference,one_shot,uncapped,approach,100,1.3313861108804121,0.6590890595472635,0.7683127705627705,0.6827360677295558,0.20098211080077913,0.10977905218108001,0.16305321582906568,0.4897748197527478,0.29325174859619874,0.4461784208338833,0.2831252050048176
gemma4_12b,salience_inference,one_shot,uncapped,challenge,100,1.3313861108804121,0.5211626984126984,0.569015873015873,0.4984589005765475,0.22120438252966246,0.08856236126114464,0.16475411523891026,0.4220026765441394,0.226199582941474,0.37142590290099414,0.20667178766208394
gemma4_12b,salience_inference,one_shot,uncapped,outcome,100,1.3313861108804121,0.7491449792038025,0.7899953102453103,0.740692479822914,0.27291670889624564,0.13819417311191662,0.2140455367529036,0.49672704879223367,0.26550581130613354,0.4284715699350929,0.21442603318218909
gemma4_12b,salience_inference,one_shot,uncapped,union,100,1.3313861108804121,0.6492083952232932,0.7339030790648604,0.6773152994961471,0.24775981272630557,0.11436157383499897,0.16051721744537628,0.4572351445534136,0.22956935690972696,0.3556033739881162,0.19508615654274009
gemma4_12b,salience_inference,zero_shot,capped,approach,100,0.8118181827198714,0.6816666666666669,0.6519307359307356,0.6456285658785653,0.22667054675641005,0.12198929301732654,0.18200641657425154,0.4897748197527478,0.29325174859619874,0.4461784208338833,0.2641720042596317
gemma4_12b,salience_inference,zero_shot,capped,challenge,100,0.8118181827198714,0.5858333333333333,0.5351230158730158,0.5245152625152623,0.2539712150417897,0.1008735079274456,0.1852169167245377,0.4220026765441394,0.226199582941474,0.37142590290099414,0.18620898617645643
gemma4_12b,salience_inference,zero_shot,capped,outcome,100,0.8118181827198714,0.7666666666666668,0.6869300144300143,0.7003473748473745,0.2904550561077614,0.14261057408752406,0.2241778759784854,0.49672704879223367,0.26550581130613354,0.4284715699350929,0.2042936939566073
gemma4_12b,salience_inference,zero_shot,capped,union,100,0.8118181827198714,0.7031270951270951,0.6213566217419528,0.6514864835097504,0.2865166702059534,0.13084160272603076,0.1811213463142079,0.4572351445534136,0.22956935690972696,0.3556033739881162,0.17448202767390852
gemma4_12b,salience_inference,zero_shot,uncapped,approach,100,0.8096370960911736,0.6179018601338044,0.8189242424242422,0.6746186346953473,0.1865727427859012,0.10363892080624496,0.15233694175415746,0.4897748197527478,0.29325174859619874,0.4461784208338833,0.2938414790797259
gemma4_12b,salience_inference,zero_shot,uncapped,challenge,100,0.8096370960911736,0.5065454545454546,0.5852222222222222,0.501289613894877,0.21823590555960004,0.08826427750820574,0.16142002333761113,0.4220026765441394,0.226199582941474,0.37142590290099414,0.21000587956338304
gemma4_12b,salience_inference,zero_shot,uncapped,outcome,100,0.8096370960911736,0.7059330244918479,0.817725468975469,0.7311866810980752,0.2573959490391341,0.13108428343734135,0.2041125854098834,0.49672704879223367,0.26550581130613354,0.4284715699350929,0.2243589845252093
gemma4_12b,salience_inference,zero_shot,uncapped,union,100,0.8096370960911736,0.6199019301561693,0.7705626369991859,0.674534095638445,0.23140666885694564,0.10804571724855798,0.1515813089795091,0.4572351445534136,0.22956935690972696,0.3556033739881162,0.20402206500860726
gemma4_12b,salience_inference_trace,one_shot,capped,approach,100,1.7404718906991183,0.7066666666666667,0.670133116883117,0.6650321900321896,0.22870966806324017,0.12230209417470425,0.1827068683216768,0.4897748197527478,0.29325174859619874,0.4461784208338833,0.26347155251220655
gemma4_12b,salience_inference_trace,one_shot,capped,challenge,100,1.7404718906991183,0.5633333333333332,0.49753968253968245,0.494150183150183,0.2483693656376583,0.09688107736357349,0.18235844042999091,0.4220026765441394,0.226199582941474,0.37142590290099414,0.18906746247100326
gemma4_12b,salience_inference_trace,one_shot,capped,outcome,100,1.7404718906991183,0.7783333333333334,0.6676522366522366,0.6949373404373399,0.2973859599358847,0.1465774606458998,0.23248349989091965,0.49672704879223367,0.26550581130613354,0.4284715699350929,0.19598807004417304
gemma4_12b,salience_inference_trace,one_shot,capped,union,100,1.7404718906991183,0.7162753912753916,0.6128416795267818,0.6514899069436065,0.2899271358719555,0.13159985730156956,0.18323435646803354,0.4572351445534136,0.22956935690972696,0.3556033739881162,0.17236901752008305
gemma4_12b,salience_inference_trace,one_shot,uncapped,approach,100,1.7035793903423473,0.6395831131544754,0.8046345598845597,0.6819434513298988,0.1955220337475086,0.10802841572401219,0.15880918660233945,0.4897748197527478,0.29325174859619874,0.4461784208338833,0.2873692342315439
gemma4_12b,salience_inference_trace,one_shot,uncapped,challenge,100,1.7035793903423473,0.5210741758241759,0.5704444444444444,0.5004873459873459,0.22130685227628402,0.08702949005657495,0.16273282252432444,0.4220026765441394,0.226199582941474,0.37142590290099414,0.20869308037666978
gemma4_12b,salience_inference_trace,one_shot,uncapped,outcome,100,1.7035793903423473,0.7463975468975467,0.7700667388167388,0.7292634149879668,0.2762712898722009,0.13936210894098178,0.21769448607442685,0.49672704879223367,0.26550581130613354,0.4284715699350929,0.2107770838606659
gemma4_12b,salience_inference_trace,one_shot,uncapped,union,100,1.7035793903423473,0.6438609639681673,0.7484966695129398,0.6784304096643762,0.2433691085832,0.11211963998175442,0.15825102658564633,0.4572351445534136,0.22956935690972696,0.3556033739881162,0.19735234740247
gemma4_12b,scoring_based,one_shot,capped,approach,100,1.2988412367505953,0.7019999999999998,0.6730386002886002,0.6642048392783683,0.22698842544270217,0.12282300062999356,0.18127103651312598,0.4897748197527478,0.29325174859619874,0.4461784208338833,0.2649073843207572
gemma4_12b,scoring_based,one_shot,capped,challenge,100,1.2988412367505953,0.5583333333333333,0.5132896825396825,0.4993803418803415,0.24730627976603312,0.09736603151224094,0.18285275832999207,0.4220026765441394,0.226199582941474,0.37142590290099414,0.18857314457100202
gemma4_12b,scoring_based,one_shot,capped,outcome,100,1.2988412367505953,0.7666666666666667,0.6741522366522364,0.6937771672771669,0.2959131325993954,0.1458053503457063,0.2299464037237653,0.49672704879223367,0.26550581130613354,0.4284715699350929,0.19852516621132743
gemma4_12b,scoring_based,one_shot,capped,union,100,1.2988412367505953,0.704487151737152,0.6176399169491611,0.6497826051288423,0.28782257690057306,0.1321809212518395,0.18214968469827578,0.4572351445534136,0.22956935690972696,0.3556033739881162,0.17345368928984065
gemma4_12b,scoring_based,one_shot,uncapped,approach,100,1.33221285126172,0.6320930131959543,0.7999956709956709,0.6771663274591524,0.18999907785670508,0.10444358929208111,0.1541189895625037,0.4897748197527478,0.29325174859619874,0.4461784208338833,0.2920594312713795
gemma4_12b,scoring_based,one_shot,uncapped,challenge,100,1.33221285126172,0.48249206349206347,0.5897777777777777,0.4880295472501352,0.2122129269596867,0.08443898374189418,0.15497904444173138,0.4220026765441394,0.226199582941474,0.37142590290099414,0.2164468584592628
gemma4_12b,scoring_based,one_shot,uncapped,outcome,100,1.33221285126172,0.7238107301195533,0.797118326118326,0.7304818760991525,0.2671787805988224,0.13550901334863805,0.2099025238172912,0.49672704879223367,0.26550581130613354,0.4284715699350929,0.2185690461178015
gemma4_12b,scoring_based,one_shot,uncapped,union,100,1.33221285126172,0.6235743771380894,0.7600418039021148,0.6736687491793504,0.23443525027532508,0.10910200010552785,0.15299696317933087,0.4572351445534136,0.22956935690972696,0.3556033739881162,0.20260641080878541
gemma4_12b,scoring_based,zero_shot,capped,approach,100,0.7379229717329144,0.6651666666666665,0.6804069264069262,0.6492401209901203,0.2161551630629384,0.1152747779585671,0.17289060627974392,0.4897748197527478,0.29325174859619874,0.4461784208338833,0.2732878145541394
gemma4_12b,scoring_based,zero_shot,capped,challenge,100,0.7379229717329144,0.5691666666666666,0.5434325396825396,0.5236884226884224,0.2482939816937336,0.09885299061783984,0.18234285036006248,0.4220026765441394,0.226199582941474,0.37142590290099414,0.1890830525409316
gemma4_12b,scoring_based,zero_shot,capped,outcome,100,0.7379229717329144,0.7433333333333334,0.6907474747474747,0.6899943389943387,0.28580976610674436,0.13968931686344568,0.21950412520357926,0.49672704879223367,0.26550581130613354,0.4284715699350929,0.20896744473151338
gemma4_12b,scoring_based,zero_shot,capped,union,100,0.7379229717329144,0.6898819513819516,0.6370966381175696,0.6533014594085078,0.27780069863139,0.12802101033036808,0.17700310265225327,0.4572351445534136,0.22956935690972696,0.3556033739881162,0.17860027133586315
gemma4_12b,scoring_based,zero_shot,uncapped,approach,100,0.796891439598985,0.5531878600272776,0.848706349206349,0.6380706278525765,0.16382019962182323,0.08983138081603113,0.13390328226608975,0.4897748197527478,0.29325174859619874,0.4461784208338833,0.3122751385677936
gemma4_12b,scoring_based,zero_shot,uncapped,challenge,100,0.796891439598985,0.4820256132756132,0.6025555555555555,0.49184894345420654,0.20876706276305337,0.08397610760573086,0.1537079274306205,0.4220026765441394,0.226199582941474,0.37142590290099414,0.21771797547037364
gemma4_12b,scoring_based,zero_shot,uncapped,outcome,100,0.796891439598985,0.6764672957761191,0.8216421356421357,0.7158784863688278,0.25000585970057765,0.1265926074499163,0.198349003799294,0.49672704879223367,0.26550581130613354,0.4284715699350929,0.2301225661357988
gemma4_12b,scoring_based,zero_shot,uncapped,union,100,0.796891439598985,0.5832583082482394,0.799866270027664,0.6609044076043712,0.21428450980665917,0.10072990970403722,0.14076474949377016,0.4572351445534136,0.22956935690972696,0.3556033739881162,0.21483862449434618
gemma4_12b,scoring_based_trace,one_shot,capped,approach,100,1.5349781882716342,0.6846666666666666,0.6600180375180374,0.6500388222888216,0.22602730913713695,0.11896774211787146,0.17981885743614318,0.4897748197527478,0.29325174859619874,0.4461784208338833,0.2663595633977401
gemma4_12b,scoring_based_trace,one_shot,capped,challenge,100,1.5349781882716342,0.5583333333333332,0.5245277777777777,0.5067050172050169,0.24898423140858103,0.10096897396202204,0.18558528972648566,0.4220026765441394,0.226199582941474,0.37142590290099414,0.1858406131745085
gemma4_12b,scoring_based_trace,one_shot,capped,outcome,100,1.5349781882716342,0.7700000000000001,0.6686403318903319,0.6923716838716834,0.2956156059116745,0.14472818620328212,0.22924828910360032,0.49672704879223367,0.26550581130613354,0.4284715699350929,0.19922328083149246
gemma4_12b,scoring_based_trace,one_shot,capped,union,100,1.5349781882716342,0.7026544566544568,0.6130804314289978,0.6461450620325586,0.2886241763649163,0.13144068010254903,0.18146217642803195,0.4572351445534136,0.22956935690972696,0.3556033739881162,0.17414119756008442
gemma4_12b,scoring_based_trace,one_shot,uncapped,approach,100,1.497188730277121,0.6171688589188588,0.8213492063492063,0.6731934985087897,0.18437311820375754,0.10045063216120816,0.14994122895225223,0.4897748197527478,0.29325174859619874,0.4461784208338833,0.29623719188163106
gemma4_12b,scoring_based_trace,one_shot,uncapped,challenge,100,1.497188730277121,0.489524531024531,0.5967222222222222,0.4961693836778976,0.21026434864245766,0.08561322439834747,0.1559518078268213,0.4220026765441394,0.226199582941474,0.37142590290099414,0.21547409507417278
gemma4_12b,scoring_based_trace,one_shot,uncapped,outcome,100,1.497188730277121,0.7269077997166231,0.7909440836940835,0.7293591135959551,0.2687785034258102,0.13521607673086503,0.21002362084642084,0.49672704879223367,0.26550581130613354,0.4284715699350929,0.21844794908867185
gemma4_12b,scoring_based_trace,one_shot,uncapped,union,100,1.497188730277121,0.6191283488486771,0.7676238024269888,0.6721233474571445,0.23225060732228944,0.10763342889362702,0.15104753266082374,0.4572351445534136,0.22956935690972696,0.3556033739881162,0.2045558413272926
gemma4_12b,self_ask,one_shot,capped,approach,100,1.2364255121164023,0.6976666666666665,0.6738005050505049,0.6631336327071615,0.2260124657972768,0.12146066241504977,0.17876311652255833,0.4897748197527478,0.29325174859619874,0.4461784208338833,0.267415304311325
gemma4_12b,self_ask,one_shot,capped,challenge,100,1.2364255121164023,0.5474999999999999,0.508861111111111,0.49226850926850907,0.24509398761790868,0.09654891512065221,0.1795568108420519,0.4220026765441394,0.226199582941474,0.37142590290099414,0.19186909205894223
gemma4_12b,self_ask,one_shot,capped,outcome,100,1.2364255121164023,0.7741666666666667,0.682818903318903,0.7014279609279603,0.2964869137090057,0.14675372530981565,0.23056251156629873,0.49672704879223367,0.26550581130613354,0.4284715699350929,0.19790905836879388
gemma4_12b,self_ask,one_shot,capped,union,100,1.2364255121164023,0.7025892718392722,0.6204393150484819,0.6503312444192404,0.2861970939702314,0.13167792243693346,0.18093510991803893,0.4572351445534136,0.22956935690972696,0.3556033739881162,0.17466826407007754
gemma4_12b,self_ask,one_shot,uncapped,approach,100,1.3222784885577858,0.6297097526656349,0.8053214285714283,0.6763113872434974,0.18985651589108724,0.10478771981793705,0.15422575628404453,0.4897748197527478,0.29325174859619874,0.4461784208338833,0.2919526645498387
gemma4_12b,self_ask,one_shot,uncapped,challenge,100,1.3222784885577858,0.4831047008547009,0.5867777777777777,0.4880885029143542,0.20987403389287884,0.08359024680989488,0.15519646901516246,0.4220026765441394,0.226199582941474,0.37142590290099414,0.21622943388583182
gemma4_12b,self_ask,one_shot,uncapped,outcome,100,1.3222784885577858,0.7273998778998777,0.8005468975468976,0.7334515170819513,0.26832709870181576,0.1344445940461922,0.20984787214091485,0.49672704879223367,0.26550581130613354,0.4284715699350929,0.2186236977941779
gemma4_12b,self_ask,one_shot,uncapped,union,100,1.3222784885577858,0.6183804967957031,0.7639966725628653,0.6719465624996359,0.23303735152411878,0.10809067238618492,0.1515252310209231,0.4572351445534136,0.22956935690972696,0.3556033739881162,0.2040781429671932
gemma4_12b,self_ask,zero_shot,capped,approach,100,0.7338524085795507,0.6619999999999999,0.6766569264069264,0.645639832389832,0.21746784770110852,0.11581908776593394,0.17434964327322028,0.4897748197527478,0.29325174859619874,0.4461784208338833,0.2718287775606631
gemma4_12b,self_ask,zero_shot,capped,challenge,100,0.7338524085795507,0.5516666666666667,0.5341706349206349,0.5111559551559549,0.24393751807805125,0.09709235462342444,0.18006361770326762,0.4220026765441394,0.226199582941474,0.37142590290099414,0.19136228519772655
gemma4_12b,self_ask,zero_shot,capped,outcome,100,0.7338524085795507,0.7441666666666668,0.6801522366522365,0.6865073260073257,0.28786905235810983,0.14010048326861788,0.2214473538037741,0.49672704879223367,0.26550581130613354,0.4284715699350929,0.20702421613131855
gemma4_12b,self_ask,zero_shot,capped,union,100,0.7338524085795507,0.684499888999889,0.6332954491104981,0.6487937246344392,0.27841516575466363,0.1280255915910217,0.1772856759612741,0.4572351445534136,0.22956935690972696,0.3556033739881162,0.17831769802684228
gemma4_12b,self_ask,zero_shot,uncapped,approach,100,0.7945442823320628,0.5497685896025172,0.8482896825396824,0.6330226360777711,0.1628365372670719,0.08978005242652883,0.13356094909219438,0.4897748197527478,0.29325174859619874,0.4461784208338833,0.31261747174168886
gemma4_12b,self_ask,zero_shot,uncapped,challenge,100,0.7945442823320628,0.47121398862575326,0.6074722222222223,0.4854530077765372,0.20635788716510725,0.08289829307301401,0.15214640339537852,0.4220026765441394,0.226199582941474,0.37142590290099414,0.21927949950561573
gemma4_12b,self_ask,zero_shot,uncapped,outcome,100,0.7945442823320628,0.6778825618825617,0.8233088023088022,0.7147569597473012,0.2499649849099323,0.12642878298285182,0.19818648131301292,0.49672704879223367,0.26550581130613354,0.4284715699350929,0.23028508862207991
gemma4_12b,self_ask,zero_shot,uncapped,union,100,0.7945442823320628,0.5736906259827068,0.80589368134184,0.6564106584208435,0.21077362737303346,0.09946715884226856,0.1383591273860442,0.4572351445534136,0.22956935690972696,0.3556033739881162,0.21724424660207223
gemma4_12b,self_ask_trace,one_shot,capped,approach,100,1.5614920702436939,0.6896666666666667,0.6779787157287154,0.6606095097712739,0.22673566871652207,0.11965280203970126,0.1803687699971829,0.4897748197527478,0.29325174859619874,0.4461784208338833,0.2658096508367004
gemma4_12b,self_ask_trace,one_shot,capped,challenge,100,1.5614920702436939,0.5416666666666666,0.5050992063492062,0.49012493062493045,0.2470317203692197,0.09704588980571796,0.18267761305877847,0.4220026765441394,0.226199582941474,0.37142590290099414,0.18874828984221573
gemma4_12b,self_ask_trace,one_shot,capped,outcome,100,1.5614920702436939,0.7858333333333334,0.6713069985569983,0.7011573981573977,0.3019567255476884,0.14885784287140016,0.23387491056467244,0.49672704879223367,0.26550581130613354,0.4284715699350929,0.19459665937042017
gemma4_12b,self_ask_trace,one_shot,capped,union,100,1.5614920702436939,0.7016311743811745,0.6186239723244705,0.6482524950606937,0.2875290902884127,0.13113427326391935,0.18288079236571067,0.4572351445534136,0.22956935690972696,0.3556033739881162,0.17272258162240575
gemma4_12b,self_ask_trace,one_shot,uncapped,approach,100,1.6509763211384416,0.5897769335927231,0.8442153679653677,0.6659602471502859,0.17408208771782888,0.09514548053787066,0.14170642839383482,0.4897748197527478,0.29325174859619874,0.4461784208338833,0.3044719924400485
gemma4_12b,self_ask_trace,one_shot,uncapped,challenge,100,1.6509763211384416,0.4835187210450367,0.5867222222222221,0.4822746893629246,0.20807627596192663,0.08289377341092738,0.1553397065930484,0.4220026765441394,0.226199582941474,0.37142590290099414,0.2160861963079457
gemma4_12b,self_ask_trace,one_shot,uncapped,outcome,100,1.6509763211384416,0.7434990842490841,0.7889635642135641,0.7338663799968143,0.27205963988618076,0.136752223354227,0.21252970542989683,0.49672704879223367,0.26550581130613354,0.4284715699350929,0.21594186450519592
gemma4_12b,self_ask_trace,one_shot,uncapped,union,100,1.6509763211384416,0.6072271382300424,0.7778682407073337,0.667330977433779,0.22585075687871906,0.10492209462031242,0.14819740590494848,0.4572351445534136,0.22956935690972696,0.3556033739881162,0.20740596808316789
gemma4_12b,self_critique,one_shot,capped,approach,100,1.3528428602777423,0.6941666666666667,0.6658163780663782,0.6571501994737283,0.2294212376425201,0.12214259059688683,0.18026084291707195,0.4897748197527478,0.29325174859619874,0.4461784208338833,0.2659175779168113
gemma4_12b,self_critique,one_shot,capped,challenge,100,1.3528428602777423,0.5591666666666667,0.49934523809523795,0.49270940170940153,0.2504554419064273,0.09840043659978406,0.18499201036441032,0.4220026765441394,0.226199582941474,0.37142590290099414,0.18643389253658388
gemma4_12b,self_critique,one_shot,capped,outcome,100,1.3528428602777423,0.7858333333333334,0.6850133477633478,0.7091251526251522,0.29806164634199134,0.14818640486667006,0.23239725276099235,0.49672704879223367,0.26550581130613354,0.4284715699350929,0.19607431717410045
gemma4_12b,self_critique,one_shot,capped,union,100,1.3528428602777423,0.7015014152514156,0.6099043114813577,0.6440901781556589,0.28978378658569764,0.13268572528018507,0.1835432925297745,0.4572351445534136,0.22956935690972696,0.3556033739881162,0.17206008145834206
gemma4_12b,self_critique,one_shot,uncapped,approach,100,1.337462035161443,0.6499626762126759,0.7801782106782105,0.6796388496722859,0.1965379737967681,0.10830896864007863,0.15980097177113461,0.4897748197527478,0.29325174859619874,0.4461784208338833,0.28637744906274865
gemma4_12b,self_critique,one_shot,uncapped,challenge,100,1.337462035161443,0.4908055555555556,0.5760555555555555,0.4874642187877482,0.21715656756190183,0.08542034510167947,0.15944949282055676,0.4220026765441394,0.226199582941474,0.37142590290099414,0.21197641008043744
gemma4_12b,self_critique,one_shot,uncapped,outcome,100,1.337462035161443,0.7415885078973312,0.7918405483405485,0.737791852672287,0.271618145257571,0.1376708688022546,0.21292393099753734,0.49672704879223367,0.26550581130613354,0.4284715699350929,0.21554763893755535
gemma4_12b,self_critique,one_shot,uncapped,union,100,1.337462035161443,0.6331835431235823,0.7395278472705108,0.6698450040416458,0.24149053753753116,0.11152682790814396,0.15662127305583312,0.4572351445534136,0.22956935690972696,0.3556033739881162,0.1989821009322832
gemma4_12b,self_critique,zero_shot,capped,approach,100,0.7524423087202012,0.6708333333333332,0.6736331168831168,0.6493654123654116,0.2225814256617681,0.11867328174762536,0.17844288581662632,0.4897748197527478,0.29325174859619874,0.4461784208338833,0.267735535017257
gemma4_12b,self_critique,zero_shot,capped,challenge,100,0.7524423087202012,0.5658333333333334,0.5205039682539682,0.5068384948384945,0.25233524885749853,0.10014934217496205,0.18571057221165474,0.4220026765441394,0.226199582941474,0.37142590290099414,0.18571533068933938
gemma4_12b,self_critique,zero_shot,capped,outcome,100,0.7524423087202012,0.7441666666666669,0.6726522366522366,0.6831263736263733,0.28998796307539754,0.14133576574518986,0.22371489679822307,0.49672704879223367,0.26550581130613354,0.4284715699350929,0.20475667313686963
gemma4_12b,self_critique,zero_shot,capped,union,100,0.7524423087202012,0.6898222888222889,0.6224978642713533,0.6451889538676935,0.283454918078703,0.12970726828689266,0.1800788274725388,0.4572351445534136,0.22956935690972696,0.3556033739881162,0.17552454651557758
gemma4_12b,self_critique,zero_shot,uncapped,approach,100,0.7876017881417647,0.5852770338731086,0.8370277777777777,0.6563476170843109,0.17249909650551626,0.0948120997345697,0.14207133329385224,0.4897748197527478,0.29325174859619874,0.4461784208338833,0.304107087540031
gemma4_12b,self_critique,zero_shot,uncapped,challenge,100,0.7876017881417647,0.49540331890331885,0.6008888888888888,0.49954043179043167,0.21251966376585862,0.08545894467305454,0.1560839989044716,0.4220026765441394,0.226199582941474,0.37142590290099414,0.21534190399652245
gemma4_12b,self_critique,zero_shot,uncapped,outcome,100,0.7876017881417647,0.7092674825174824,0.8079754689754689,0.7252799878887504,0.2573257155931404,0.12987098962781546,0.20250518772332687,0.49672704879223367,0.26550581130613354,0.4284715699350929,0.2259663822117659
gemma4_12b,self_critique,zero_shot,uncapped,union,100,0.7876017881417647,0.5997965545057016,0.7873597504034975,0.6679442487077485,0.22089023112762987,0.10252287505118166,0.14489552261654523,0.4572351445534136,0.22956935690972696,0.3556033739881162,0.21070785137157114
gemma4_12b,simulated_tool_augmented,one_shot,capped,approach,100,1.2392599103227258,0.6996666666666667,0.6715227272727272,0.6618369294104582,0.22602383684152552,0.1209465835307781,0.1789386916400939,0.4897748197527478,0.29325174859619874,0.4461784208338833,0.26723972919378935
gemma4_12b,simulated_tool_augmented,one_shot,capped,challenge,100,1.2392599103227258,0.5583333333333333,0.5116230158730158,0.49835653235653204,0.24699170399877107,0.09852932766396263,0.18217959703234562,0.4220026765441394,0.226199582941474,0.37142590290099414,0.18924630586864852
gemma4_12b,simulated_tool_augmented,one_shot,capped,outcome,100,1.2392599103227258,0.7825,0.6783466810966808,0.7025299145299141,0.29706263776527964,0.1461463333934575,0.23039224040430448,0.49672704879223367,0.26550581130613354,0.4284715699350929,0.19807932953078833
gemma4_12b,simulated_tool_augmented,one_shot,capped,union,100,1.2392599103227258,0.7069802419802425,0.6192346775806866,0.6513856689351326,0.28749108014874675,0.13202989276275845,0.18103561695461515,0.4572351445534136,0.22956935690972696,0.3556033739881162,0.17456775703350133
gemma4_12b,simulated_tool_augmented,one_shot,uncapped,approach,100,1.31915223732125,0.6406952505011327,0.7934047619047615,0.6779861133148677,0.19340981492495665,0.10688468466207594,0.1571498061536099,0.4897748197527478,0.29325174859619874,0.4461784208338833,0.2890286146802733
gemma4_12b,simulated_tool_augmented,one_shot,uncapped,challenge,100,1.31915223732125,0.48888434604611075,0.5814444444444444,0.48797328479913604,0.21260872496759955,0.08449889366820726,0.1574062542069458,0.4220026765441394,0.226199582941474,0.37142590290099414,0.21401964869404846
gemma4_12b,simulated_tool_augmented,one_shot,uncapped,outcome,100,1.31915223732125,0.7433324175824174,0.7975349927849927,0.740609192739627,0.27224992546187154,0.13729577318208402,0.21356458249931418,0.49672704879223367,0.26550581130613354,0.4284715699350929,0.2149069874357786
gemma4_12b,simulated_tool_augmented,one_shot,uncapped,union,100,1.31915223732125,0.6279818622663444,0.7549360969156025,0.6733874371418875,0.23741607405637796,0.10989804938874599,0.15428994982504246,0.4572351445534136,0.22956935690972696,0.3556033739881162,0.20131342416307382
gemma4_12b,simulated_tool_augmented,zero_shot,capped,approach,100,0.7365941442735493,0.6563333333333332,0.6712402597402596,0.6408270618270612,0.2189672294596276,0.11607181813025828,0.1748674709902743,0.4897748197527478,0.29325174859619874,0.4461784208338833,0.27131094984360904
gemma4_12b,simulated_tool_augmented,zero_shot,capped,challenge,100,0.7365941442735493,0.5666666666666667,0.529765873015873,0.5117360417360416,0.25097127437330047,0.09953266965030771,0.18383453369047076,0.4220026765441394,0.226199582941474,0.37142590290099414,0.18759136921052338
gemma4_12b,simulated_tool_augmented,zero_shot,capped,outcome,100,0.7365941442735493,0.7450000000000001,0.680191919191919,0.6869613719613716,0.2871410891634777,0.14161562416852067,0.22124988263046755,0.49672704879223367,0.26550581130613354,0.4284715699350929,0.20722168730462515
gemma4_12b,simulated_tool_augmented,zero_shot,capped,union,100,0.7365941442735493,0.6817717837717838,0.625233219673269,0.643092090415298,0.2798562161574544,0.1286541023248652,0.1779190989535568,0.4572351445534136,0.22956935690972696,0.3556033739881162,0.1776842750345596
gemma4_12b,simulated_tool_augmented,zero_shot,uncapped,approach,100,0.7940735810110345,0.5520664036536292,0.8416111111111111,0.6347103328649629,0.16596041523912203,0.09085103927007517,0.1351977216219592,0.4897748197527478,0.29325174859619874,0.4461784208338833,0.3109806992119241
gemma4_12b,simulated_tool_augmented,zero_shot,uncapped,challenge,100,0.7940735810110345,0.48925655716832184,0.5988055555555555,0.49286335886335875,0.21228091895267215,0.08600690698423583,0.15567650410037037,0.4220026765441394,0.226199582941474,0.37142590290099414,0.2157493988006238
gemma4_12b,simulated_tool_augmented,zero_shot,uncapped,outcome,100,0.7940735810110345,0.6869539904539903,0.8158088023088023,0.7163224677686917,0.2523162181495073,0.12763908975858618,0.1991132967009938,0.49672704879223367,0.26550581130613354,0.4284715699350929,0.22935827323409896
gemma4_12b,simulated_tool_augmented,zero_shot,uncapped,union,100,0.7940735810110345,0.5812092731168301,0.7974860899652084,0.65886937023614,0.21490158487649672,0.10102882099229042,0.1410131634613235,0.4572351445534136,0.22956935690972696,0.3556033739881162,0.21459021052679295
gemma4_12b,tool_augmented,one_shot,capped,approach,100,1.640284609370865,0.7264999999999999,0.6585541125541122,0.6698748000365642,0.2281146422915572,0.12203095500537188,0.18014553296446564,0.4897748197527478,0.29325174859619874,0.4461784208338833,0.2660328878694177
gemma4_12b,tool_augmented,one_shot,capped,challenge,100,1.640284609370865,0.5175,0.467968253968254,0.46007226107226096,0.23546988262896576,0.09325158940621298,0.17010929830525906,0.4220026765441394,0.226199582941474,0.37142590290099414,0.20131660459573505
gemma4_12b,tool_augmented,one_shot,capped,outcome,100,1.640284609370865,0.7816666666666668,0.6560252525252523,0.690183594183594,0.2889828224056161,0.1408127698883289,0.22386622496717315,0.49672704879223367,0.26550581130613354,0.4284715699350929,0.20460534496791957
gemma4_12b,tool_augmented,one_shot,capped,union,100,1.640284609370865,0.7220985403485402,0.5977132118322891,0.6446986191013311,0.28451520967722543,0.12863067263101183,0.17972296923444905,0.4572351445534136,0.22956935690972696,0.3556033739881162,0.17588040475366737
gemma4_12b,tool_augmented,one_shot,uncapped,approach,100,1.7023837986402213,0.7213654401154399,0.7134137806637804,0.6937109283830238,0.21379110735305212,0.11583700699492917,0.17165317180335868,0.4897748197527478,0.29325174859619874,0.4461784208338833,0.27452524903052455
gemma4_12b,tool_augmented,one_shot,uncapped,challenge,100,1.7023837986402213,0.5400396825396825,0.5149960317460317,0.48562237762237737,0.2337207796341105,0.09639585975217076,0.17401592943044836,0.4220026765441394,0.226199582941474,0.37142590290099414,0.19740997347054592
gemma4_12b,tool_augmented,one_shot,uncapped,outcome,100,1.7023837986402213,0.7879920634920636,0.7235858585858584,0.7250388715171994,0.2867599291857071,0.14310236561949716,0.22337041006867986,0.49672704879223367,0.26550581130613354,0.4284715699350929,0.2051011598664129
gemma4_12b,tool_augmented,one_shot,uncapped,union,100,1.7023837986402213,0.7073386738562433,0.6669712626610763,0.6741295658248185,0.2673244180213937,0.12369424071477722,0.17284608374172122,0.4572351445534136,0.22956935690972696,0.3556033739881162,0.1827572902463952
gemma4_12b,tool_augmented,zero_shot,capped,approach,100,0.9372693660203367,0.6665000000000001,0.6509354256854255,0.6361309132044421,0.21184374400682235,0.11129460331999094,0.16962309426079966,0.4897748197527478,0.29325174859619874,0.4461784208338833,0.2765553265730836
gemma4_12b,tool_augmented,zero_shot,capped,challenge,100,0.9372693660203367,0.49500000000000005,0.46075396825396814,0.44579087579087573,0.23103742245358616,0.0892096396408128,0.1653522209214984,0.4220026765441394,0.226199582941474,0.37142590290099414,0.2060736819794958
gemma4_12b,tool_augmented,zero_shot,capped,outcome,100,0.9372693660203367,0.7058333333333333,0.6374141414141411,0.6458038628038623,0.27488490336937377,0.1309778461069674,0.21185821577510883,0.49672704879223367,0.26550581130613354,0.4284715699350929,0.216613354159984
gemma4_12b,tool_augmented,zero_shot,capped,union,100,0.9372693660203367,0.6758700743700743,0.5933299144021651,0.6223305995854145,0.27113169596081055,0.12101722136679288,0.16982039783667766,0.4572351445534136,0.22956935690972696,0.3556033739881162,0.18578297615143868
gemma4_12b,tool_augmented,zero_shot,uncapped,approach,100,0.9558680098317563,0.6472226335755749,0.7606580086580083,0.6749840601532917,0.19324117258623466,0.10534384599205579,0.15751193399582702,0.4897748197527478,0.29325174859619874,0.4461784208338833,0.28866648683805624
gemma4_12b,tool_augmented,zero_shot,uncapped,challenge,100,0.9558680098317563,0.5056309523809525,0.5402896825396825,0.4823510656010653,0.22174711294424365,0.08810119458429931,0.1606222537094473,0.4220026765441394,0.226199582941474,0.37142590290099414,0.2108036491915469
gemma4_12b,tool_augmented,zero_shot,uncapped,outcome,100,0.9558680098317563,0.7364830447330448,0.7647211399711399,0.720827339327339,0.2671298158181323,0.13542355039219384,0.20958410514346537,0.49672704879223367,0.26550581130613354,0.4284715699350929,0.21888746479162735
gemma4_12b,tool_augmented,zero_shot,uncapped,union,100,0.9558680098317563,0.6593112968938725,0.721959237633487,0.675991938587413,0.24290144894341842,0.11236879333178008,0.15700908744290282,0.4572351445534136,0.22956935690972696,0.3556033739881162,0.19859428654521352
gemma4_12b,vanilla,one_shot,capped,approach,100,1.2437457970995456,0.7006666666666667,0.6751497113997114,0.6649802860538151,0.2280932568802783,0.12292084020391159,0.18091763140174533,0.4897748197527478,0.29325174859619874,0.4461784208338833,0.265260789432138
gemma4_12b,vanilla,one_shot,capped,challenge,100,1.2437457970995456,0.56,0.5131944444444444,0.5008399378399375,0.24905090949959205,0.09844075920304714,0.18423884352454167,0.4220026765441394,0.226199582941474,0.37142590290099414,0.18718705937645247
gemma4_12b,vanilla,one_shot,capped,outcome,100,1.2437457970995456,0.7666666666666667,0.6705689033189033,0.6909200244200241,0.2964741897736916,0.14529354216282853,0.22923157665743063,0.49672704879223367,0.26550581130613354,0.4284715699350929,0.19923999327766212
gemma4_12b,vanilla,one_shot,capped,union,100,1.2437457970995456,0.7061868131868134,0.6190141389174234,0.6512962076265044,0.288988260976611,0.1320700018338404,0.18207909017877147,0.4572351445534136,0.22956935690972696,0.3556033739881162,0.1735242838093451
gemma4_12b,vanilla,one_shot,uncapped,approach,100,1.2804137818422168,0.631085959791842,0.8020714285714284,0.6761709699515122,0.19008175143806155,0.10467352316351869,0.15431161646046196,0.4897748197527478,0.29325174859619874,0.4461784208338833,0.2918668043734213
gemma4_12b,vanilla,one_shot,uncapped,challenge,100,1.2804137818422168,0.4921761294261294,0.5839444444444445,0.4896401734660247,0.2114407185597843,0.08414804984692786,0.15724744869593615,0.4220026765441394,0.226199582941474,0.37142590290099414,0.21417845420505802
gemma4_12b,vanilla,one_shot,uncapped,outcome,100,1.2804137818422168,0.7353681318681317,0.7972135642135642,0.7355983424787768,0.2680429817733684,0.13359697509390153,0.20916260585173985,0.49672704879223367,0.26550581130613354,0.4284715699350929,0.21930896408335293
gemma4_12b,vanilla,one_shot,uncapped,union,100,1.2804137818422168,0.6265138914362062,0.7620141781480955,0.6760426806112351,0.23547639126444547,0.10943738560309138,0.15294902542757602,0.4572351445534136,0.22956935690972696,0.3556033739881162,0.2026543485605403
gemma4_12b,vanilla,zero_shot,capped,approach,100,0.7106009427411482,0.6623333333333333,0.6737359307359305,0.6451085221967567,0.2203663814646363,0.11737186211625782,0.1753663861853541,0.4897748197527478,0.29325174859619874,0.4461784208338833,0.2708120346485293
gemma4_12b,vanilla,zero_shot,capped,challenge,100,0.7106009427411482,0.5625,0.5205039682539682,0.5045051615051612,0.25036493603306675,0.09846945651742475,0.18332963646340517,0.4220026765441394,0.226199582941474,0.37142590290099414,0.188096266437589
gemma4_12b,vanilla,zero_shot,capped,outcome,100,0.7106009427411482,0.7508333333333335,0.6813189033189032,0.6903009768009764,0.28961491341487516,0.1395703998478597,0.22249516265324648,0.49672704879223367,0.26550581130613354,0.4284715699350929,0.20597640728184616
gemma4_12b,vanilla,zero_shot,capped,union,100,0.7106009427411482,0.6880638250638249,0.6259627327362218,0.6462399518873823,0.2815755436468534,0.12846056684531904,0.1777323654994053,0.4572351445534136,0.22956935690972696,0.3556033739881162,0.17787100848871107
gemma4_12b,vanilla,zero_shot,uncapped,approach,100,0.7667868320411071,0.5591272531524906,0.8422777777777778,0.6406903184166203,0.16639842189657097,0.09091844970333364,0.13593949705431027,0.4897748197527478,0.29325174859619874,0.4461784208338833,0.310238923779573
gemma4_12b,vanilla,zero_shot,uncapped,challenge,100,0.7667868320411071,0.48949717765894235,0.5955555555555555,0.4932519848572479,0.2128161433258569,0.08591314982083009,0.15670931606409266,0.4220026765441394,0.226199582941474,0.37142590290099414,0.2147165868369015
gemma4_12b,vanilla,zero_shot,uncapped,outcome,100,0.7667868320411071,0.6841563714063712,0.8233088023088022,0.7189113886517302,0.25148981829046324,0.127074995576329,0.19932084207744968,0.49672704879223367,0.26550581130613354,0.4284715699350929,0.2291507278576431
gemma4_12b,vanilla,zero_shot,uncapped,union,100,0.7667868320411071,0.5851799630363438,0.7967753609367548,0.6610528291537789,0.21634816704895748,0.10179695923146842,0.14179213002263708,0.4572351445534136,0.22956935690972696,0.3556033739881162,0.21381124396547932
gemma4_e4b,chain_of_thought,one_shot,capped,approach,100,0.27870102804154157,0.6843333333333333,0.6310620490620488,0.635135483797248,0.22754016049759557,0.12220089009917988,0.18017444520242193,0.4897748197527478,0.29325174859619874,0.4461784208338833,0.26600397563146155
gemma4_e4b,chain_of_thought,one_shot,capped,challenge,100,0.27870102804154157,0.5975,0.5182380952380952,0.5182747807747804,0.2534170367970653,0.10267154708146008,0.18940633064037904,0.4220026765441394,0.226199582941474,0.37142590290099414,0.1820195722606152
gemma4_e4b,chain_of_thought,one_shot,capped,outcome,100,0.27870102804154157,0.7733333333333334,0.6705209235209234,0.6924685869685865,0.2926408043516979,0.14359011223720608,0.2264407810953025,0.49672704879223367,0.26550581130613354,0.4284715699350929,0.20203078883979025
gemma4_e4b,chain_of_thought,one_shot,capped,union,100,0.27870102804154157,0.7259523254523252,0.6127078963852589,0.65569360862336,0.29170199347937426,0.13253672142236944,0.18383796305818817,0.4572351445534136,0.22956935690972696,0.3556033739881162,0.17176541092992828
gemma4_e4b,chain_of_thought,one_shot,uncapped,approach,100,8.669319046926685,0.6617454138998257,0.7163906926406921,0.6555828421871709,0.20745418616415295,0.11188520323785646,0.166843857389799,0.4897748197527478,0.29325174859619874,0.4461784208338833,0.27933456344408436
gemma4_e4b,chain_of_thought,one_shot,uncapped,challenge,100,8.669319046926685,0.5664119491619493,0.551107142857143,0.5045871922195448,0.2333087968378415,0.09405592854590467,0.17409997634246685,0.4220026765441394,0.226199582941474,0.37142590290099414,0.19732592655852735
gemma4_e4b,chain_of_thought,one_shot,uncapped,outcome,100,8.669319046926685,0.7611587301587303,0.7304747474747475,0.7144632268316474,0.2767512239927867,0.1364422743275551,0.2161997253115095,0.49672704879223367,0.26550581130613354,0.4284715699350929,0.21227184462358323
gemma4_e4b,chain_of_thought,one_shot,uncapped,union,100,8.669319046926685,0.670392506214639,0.695022641163222,0.6661575731075758,0.25653953172909566,0.1169017768041887,0.16434296207745341,0.4572351445534136,0.22956935690972696,0.3556033739881162,0.19126041191066281
gemma4_e4b,chain_of_thought,zero_shot,capped,approach,100,0.24715473965276033,0.6861666666666666,0.6530411255411254,0.6446849376114077,0.22451680855528566,0.12085164704152725,0.17862613716472392,0.4897748197527478,0.29325174859619874,0.4461784208338833,0.2675522836691595
gemma4_e4b,chain_of_thought,zero_shot,capped,challenge,100,0.24715473965276033,0.5733333333333334,0.5399603174603174,0.5229472749472746,0.24555231640839145,0.09870186380556528,0.18370252360261977,0.4220026765441394,0.226199582941474,0.37142590290099414,0.18772337929837438
gemma4_e4b,chain_of_thought,zero_shot,capped,outcome,100,0.24715473965276033,0.7416666666666668,0.6601919191919191,0.6712708957708952,0.2871051057528448,0.14042072374329637,0.22248031874161348,0.49672704879223367,0.26550581130613354,0.4284715699350929,0.20599125119347916
gemma4_e4b,chain_of_thought,zero_shot,capped,union,100,0.24715473965276033,0.705478771228771,0.6235301240801645,0.6527728514400865,0.28525651099008564,0.13099622431692962,0.17953883273709695,0.4572351445534136,0.22956935690972696,0.3556033739881162,0.17606454125101934
gemma4_e4b,chain_of_thought,zero_shot,uncapped,approach,100,0.259155666581355,0.5716791896296373,0.8363535353535353,0.6360543202462818,0.1689175390155486,0.09443708139069934,0.13764148019121097,0.4897748197527478,0.29325174859619874,0.4461784208338833,0.3085369406426723
gemma4_e4b,chain_of_thought,zero_shot,uncapped,challenge,100,0.259155666581355,0.4975353257853257,0.6151111111111114,0.49453855939382224,0.2114182894059007,0.0856634714574109,0.15570629189427762,0.4220026765441394,0.226199582941474,0.37142590290099414,0.21571961100671647
gemma4_e4b,chain_of_thought,zero_shot,uncapped,outcome,100,0.259155666581355,0.6806902680652682,0.7963607503607504,0.7006270135093662,0.25605644655325394,0.1304676039119974,0.20059610181766221,0.49672704879223367,0.26550581130613354,0.4284715699350929,0.22787546811743056
gemma4_e4b,chain_of_thought,zero_shot,uncapped,union,100,0.259155666581355,0.5859985869319644,0.8068320148951118,0.665211393298768,0.2150595407522371,0.10298251623679607,0.14173254162493237,0.4572351445534136,0.22956935690972696,0.3556033739881162,0.21387083236318408
gemma4_e4b,chain_of_thought_trace,one_shot,capped,approach,100,0.291911407453008,0.7180000000000001,0.6798708513708511,0.6760396466278817,0.22984437907212435,0.12555190937491956,0.1831381610051251,0.4897748197527478,0.29325174859619874,0.4461784208338833,0.2630402598287581
gemma4_e4b,chain_of_thought_trace,one_shot,capped,challenge,100,0.291911407453008,0.5875,0.5148809523809522,0.512249528249528,0.25600950102284536,0.10315854132997673,0.1905738307447117,0.4220026765441394,0.226199582941474,0.37142590290099414,0.1808520721562825
gemma4_e4b,chain_of_thought_trace,one_shot,capped,outcome,100,0.291911407453008,0.7466666666666667,0.6840133477633475,0.684635253635253,0.283290200488258,0.1391969871277736,0.2191957169093402,0.49672704879223367,0.26550581130613354,0.4284715699350929,0.20927585302575252
gemma4_e4b,chain_of_thought_trace,one_shot,capped,union,100,0.291911407453008,0.7355563325563323,0.6351979763946889,0.6727523215631739,0.29042163220122214,0.1331702367472641,0.185049368062753,0.4572351445534136,0.22956935690972696,0.3556033739881162,0.17055400592536332
gemma4_e4b,chain_of_thought_trace,one_shot,uncapped,approach,100,0.2957961464021355,0.6414386813101649,0.8090230880230878,0.6800934760545823,0.19048320250551198,0.10541705208030291,0.15415534467639858,0.4897748197527478,0.29325174859619874,0.4461784208338833,0.29202307615748474
gemma4_e4b,chain_of_thought_trace,one_shot,uncapped,challenge,100,0.2957961464021355,0.5628476245976247,0.5467738095238095,0.5063229592045377,0.23107018914745392,0.09495391191267995,0.1724078875703546,0.4220026765441394,0.226199582941474,0.37142590290099414,0.19901801533063948
gemma4_e4b,chain_of_thought_trace,one_shot,uncapped,outcome,100,0.2957961464021355,0.6809322744249213,0.8119163059163061,0.7063111168157602,0.2483701052146388,0.12469120783575909,0.19451625474483575,0.49672704879223367,0.26550581130613354,0.4284715699350929,0.2339553151902569
gemma4_e4b,chain_of_thought_trace,one_shot,uncapped,union,100,0.2957961464021355,0.6476682546823315,0.7708038062485665,0.6895235740781223,0.23589142850265238,0.11257220728173972,0.1544563929527686,0.4572351445534136,0.22956935690972696,0.3556033739881162,0.20114698103534775
gemma4_e4b,contrastive_joint,one_shot,capped,approach,100,0.2776641200436279,0.7021666666666668,0.637907287157287,0.6477363273980917,0.22898219031005904,0.12255123368852042,0.1808025537262186,0.4897748197527478,0.29325174859619874,0.4461784208338833,0.2653758671076648
gemma4_e4b,contrastive_joint,one_shot,capped,challenge,100,0.2776641200436279,0.6100000000000001,0.5114761904761904,0.5194962814962811,0.2523427368704773,0.1024864346681497,0.19157437941673258,0.4220026765441394,0.226199582941474,0.37142590290099414,0.17985152348426162
gemma4_e4b,contrastive_joint,one_shot,capped,outcome,100,0.2776641200436279,0.7916666666666669,0.6712709235209234,0.7007759462759457,0.2934475031848207,0.14370874732901298,0.22795556764729455,0.49672704879223367,0.26550581130613354,0.4284715699350929,0.20051600228779812
gemma4_e4b,contrastive_joint,one_shot,capped,union,100,0.2776641200436279,0.7279126706626703,0.607464988965881,0.6534851199150047,0.290892870120371,0.131426789204781,0.18355208667429435,0.4572351445534136,0.22956935690972696,0.3556033739881162,0.172051287313822
gemma4_e4b,contrastive_joint,one_shot,uncapped,approach,100,0.2820676015689969,0.6614239298283419,0.7145454545454542,0.6551609865230552,0.20910710596067156,0.11244347607008405,0.16811692402395573,0.4897748197527478,0.29325174859619874,0.4461784208338833,0.2780614968099276
gemma4_e4b,contrastive_joint,one_shot,uncapped,challenge,100,0.2820676015689969,0.5655057720057721,0.5408452380952382,0.5027310238780823,0.2301399705423078,0.09167021595440096,0.17155122326515912,0.4220026765441394,0.226199582941474,0.37142590290099414,0.19987467963583505
gemma4_e4b,contrastive_joint,one_shot,uncapped,outcome,100,0.2820676015689969,0.7595873015873016,0.7507323232323234,0.722001361383714,0.27498821026087705,0.13572246234152993,0.21510340504006933,0.49672704879223367,0.26550581130613354,0.4284715699350929,0.21336816489502353
gemma4_e4b,contrastive_joint,one_shot,uncapped,union,100,0.2820676015689969,0.6734613108458177,0.7006091276041977,0.6711326214640543,0.25587380959104933,0.11678909732519166,0.16365893554495944,0.4572351445534136,0.22956935690972696,0.3556033739881162,0.19194443844315676
gemma4_e4b,contrastive_joint,zero_shot,capped,approach,100,0.24985514602158218,0.6883333333333332,0.6445411255411251,0.64435141002788,0.22693117695406775,0.12287541123664264,0.18107080451415045,0.4897748197527478,0.29325174859619874,0.4461784208338833,0.2651076163197329
gemma4_e4b,contrastive_joint,zero_shot,capped,challenge,100,0.24985514602158218,0.5883333333333333,0.5334325396825396,0.5224075924075922,0.2479601144931895,0.10080176925792957,0.18505715240732393,0.4220026765441394,0.226199582941474,0.37142590290099414,0.18636875049367024
gemma4_e4b,contrastive_joint,zero_shot,capped,outcome,100,0.24985514602158218,0.7433333333333334,0.6552633477633475,0.6691172161172156,0.2899671741018275,0.14210683150898995,0.22338105239754838,0.49672704879223367,0.26550581130613354,0.4284715699350929,0.20509051753754434
gemma4_e4b,contrastive_joint,zero_shot,capped,union,100,0.24985514602158218,0.7102195027195026,0.617802951313131,0.6519616257930961,0.28713404849084584,0.13191556205607174,0.18168730625966456,0.4572351445534136,0.22956935690972696,0.3556033739881162,0.1739160677284518
gemma4_e4b,contrastive_joint,zero_shot,uncapped,approach,100,0.2563576184678823,0.5882662125456243,0.8057655122655121,0.6369991380819213,0.1767897245841162,0.09824601038767314,0.14378870565154286,0.4897748197527478,0.29325174859619874,0.4461784208338833,0.30238971518234065
gemma4_e4b,contrastive_joint,zero_shot,uncapped,challenge,100,0.2563576184678823,0.5192943722943721,0.6000396825396827,0.5008455024507653,0.2162136854972828,0.08954287943062876,0.1636693589139581,0.4220026765441394,0.226199582941474,0.37142590290099414,0.20775654398703608
gemma4_e4b,contrastive_joint,zero_shot,uncapped,outcome,100,0.2563576184678823,0.6876787518037517,0.7885274170274171,0.7009147796647792,0.2564220710228592,0.1302895948936398,0.20227029021105575,0.49672704879223367,0.26550581130613354,0.4284715699350929,0.22620127972403695
gemma4_e4b,contrastive_joint,zero_shot,uncapped,union,100,0.2563576184678823,0.5972235931825303,0.7834520695051046,0.6644023146682855,0.22089069043340853,0.1045235160637747,0.1449658740882311,0.4572351445534136,0.22956935690972696,0.3556033739881162,0.21063749989988537
gemma4_e4b,explanation_based,one_shot,capped,approach,100,0.27926825638394803,0.6953333333333334,0.6439787157287153,0.6474069068186712,0.22830921789415076,0.12182935794142273,0.18026758301529025,0.4897748197527478,0.29325174859619874,0.4461784208338833,0.2659108378185932
gemma4_e4b,explanation_based,one_shot,capped,challenge,100,0.27926825638394803,0.5941666666666667,0.5087380952380951,0.5106001776001773,0.2507142834827812,0.100178543375013,0.1858243600919505,0.4220026765441394,0.226199582941474,0.37142590290099414,0.18560154280904373
gemma4_e4b,explanation_based,one_shot,capped,outcome,100,0.27926825638394803,0.7641666666666667,0.6726042568542566,0.6904527139527136,0.28815529353813946,0.14072982447414945,0.22270323042434362,0.49672704879223367,0.26550581130613354,0.4284715699350929,0.20576833951074916
gemma4_e4b,explanation_based,one_shot,capped,union,100,0.27926825638394803,0.7259874569874567,0.6145508661090335,0.6566361717116038,0.2901401272032222,0.13045104265742558,0.18150896309859657,0.4572351445534136,0.22956935690972696,0.3556033739881162,0.1740944108895197
gemma4_e4b,explanation_based,one_shot,uncapped,approach,100,0.2827022393606603,0.6595156371406372,0.7169419191919189,0.6526436327553918,0.2070097167376449,0.11293466017103203,0.1664982578442061,0.4897748197527478,0.29325174859619874,0.4461784208338833,0.2796801629896773
gemma4_e4b,explanation_based,one_shot,uncapped,challenge,100,0.2827022393606603,0.5691767676767677,0.5539285714285715,0.5119017856068937,0.23214613332814213,0.09531908244137668,0.1746796550397443,0.4220026765441394,0.226199582941474,0.37142590290099414,0.1967462478612498
gemma4_e4b,explanation_based,one_shot,uncapped,outcome,100,0.2827022393606603,0.7502499999999999,0.7606414141414142,0.722472846039409,0.27191563158105525,0.13601316091973842,0.21244543876200908,0.49672704879223367,0.26550581130613354,0.4284715699350929,0.21602613117308367
gemma4_e4b,explanation_based,one_shot,uncapped,union,100,0.2827022393606603,0.6731210615894828,0.7079575362624394,0.6747882954050581,0.25424191398473006,0.11757148265568074,0.16261250241813535,0.4572351445534136,0.22956935690972696,0.3556033739881162,0.192990871569981
gemma4_e4b,explanation_based,zero_shot,capped,approach,100,0.25231054629199207,0.6848333333333331,0.6587279942279939,0.6470818266700614,0.2194713560675682,0.11858813814352688,0.1753078480081816,0.4897748197527478,0.29325174859619874,0.4461784208338833,0.2708705728257017
gemma4_e4b,explanation_based,zero_shot,capped,challenge,100,0.25231054629199207,0.5674999999999999,0.5373214285714285,0.5208007548007546,0.2410946081098496,0.09845890258756945,0.18302866908595905,0.4220026765441394,0.226199582941474,0.37142590290099414,0.18839723381503504
gemma4_e4b,explanation_based,zero_shot,capped,outcome,100,0.25231054629199207,0.7433333333333336,0.6631085858585857,0.6733423243423239,0.2884429282556015,0.13982827260153557,0.22150865181777626,0.49672704879223367,0.26550581130613354,0.4284715699350929,0.20696291811731649
gemma4_e4b,explanation_based,zero_shot,capped,union,100,0.25231054629199207,0.7035614663114659,0.6259749643276362,0.6535928323191414,0.28124008552239993,0.1291021117189587,0.17700720236700046,0.4572351445534136,0.22956935690972696,0.3556033739881162,0.1785961716211159
gemma4_e4b,explanation_based,zero_shot,uncapped,approach,100,0.2574459943594411,0.5693642559109278,0.8127817460317458,0.627719600908556,0.1697331832194431,0.0948867289213491,0.13854162523964533,0.4897748197527478,0.29325174859619874,0.4461784208338833,0.307636795594238
gemma4_e4b,explanation_based,zero_shot,uncapped,challenge,100,0.2574459943594411,0.5007095959595959,0.6239007936507938,0.5062869075369072,0.21145851115090905,0.08798265616971777,0.15925504267609453,0.4220026765441394,0.226199582941474,0.37142590290099414,0.21217086022489956
gemma4_e4b,explanation_based,zero_shot,uncapped,outcome,100,0.2574459943594411,0.681259643134643,0.8112774170274171,0.7052107075930601,0.25343277492640653,0.13125042308339618,0.19911996405522064,0.49672704879223367,0.26550581130613354,0.4284715699350929,0.22935160587987213
gemma4_e4b,explanation_based,zero_shot,uncapped,union,100,0.2574459943594411,0.594208318342132,0.8025622943055802,0.6695482067515637,0.2155744260038645,0.10284832693951533,0.14289954540588642,0.4572351445534136,0.22956935690972696,0.3556033739881162,0.21270382858222994
gemma4_e4b,least_to_most,one_shot,capped,approach,100,0.2768123807385564,0.660666666666667,0.6281017316017313,0.6214864106481748,0.2193998731514248,0.11718863015849068,0.17390026755241814,0.4897748197527478,0.29325174859619874,0.4461784208338833,0.27227815328146526
gemma4_e4b,least_to_most,one_shot,capped,challenge,100,0.2768123807385564,0.5658333333333334,0.5154761904761904,0.5055785325785322,0.24266562104910303,0.09643292599926195,0.18034481853199033,0.4220026765441394,0.226199582941474,0.37142590290099414,0.19108108436900387
gemma4_e4b,least_to_most,one_shot,capped,outcome,100,0.2768123807385564,0.6983333333333335,0.6336518759018758,0.6360638250638245,0.26993901996544734,0.13125938055510916,0.20704816508219812,0.49672704879223367,0.26550581130613354,0.4284715699350929,0.22142340485289475
gemma4_e4b,least_to_most,one_shot,capped,union,100,0.2768123807385564,0.7162699522699524,0.5998684988546849,0.6418839661487686,0.29079725711663135,0.13124247083626994,0.18264285454660548,0.4572351445534136,0.22956935690972696,0.3556033739881162,0.17296051944151083
gemma4_e4b,least_to_most,one_shot,uncapped,approach,100,0.2762865931773558,0.6768159618159619,0.7053820346320343,0.6575462945414899,0.213749052399282,0.11577454751286448,0.17159127775670807,0.4897748197527478,0.29325174859619874,0.4461784208338833,0.2745871430771753
gemma4_e4b,least_to_most,one_shot,uncapped,challenge,100,0.2762865931773558,0.5440909090909092,0.539702380952381,0.49275663663821523,0.2241139631340336,0.09058572210435291,0.16599056761275965,0.4220026765441394,0.226199582941474,0.37142590290099414,0.20543533528823452
gemma4_e4b,least_to_most,one_shot,uncapped,outcome,100,0.2762865931773558,0.7300555555555556,0.7417247474747475,0.7017167132832763,0.2689661887917503,0.13338703071033128,0.2107111983694196,0.49672704879223367,0.26550581130613354,0.4284715699350929,0.21776037156567318
gemma4_e4b,least_to_most,one_shot,uncapped,union,100,0.2762865931773558,0.6756875292035892,0.696660720376227,0.670809703584551,0.25772991393714373,0.11731248873453932,0.16435670508522096,0.4572351445534136,0.22956935690972696,0.3556033739881162,0.1912466689028954
gemma4_e4b,least_to_most,zero_shot,capped,approach,100,0.2682755704317242,0.5220000000000001,0.5195411255411255,0.5013591245355947,0.16559452629091587,0.08982628368281931,0.131854457365012,0.4897748197527478,0.29325174859619874,0.4461784208338833,0.31432396346887137
gemma4_e4b,least_to_most,zero_shot,capped,challenge,100,0.2682755704317242,0.5708333333333333,0.5586547619047618,0.5307690087690085,0.24011948805523686,0.10209655954477072,0.18213283520156887,0.4220026765441394,0.226199582941474,0.37142590290099414,0.18929306769942528
gemma4_e4b,least_to_most,zero_shot,capped,outcome,100,0.2682755704317242,0.19916666666666671,0.23045238095238102,0.2067323232323233,0.0950221007595139,0.04572905769655025,0.07274489054856144,0.49672704879223367,0.26550581130613354,0.4284715699350929,0.35572667938653146
gemma4_e4b,least_to_most,zero_shot,capped,union,100,0.2682755704317242,0.6698275058275057,0.45325313719498667,0.5165432500957758,0.3137961915781555,0.12252650519725689,0.19079580265981064,0.4572351445534136,0.22956935690972696,0.3556033739881162,0.16480757132830573
gemma4_e4b,least_to_most,zero_shot,uncapped,approach,100,0.30180267375893893,0.4567537609449376,0.6917568542568543,0.5147779261381092,0.13740638027216417,0.07648874906351731,0.11211469374987897,0.4897748197527478,0.29325174859619874,0.4461784208338833,0.3340637270840044
gemma4_e4b,least_to_most,zero_shot,uncapped,challenge,100,0.30180267375893893,0.4800842352092351,0.6219285714285715,0.49423068669040515,0.19888615696376866,0.08726242683434507,0.14912063184032745,0.4220026765441394,0.226199582941474,0.37142590290099414,0.22230527106066666
gemma4_e4b,least_to_most,zero_shot,uncapped,outcome,100,0.30180267375893893,0.3463663273001508,0.4283885281385281,0.3641256613756614,0.1388068579989088,0.07365965170920602,0.10962039244304714,0.49672704879223367,0.26550581130613354,0.4284715699350929,0.3188511774920456
gemma4_e4b,least_to_most,zero_shot,uncapped,union,100,0.30180267375893893,0.5526741053469891,0.6477998933228273,0.5752407615339404,0.23344856559884572,0.0998367479252617,0.14777384351094763,0.4572351445534136,0.22956935690972696,0.3556033739881162,0.20782953047716876
gemma4_e4b,negative_aware,one_shot,capped,approach,100,0.2774801846873015,0.6816666666666665,0.6351327561327559,0.6362544873427224,0.22284118648241102,0.11743923652762989,0.17680845758043712,0.4897748197527478,0.29325174859619874,0.4461784208338833,0.2693699632534463
gemma4_e4b,negative_aware,one_shot,capped,challenge,100,0.2774801846873015,0.5775,0.5157142857142856,0.5087971472971469,0.24328036380245233,0.0987192210219585,0.1833972965900376,0.4220026765441394,0.226199582941474,0.37142590290099414,0.1880286063109566
gemma4_e4b,negative_aware,one_shot,capped,outcome,100,0.2774801846873015,0.7008333333333334,0.6378466810966809,0.6410530025530019,0.2658254347420453,0.13116228324064522,0.20550907677252475,0.49672704879223367,0.26550581130613354,0.4284715699350929,0.22296249316256792
gemma4_e4b,negative_aware,one_shot,capped,union,100,0.2774801846873015,0.716781635031635,0.597442892426369,0.6412855605631923,0.2915052790554369,0.13034452240157657,0.18362756045675305,0.4572351445534136,0.22956935690972696,0.3556033739881162,0.17197581353136343
gemma4_e4b,negative_aware,one_shot,uncapped,approach,100,0.2749017479270697,0.7006598124098123,0.6775299422799421,0.6581793615740982,0.21958794925723427,0.11562877723730292,0.17575313545903926,0.4897748197527478,0.29325174859619874,0.4461784208338833,0.27042528537484417
gemma4_e4b,negative_aware,one_shot,uncapped,challenge,100,0.2749017479270697,0.5495725108225108,0.536265873015873,0.4916108613608611,0.2248840193930259,0.09313701696606708,0.16783302150471624,0.4220026765441394,0.226199582941474,0.37142590290099414,0.20359288139627804
gemma4_e4b,negative_aware,one_shot,uncapped,outcome,100,0.2749017479270697,0.7515375457875457,0.747173520923521,0.7161693728976334,0.27322818952821765,0.13618014818424504,0.213694646165371,0.49672704879223367,0.26550581130613354,0.4284715699350929,0.2147769237697218
gemma4_e4b,negative_aware,one_shot,uncapped,union,100,0.2749017479270697,0.7011116039962788,0.6750586703252778,0.6713705667335782,0.2695895189355683,0.12132041816859188,0.17087361736946283,0.4572351445534136,0.22956935690972696,0.3556033739881162,0.18472975661865348
gemma4_e4b,salience_inference,one_shot,capped,approach,100,0.288512525530532,0.7235,0.6178629148629148,0.6429473810503218,0.24018729561773022,0.1280147939637803,0.19149374442975975,0.4897748197527478,0.29325174859619874,0.4461784208338833,0.2546846764041237
gemma4_e4b,salience_inference,one_shot,capped,challenge,100,0.288512525530532,0.6241666666666666,0.4870714285714285,0.5114200799200797,0.26070143043783023,0.10446021279550996,0.19697579618698008,0.4220026765441394,0.226199582941474,0.37142590290099414,0.1744501067140141
gemma4_e4b,salience_inference,one_shot,capped,outcome,100,0.288512525530532,0.7875000000000001,0.6325923520923518,0.6759418914418909,0.29343186512646996,0.14239255635941492,0.22726085590285267,0.49672704879223367,0.26550581130613354,0.4284715699350929,0.20121071403224014
gemma4_e4b,salience_inference,one_shot,capped,union,100,0.288512525530532,0.7521515429015427,0.5839290283104223,0.6472830604764132,0.3060880709665757,0.13548349301719617,0.19274978348236346,0.4572351445534136,0.22956935690972696,0.3556033739881162,0.16285359050575304
gemma4_e4b,salience_inference,one_shot,uncapped,approach,100,0.286307564037852,0.7219504384504384,0.6473275613275611,0.6526876067053745,0.2322285543889687,0.12220537163897278,0.18663668461088195,0.4897748197527478,0.29325174859619874,0.4461784208338833,0.25954173622300136
gemma4_e4b,salience_inference,one_shot,uncapped,challenge,100,0.286307564037852,0.5914805194805194,0.5073333333333333,0.4993832278832277,0.24568441906664099,0.0998675353171302,0.18642537508768872,0.4220026765441394,0.226199582941474,0.37142590290099414,0.18500052781330542
gemma4_e4b,salience_inference,one_shot,uncapped,outcome,100,0.286307564037852,0.7941468253968254,0.6938517316017314,0.7104539203486566,0.2838650359764447,0.1397449208525595,0.22148403738042063,0.49672704879223367,0.26550581130613354,0.4284715699350929,0.20698753255467225
gemma4_e4b,salience_inference,one_shot,uncapped,union,100,0.286307564037852,0.7239761156971681,0.6334255100540265,0.6601023077386975,0.2833835384013772,0.12675286500407548,0.18089638030931607,0.4572351445534136,0.22956935690972696,0.3556033739881162,0.17470699367880033
gemma4_e4b,salience_inference,zero_shot,capped,approach,100,0.25936138396151365,0.7138333333333334,0.6556681096681095,0.6615135534400235,0.23280746488812698,0.12594686850825987,0.18424297268627657,0.4897748197527478,0.29325174859619874,0.4461784208338833,0.2619354481476067
gemma4_e4b,salience_inference,zero_shot,capped,challenge,100,0.25936138396151365,0.6075,0.5026825396825396,0.5135064380064378,0.2564272089677462,0.10238897288407253,0.1923173515788186,0.4220026765441394,0.226199582941474,0.37142590290099414,0.17910855132217557
gemma4_e4b,salience_inference,zero_shot,capped,outcome,100,0.25936138396151365,0.7800000000000001,0.6575966810966808,0.6868315018315014,0.2961095435414759,0.14392568860248395,0.22820798642320683,0.49672704879223367,0.26550581130613354,0.4284715699350929,0.20026358351188592
gemma4_e4b,salience_inference,zero_shot,capped,union,100,0.25936138396151365,0.7342910977910978,0.6103522600195607,0.6581511354705429,0.29544861823673474,0.13441109637469745,0.18629673610507225,0.4572351445534136,0.22956935690972696,0.3556033739881162,0.16930663788304415
gemma4_e4b,salience_inference,zero_shot,uncapped,approach,100,0.2599114378495142,0.6622813640607759,0.7504862914862912,0.6688045248045748,0.20095081384763527,0.10937324659363906,0.16206802059216568,0.4897748197527478,0.29325174859619874,0.4461784208338833,0.28411040024171763
gemma4_e4b,salience_inference,zero_shot,uncapped,challenge,100,0.2599114378495142,0.5659693362193363,0.5561349206349206,0.5090861000884218,0.237243455383357,0.09631247869724172,0.17637888602815305,0.4220026765441394,0.226199582941474,0.37142590290099414,0.19504701687284107
gemma4_e4b,salience_inference,zero_shot,uncapped,outcome,100,0.2599114378495142,0.7488850732600733,0.7283686868686869,0.7011163265287976,0.2779272838014433,0.13564858698314208,0.21618292448592136,0.49672704879223367,0.26550581130613354,0.4284715699350929,0.21228864544917145
gemma4_e4b,salience_inference,zero_shot,uncapped,union,100,0.2599114378495142,0.6598790104310731,0.7070777023301256,0.6676443012102148,0.25198590485165406,0.11516674895730426,0.16270644485910335,0.4572351445534136,0.22956935690972696,0.3556033739881162,0.1928969291290129
gemma4_e4b,salience_inference_trace,one_shot,capped,approach,100,0.3009512653388083,0.7308333333333334,0.6511969696969696,0.6648450520068167,0.23969385729086612,0.1284425363924273,0.18989691954714527,0.4897748197527478,0.29325174859619874,0.4461784208338833,0.25628150128673804
gemma4_e4b,salience_inference_trace,one_shot,capped,challenge,100,0.3009512653388083,0.6058333333333333,0.484297619047619,0.5038584748584747,0.25771552328200154,0.10186313298596712,0.19139159444777296,0.4220026765441394,0.226199582941474,0.37142590290099414,0.1800343084532212
gemma4_e4b,salience_inference_trace,one_shot,capped,outcome,100,0.3009512653388083,0.806666666666667,0.6354181096681093,0.6833603618603612,0.29665224252494726,0.14200187745467135,0.22898750544519209,0.49672704879223367,0.26550581130613354,0.4284715699350929,0.19948406448990064
gemma4_e4b,salience_inference_trace,one_shot,capped,union,100,0.3009512653388083,0.7490554723054724,0.5972499401258318,0.6552982049705166,0.300006775009235,0.13425673893877538,0.18817033704504094,0.4572351445534136,0.22956935690972696,0.3556033739881162,0.1674330369430755
gemma4_e4b,salience_inference_trace,one_shot,uncapped,approach,100,0.2989340130286291,0.691892336421748,0.7444855699855695,0.681757822243116,0.21072349942077787,0.11356104536729361,0.1695942668611211,0.4897748197527478,0.29325174859619874,0.4461784208338833,0.2765841539727622
gemma4_e4b,salience_inference_trace,one_shot,uncapped,challenge,100,0.2989340130286291,0.5707619047619048,0.5292619047619046,0.504574043603455,0.2377976878239129,0.09706546903888619,0.17712054159914115,0.4220026765441394,0.226199582941474,0.37142590290099414,0.1943053613018531
gemma4_e4b,salience_inference_trace,one_shot,uncapped,outcome,100,0.2989340130286291,0.7800992063492062,0.6658517316017316,0.6890633664581028,0.28779366074279283,0.13664112885473764,0.22243927163344807,0.49672704879223367,0.26550581130613354,0.4284715699350929,0.20603229830164474
gemma4_e4b,salience_inference_trace,one_shot,uncapped,union,100,0.2989340130286291,0.6943500946003636,0.6772733877936123,0.6708707504000928,0.26532526009073865,0.11974001539841234,0.1694628009387028,0.4572351445534136,0.22956935690972696,0.3556033739881162,0.18614057304941362
gemma4_e4b,scoring_based,one_shot,capped,approach,100,0.2770380273228511,0.7023333333333333,0.6370461760461759,0.6463524057641702,0.23019353229946035,0.12319520739196754,0.18241146469566943,0.4897748197527478,0.29325174859619874,0.4461784208338833,0.263766956138214
gemma4_e4b,scoring_based,one_shot,capped,challenge,100,0.2770380273228511,0.5866666666666667,0.4974484126984125,0.5029706404706402,0.2488128061349654,0.09975742347831336,0.185959655738364,0.4220026765441394,0.226199582941474,0.37142590290099414,0.18546624716263022
gemma4_e4b,scoring_based,one_shot,capped,outcome,100,0.2770380273228511,0.7758333333333334,0.6668542568542566,0.689444777444777,0.29380177957944326,0.142599911631846,0.22580517067237377,0.49672704879223367,0.26550581130613354,0.4284715699350929,0.202666399262719
gemma4_e4b,scoring_based,one_shot,capped,union,100,0.2770380273228511,0.7328536186036183,0.6069579192811796,0.6541470213153054,0.2922621397674645,0.13160930016684547,0.18354297618595108,0.4572351445534136,0.22956935690972696,0.3556033739881162,0.1720603978021653
gemma4_e4b,scoring_based,one_shot,uncapped,approach,100,0.2793303887406364,0.6744101731601734,0.7060093795093791,0.658370374809229,0.21067175701444088,0.11317090025598889,0.1691499989239056,0.4897748197527478,0.29325174859619874,0.4461784208338833,0.27702842190997795
gemma4_e4b,scoring_based,one_shot,uncapped,challenge,100,0.2793303887406364,0.5647146464646464,0.5321785714285714,0.49941686091686066,0.23194234881972978,0.09401733343169565,0.17328679380862028,0.4220026765441394,0.226199582941474,0.37142590290099414,0.1981391090923739
gemma4_e4b,scoring_based,one_shot,uncapped,outcome,100,0.2793303887406364,0.7435595238095237,0.7608838383838384,0.7180775368422421,0.27134010018071014,0.13544835198739869,0.21130813979986335,0.49672704879223367,0.26550581130613354,0.4284715699350929,0.21716343013522937
gemma4_e4b,scoring_based,one_shot,uncapped,union,100,0.2793303887406364,0.6922107906464144,0.6953083342712836,0.6794698677967997,0.26198665040111907,0.11954157283561136,0.16733275153084104,0.4572351445534136,0.22956935690972696,0.3556033739881162,0.18827062245727522
gemma4_e4b,scoring_based,zero_shot,capped,approach,100,0.2566418316587806,0.6891666666666666,0.655818903318903,0.6488209404974106,0.22122063942695364,0.11986055856321742,0.17527767931708335,0.4897748197527478,0.29325174859619874,0.4461784208338833,0.2709007415168
gemma4_e4b,scoring_based,zero_shot,capped,challenge,100,0.2566418316587806,0.5758333333333333,0.5201825396825397,0.5113289488289486,0.2479655517599363,0.09893326477361894,0.1858683063939181,0.4220026765441394,0.226199582941474,0.37142590290099414,0.18555759650707607
gemma4_e4b,scoring_based,zero_shot,capped,outcome,100,0.2566418316587806,0.7666666666666668,0.6704300144300143,0.6863423243423238,0.2893439646696838,0.13924809890181897,0.22093850621435035,0.49672704879223367,0.26550581130613354,0.4284715699350929,0.20753306372074243
gemma4_e4b,scoring_based,zero_shot,capped,union,100,0.2566418316587806,0.7123242313242314,0.6172232577009299,0.6530077061831419,0.28649496343672465,0.13023340029725816,0.180545136365203,0.4572351445534136,0.22956935690972696,0.3556033739881162,0.1750582376229134
gemma4_e4b,scoring_based,zero_shot,uncapped,approach,100,0.2619938119221479,0.5809314478035539,0.8102059884559882,0.635786881174692,0.1714668171971052,0.09567755105414646,0.13920159350306427,0.4897748197527478,0.29325174859619874,0.4461784208338833,0.306976827330819
gemma4_e4b,scoring_based,zero_shot,uncapped,challenge,100,0.2619938119221479,0.49455266955266963,0.6210714285714288,0.5022762677638836,0.207648029734125,0.08669501740433233,0.15491729429247464,0.4220026765441394,0.226199582941474,0.37142590290099414,0.21650860860851953
gemma4_e4b,scoring_based,zero_shot,uncapped,outcome,100,0.2619938119221479,0.6812032828282828,0.8072893217893218,0.7060129243821188,0.2533391716462719,0.12945921853689332,0.19900006049146096,0.49672704879223367,0.26550581130613354,0.4284715699350929,0.22947150944363173
gemma4_e4b,scoring_based,zero_shot,uncapped,union,100,0.2619938119221479,0.600013126951223,0.7904291730259384,0.6686248016331764,0.21837542299637355,0.10383855662303425,0.144454268922592,0.4572351445534136,0.22956935690972696,0.3556033739881162,0.21114910506552437
gemma4_e4b,scoring_based_trace,one_shot,capped,approach,100,0.28755537267774345,0.7185000000000001,0.6556522366522366,0.662171367847838,0.23253098288517432,0.12434076357805085,0.186103116026692,0.4897748197527478,0.29325174859619874,0.4461784208338833,0.26007530480719127
gemma4_e4b,scoring_based_trace,one_shot,capped,challenge,100,0.28755537267774345,0.5866666666666667,0.48954761904761895,0.49837895437895413,0.2490804959495412,0.0958850354865788,0.1817210820958874,0.4220026765441394,0.226199582941474,0.37142590290099414,0.1897048208051068
gemma4_e4b,scoring_based_trace,one_shot,capped,outcome,100,0.28755537267774345,0.7808333333333334,0.666342352092352,0.6937809967809963,0.29647442325276346,0.14496710693183443,0.22966383187823391,0.49672704879223367,0.26550581130613354,0.4284715699350929,0.19880773805685878
gemma4_e4b,scoring_based_trace,one_shot,capped,union,100,0.28755537267774345,0.7384662559662561,0.6081642552139087,0.6577374568528107,0.294093148831799,0.1329189641754402,0.1846134829608511,0.4572351445534136,0.22956935690972696,0.3556033739881162,0.17098989102726533
gemma4_e4b,scoring_based_trace,one_shot,uncapped,approach,100,0.2871314364718273,0.6389092372532272,0.8024036796536794,0.6765983954238426,0.19089337905609358,0.10503176221746158,0.1555546634662315,0.4897748197527478,0.29325174859619874,0.4461784208338833,0.2906237573676519
gemma4_e4b,scoring_based_trace,one_shot,uncapped,challenge,100,0.2871314364718273,0.5463856421356421,0.5379047619047619,0.495628399378399,0.22539648201198698,0.09028236469669322,0.166787072654555,0.4220026765441394,0.226199582941474,0.37142590290099414,0.2046388302464392
gemma4_e4b,scoring_based_trace,one_shot,uncapped,outcome,100,0.2871314364718273,0.7694715007215006,0.7701139971139972,0.741455627705627,0.28003076011148365,0.1409959695341813,0.21829759364868423,0.49672704879223367,0.26550581130613354,0.4284715699350929,0.2101739762864085
gemma4_e4b,scoring_based_trace,one_shot,uncapped,union,100,0.2871314364718273,0.6713954407395363,0.7417697627207147,0.6901806117784808,0.24706468785052058,0.11498045230522846,0.16029318501266057,0.4572351445534136,0.22956935690972696,0.3556033739881162,0.19531018897545574
gemma4_e4b,self_ask,one_shot,capped,approach,100,0.2759396230010316,0.6898333333333332,0.6373466810966808,0.6402920706744232,0.22700663610718003,0.12034512913380706,0.17959375485457374,0.4897748197527478,0.29325174859619874,0.4461784208338833,0.2665846659793097
gemma4_e4b,self_ask,one_shot,capped,challenge,100,0.2759396230010316,0.6041666666666667,0.5405714285714286,0.5360843045843042,0.2521744063313612,0.10391263555479399,0.1894830870116541,0.4220026765441394,0.226199582941474,0.37142590290099414,0.18194281588934008
gemma4_e4b,self_ask,one_shot,capped,outcome,100,0.2759396230010316,0.7650000000000001,0.67093759018759,0.6879447774447769,0.28671881978593733,0.13984356365374975,0.22154121323023734,0.49672704879223367,0.26550581130613354,0.4284715699350929,0.2069303567048555
gemma4_e4b,self_ask,one_shot,capped,union,100,0.2759396230010316,0.7267611555111552,0.619923942593952,0.6603801702139678,0.28913399199357953,0.13131660659868072,0.18282856993219493,0.4572351445534136,0.22956935690972696,0.3556033739881162,0.17277480405592144
gemma4_e4b,self_ask,one_shot,uncapped,approach,100,0.27998372755013406,0.6656375217919336,0.7215573593073588,0.6592699522906896,0.20763832118008554,0.11178984023984416,0.1667530016196519,0.4897748197527478,0.29325174859619874,0.4461784208338833,0.2794254192142315
gemma4_e4b,self_ask,one_shot,uncapped,challenge,100,0.27998372755013406,0.5671457431457433,0.555952380952381,0.5088414341936011,0.23042437362673354,0.09382293768715591,0.17328712281447295,0.4220026765441394,0.226199582941474,0.37142590290099414,0.1981387800865212
gemma4_e4b,self_ask,one_shot,uncapped,outcome,100,0.27998372755013406,0.7473531746031746,0.7541414141414142,0.7156211976877606,0.2717698739893484,0.1349185223697802,0.21244221030397634,0.49672704879223367,0.26550581130613354,0.4284715699350929,0.2160293596311164
gemma4_e4b,self_ask,one_shot,uncapped,union,100,0.27998372755013406,0.673331912159123,0.7108496150579203,0.6757721620145877,0.25390679657634313,0.11664676018988626,0.16346582355471237,0.4572351445534136,0.22956935690972696,0.3556033739881162,0.192137550433404
gemma4_e4b,self_ask,zero_shot,capped,approach,100,0.24577055090107025,0.6866666666666665,0.6513744588744588,0.6438580977845677,0.2229371655071008,0.12060395921607091,0.17780651550834808,0.4897748197527478,0.29325174859619874,0.4461784208338833,0.2683719053255353
gemma4_e4b,self_ask,zero_shot,capped,challenge,100,0.24577055090107025,0.5808333333333333,0.537876984126984,0.523669497169497,0.24697382328766712,0.10181941274598633,0.1868013118700577,0.4220026765441394,0.226199582941474,0.37142590290099414,0.18462459103093642
gemma4_e4b,self_ask,zero_shot,capped,outcome,100,0.24577055090107025,0.7366666666666668,0.6680133477633476,0.6743971583971579,0.2854041030114599,0.14126789458363878,0.22182973702057432,0.49672704879223367,0.26550581130613354,0.4284715699350929,0.20664183291451843
gemma4_e4b,self_ask,zero_shot,capped,union,100,0.24577055090107025,0.7094519092019088,0.623569654596088,0.6548829768330235,0.28552105929154553,0.13152114546968321,0.1799929482150227,0.4572351445534136,0.22956935690972696,0.3556033739881162,0.17561042577309355
gemma4_e4b,self_ask,zero_shot,uncapped,approach,100,0.2537640070077032,0.5710799886388123,0.8221623376623376,0.6297785302218621,0.17096533713379627,0.09567164179551649,0.13973748429475918,0.4897748197527478,0.29325174859619874,0.4461784208338833,0.30644093653912424
gemma4_e4b,self_ask,zero_shot,uncapped,challenge,100,0.2537640070077032,0.503441142191142,0.611027777777778,0.49616552307341755,0.2134305151582804,0.08778102992001614,0.15763071592036235,0.4220026765441394,0.226199582941474,0.37142590290099414,0.21379518698063177
gemma4_e4b,self_ask,zero_shot,uncapped,outcome,100,0.2537640070077032,0.683938825063825,0.794777417027417,0.7020731229554755,0.25593411648643427,0.13029409958025062,0.20145348776301567,0.49672704879223367,0.26550581130613354,0.4284715699350929,0.22701808217207706
gemma4_e4b,self_ask,zero_shot,uncapped,union,100,0.2537640070077032,0.5889646772887278,0.7946225228048146,0.662161961771517,0.21594500355828813,0.10272884266658798,0.1425800809568895,0.4572351445534136,0.22956935690972696,0.3556033739881162,0.21302329303122683
gemma4_e4b,self_ask_trace,one_shot,capped,approach,100,0.28738741284701974,0.7233333333333336,0.6680331890331889,0.6729625211389916,0.23147986432617254,0.1244054544855109,0.18428497788322926,0.4897748197527478,0.29325174859619874,0.4461784208338833,0.26189344295065414
gemma4_e4b,self_ask_trace,one_shot,capped,challenge,100,0.28738741284701974,0.5725000000000001,0.5288095238095237,0.5187206682206679,0.24307686427570585,0.09759659356743189,0.1798569388715947,0.4220026765441394,0.226199582941474,0.37142590290099414,0.19156896402939946
gemma4_e4b,self_ask_trace,one_shot,capped,outcome,100,0.28738741284701974,0.7858333333333334,0.6738466810966809,0.7004743589743586,0.2911289144444089,0.14169625765829572,0.22493467800017009,0.49672704879223367,0.26550581130613354,0.4284715699350929,0.20353689193492264
gemma4_e4b,self_ask_trace,one_shot,capped,union,100,0.28738741284701974,0.7291792651792651,0.6245259558907764,0.6628677667660664,0.2873039448873283,0.13051443984608324,0.18245157852681435,0.4572351445534136,0.22956935690972696,0.3556033739881162,0.17315179546130208
gemma4_e4b,self_ask_trace,one_shot,uncapped,approach,100,0.29068800834007563,0.6432702214590426,0.7792965367965365,0.6683665697845612,0.1951014981883336,0.1072732910587192,0.15835548967412877,0.4897748197527478,0.29325174859619874,0.4461784208338833,0.28782293115975466
gemma4_e4b,self_ask_trace,one_shot,uncapped,challenge,100,0.29068800834007563,0.5416123876123876,0.5658690476190477,0.5026513976219856,0.2227785414437709,0.08766406667847694,0.1640278819934071,0.4220026765441394,0.226199582941474,0.37142590290099414,0.20739802090758705
gemma4_e4b,self_ask_trace,one_shot,uncapped,outcome,100,0.29068800834007563,0.7642763902763902,0.7500155122655123,0.7222799888898283,0.27585218439887577,0.1331513231662524,0.21338042572857435,0.49672704879223367,0.26550581130613354,0.4284715699350929,0.2150911442065184
gemma4_e4b,self_ask_trace,one_shot,uncapped,union,100,0.29068800834007563,0.6549058833077006,0.743276063995979,0.6802005219486493,0.24265669252908406,0.11195580666439506,0.15756907675742352,0.4572351445534136,0.22956935690972696,0.3556033739881162,0.1980342972306928
gemma4_e4b,self_critique,one_shot,capped,approach,100,0.27771810970734806,0.6933333333333335,0.6516883116883113,0.6504634173016521,0.223599998721241,0.11912377955135957,0.1780937851596904,0.4897748197527478,0.29325174859619874,0.4461784208338833,0.26808463567419294
gemma4_e4b,self_critique,one_shot,capped,challenge,100,0.27771810970734806,0.5816666666666667,0.5393055555555555,0.5248823398823395,0.2492075507161492,0.10274839820380775,0.18694839878292469,0.4220026765441394,0.226199582941474,0.37142590290099414,0.1844775041180695
gemma4_e4b,self_critique,one_shot,capped,outcome,100,0.27771810970734806,0.7508333333333335,0.6710966810966807,0.6795638250638245,0.2856608697122585,0.13991399001589044,0.22045212341342274,0.49672704879223367,0.26550581130613354,0.4284715699350929,0.20801944652167
gemma4_e4b,self_critique,one_shot,capped,union,100,0.27771810970734806,0.7177699800199798,0.6226122608546388,0.6579677427279026,0.28622130547609825,0.13114305129386541,0.18285008178042347,0.4572351445534136,0.22956935690972696,0.3556033739881162,0.17275329220769295
gemma4_e4b,self_critique,one_shot,uncapped,approach,100,0.2786200377298519,0.6915871350871348,0.7007539682539676,0.6702298685146977,0.21627574935999724,0.11651877865054266,0.17478637124390176,0.4897748197527478,0.29325174859619874,0.4461784208338833,0.2713920495899816
gemma4_e4b,self_critique,one_shot,uncapped,challenge,100,0.2786200377298519,0.5728383838383839,0.5673015873015873,0.5229980297480296,0.23793388195921744,0.0993387564162184,0.17798486282928025,0.4220026765441394,0.226199582941474,0.37142590290099414,0.19344104007171392
gemma4_e4b,self_critique,one_shot,uncapped,outcome,100,0.2786200377298519,0.7411746031746032,0.7529033189033192,0.7149870540536171,0.2721195050322726,0.13633522143953564,0.2123646252709016,0.49672704879223367,0.26550581130613354,0.4284715699350929,0.2161069446641912
gemma4_e4b,self_critique,one_shot,uncapped,union,100,0.2786200377298519,0.6901479533594386,0.6953089414362129,0.680765237394622,0.26285130369348997,0.12177445557258686,0.16924525397442827,0.4572351445534136,0.22956935690972696,0.3556033739881162,0.18635812001368804
gemma4_e4b,self_critique,zero_shot,capped,approach,100,0.24708181579131633,0.6804999999999999,0.6513982683982681,0.6428231882496581,0.22100931881984587,0.11981162486425796,0.17629289597304865,0.4897748197527478,0.29325174859619874,0.4461784208338833,0.2698855248608347
gemma4_e4b,self_critique,zero_shot,capped,challenge,100,0.24708181579131633,0.575,0.5665714285714285,0.5398166278166275,0.24592889889513284,0.10524214248301288,0.18620171336797786,0.4220026765441394,0.226199582941474,0.37142590290099414,0.18522418953301625
gemma4_e4b,self_critique,zero_shot,capped,outcome,100,0.24708181579131633,0.7233333333333336,0.6726085858585857,0.6705169275169269,0.2815276048847329,0.13800630878129147,0.21697875828249008,0.49672704879223367,0.26550581130613354,0.4284715699350929,0.2114928116526026
gemma4_e4b,self_critique,zero_shot,capped,union,100,0.24708181579131633,0.7026830114330112,0.6343809503265014,0.6577834137248584,0.28011615396077677,0.13074817338276656,0.17759103124871534,0.4572351445534136,0.22956935690972696,0.3556033739881162,0.178012342739401
gemma4_e4b,self_critique,zero_shot,uncapped,approach,100,0.25517221571877596,0.5807841124733542,0.8139873737373736,0.6366455183655093,0.17486768230847946,0.09752725765600394,0.1428294199082751,0.4897748197527478,0.29325174859619874,0.4461784208338833,0.3033490009256082
gemma4_e4b,self_critique,zero_shot,uncapped,challenge,100,0.25517221571877596,0.5114852092352091,0.6292500000000001,0.5126671351524289,0.21363421082927378,0.08978482630679246,0.159395719436562,0.4220026765441394,0.226199582941474,0.37142590290099414,0.21203018346443214
gemma4_e4b,self_critique,zero_shot,uncapped,outcome,100,0.25517221571877596,0.6838635392385393,0.7963607503607503,0.7024829266021214,0.2565348131456241,0.13107508715967653,0.2005826031480617,0.49672704879223367,0.26550581130613354,0.4284715699350929,0.22788896678703105
gemma4_e4b,self_critique,zero_shot,uncapped,union,100,0.25517221571877596,0.598350725641131,0.7953194110278674,0.6689834090150074,0.21807587886030425,0.10378042304679688,0.14434533922943196,0.4572351445534136,0.22956935690972696,0.3556033739881162,0.21125803475868438
gemma4_e4b,simulated_tool_augmented,one_shot,capped,approach,100,0.277949289358221,0.6990000000000001,0.6297842712842712,0.6409106253223896,0.23034187037214798,0.12351162516155124,0.1827841323184231,0.4897748197527478,0.29325174859619874,0.4461784208338833,0.2633942885154604
gemma4_e4b,simulated_tool_augmented,one_shot,capped,challenge,100,0.277949289358221,0.6091666666666667,0.5054047619047618,0.5137668442668439,0.251424042076439,0.10225805560182677,0.19169887978795297,0.4220026765441394,0.226199582941474,0.37142590290099414,0.17972702311304117
gemma4_e4b,simulated_tool_augmented,one_shot,capped,outcome,100,0.277949289358221,0.7941666666666669,0.6731875901875901,0.7030479520479516,0.29506602471704446,0.14468808191585622,0.2290048286640915,0.49672704879223367,0.26550581130613354,0.4284715699350929,0.19946674127100117
gemma4_e4b,simulated_tool_augmented,one_shot,capped,union,100,0.277949289358221,0.7336620046620045,0.6070432775074047,0.655178651111371,0.29318480631138205,0.13251377752997429,0.18476563548358627,0.4572351445534136,0.22956935690972696,0.3556033739881162,0.17083773850453018
gemma4_e4b,simulated_tool_augmented,one_shot,uncapped,approach,100,0.27974614995066077,0.6863765466559584,0.7104621212121206,0.6666311214792582,0.21481587596837534,0.11526644906391904,0.17207841338761296,0.4897748197527478,0.29325174859619874,0.4461784208338833,0.2741000074462704
gemma4_e4b,simulated_tool_augmented,one_shot,uncapped,challenge,100,0.27974614995066077,0.5737954545454547,0.5491071428571429,0.5051372532696059,0.22922092151905055,0.09224204093566515,0.17194582439730874,0.4220026765441394,0.226199582941474,0.37142590290099414,0.19948007850368543
gemma4_e4b,simulated_tool_augmented,one_shot,uncapped,outcome,100,0.27974614995066077,0.758807387057387,0.7118080808080809,0.7037907093355331,0.277245270228436,0.13682121064882705,0.21642118397509047,0.49672704879223367,0.26550581130613354,0.4284715699350929,0.21205038596000228
gemma4_e4b,simulated_tool_augmented,one_shot,uncapped,union,100,0.27974614995066077,0.6844000639378719,0.6895639532223359,0.6705832826689436,0.26111867492230073,0.11857971213973631,0.16759606612543454,0.4572351445534136,0.22956935690972696,0.3556033739881162,0.18800730786268183
gemma4_e4b,simulated_tool_augmented,zero_shot,capped,approach,100,0.24725885710213333,0.6885000000000001,0.6519855699855698,0.6455348654613355,0.2245647157025578,0.12137368135722593,0.17768172812824287,0.4897748197527478,0.29325174859619874,0.4461784208338833,0.2684966927056406
gemma4_e4b,simulated_tool_augmented,zero_shot,capped,challenge,100,0.24725885710213333,0.5783333333333333,0.5218492063492063,0.5096377511377509,0.2500177928128503,0.10163277931040827,0.18838877408470076,0.4220026765441394,0.226199582941474,0.37142590290099414,0.18303712881629333
gemma4_e4b,simulated_tool_augmented,zero_shot,capped,outcome,100,0.24725885710213333,0.7616666666666667,0.6518347763347763,0.6739029304029299,0.2880618676393048,0.13971551429200596,0.22188785089985416,0.49672704879223367,0.26550581130613354,0.4284715699350929,0.20658371903523873
gemma4_e4b,simulated_tool_augmented,zero_shot,capped,union,100,0.24725885710213333,0.7065246697746695,0.6158541150187065,0.6486384161372147,0.28641687418523476,0.13071175931729395,0.17946116208445226,0.4572351445534136,0.22956935690972696,0.3556033739881162,0.1761422119036641
gemma4_e4b,simulated_tool_augmented,zero_shot,uncapped,approach,100,0.25363814041949806,0.6156606738205036,0.8007009379509376,0.6554431933930003,0.1845488736872186,0.10212259546603601,0.14971112050733015,0.4897748197527478,0.29325174859619874,0.4461784208338833,0.29646730032655333
gemma4_e4b,simulated_tool_augmented,zero_shot,uncapped,challenge,100,0.25363814041949806,0.5077103174603174,0.5931706349206352,0.48949808198337585,0.21154760430136946,0.08391268496793546,0.15722401490554533,0.4220026765441394,0.226199582941474,0.37142590290099414,0.21420188799544881
gemma4_e4b,simulated_tool_augmented,zero_shot,uncapped,outcome,100,0.25363814041949806,0.7157826479076478,0.7660988455988457,0.7046639765463288,0.26371976997092594,0.1319637883031282,0.20709956642011115,0.49672704879223367,0.26550581130613354,0.4284715699350929,0.2213720035149816
gemma4_e4b,simulated_tool_augmented,zero_shot,uncapped,union,100,0.25363814041949806,0.6104068054663163,0.7658471571895147,0.6643282532677649,0.22595464668981105,0.10563241987388743,0.14809165749842465,0.4572351445534136,0.22956935690972696,0.3556033739881162,0.20751171648969163
gemma4_e4b,tool_augmented,one_shot,capped,approach,100,0.3648293512966484,0.6649999999999998,0.6239581529581528,0.6220029610911958,0.21126698442683114,0.10969318632327245,0.16769775251820054,0.4897748197527478,0.29325174859619874,0.4461784208338833,0.2784806683156827
gemma4_e4b,tool_augmented,one_shot,capped,challenge,100,0.3648293512966484,0.5141666666666667,0.48664285714285704,0.47069685869685857,0.22845978861282704,0.09183443651267954,0.16703746440182587,0.4220026765441394,0.226199582941474,0.37142590290099414,0.20438843849916832
gemma4_e4b,tool_augmented,one_shot,capped,outcome,100,0.3648293512966484,0.6158333333333333,0.5728943001442999,0.5673517038517033,0.25127761943418636,0.11702614790237684,0.19241133018771372,0.49672704879223367,0.26550581130613354,0.4284715699350929,0.23606023974737916
gemma4_e4b,tool_augmented,one_shot,capped,union,100,0.3648293512966484,0.6920451492951493,0.5809845759600776,0.6230257185339331,0.2757994190679947,0.12300502901129778,0.17573987609984787,0.4572351445534136,0.22956935690972696,0.3556033739881162,0.17986349788826853
gemma4_e4b,tool_augmented,one_shot,uncapped,approach,100,0.3628148226393387,0.6903614024864027,0.650683621933622,0.6373686960527041,0.21321065753424148,0.11227294972174849,0.17184846735182377,0.4897748197527478,0.29325174859619874,0.4461784208338833,0.2743299534820595
gemma4_e4b,tool_augmented,one_shot,uncapped,challenge,100,0.3628148226393387,0.5529484126984129,0.5019166666666667,0.48127705627705614,0.23772375675348958,0.09626300800199294,0.1776749020006151,0.4220026765441394,0.226199582941474,0.37142590290099414,0.19375100090037908
gemma4_e4b,tool_augmented,one_shot,uncapped,outcome,100,0.3628148226393387,0.6471966089466088,0.6190173160173156,0.6029987169693048,0.24386207748486272,0.1144282777812848,0.1885609332870786,0.49672704879223367,0.26550581130613354,0.4284715699350929,0.23991063664801437
gemma4_e4b,tool_augmented,one_shot,uncapped,union,100,0.3628148226393387,0.6898280447977411,0.6202854742212666,0.6387388557954639,0.26638442190349915,0.11874165884594837,0.17200335868146294,0.4572351445534136,0.22956935690972696,0.3556033739881162,0.18360001530665346
gemma4_e4b,tool_augmented,zero_shot,capped,approach,100,0.32484080145135524,0.6538333333333334,0.6530616883116882,0.632015706515706,0.20987046780867855,0.11108603864435693,0.16585165251595732,0.4897748197527478,0.29325174859619874,0.4461784208338833,0.2803267683179261
gemma4_e4b,tool_augmented,zero_shot,capped,challenge,100,0.32484080145135524,0.5508333333333333,0.5530595238095237,0.5228317793317792,0.23807496120216654,0.09896384940632594,0.17880501678636868,0.4220026765441394,0.226199582941474,0.37142590290099414,0.19262088611462558
gemma4_e4b,tool_augmented,zero_shot,capped,outcome,100,0.32484080145135524,0.6341666666666665,0.6100728715728713,0.5959873459873455,0.2499529073329641,0.1199913238494973,0.18991749284117831,0.49672704879223367,0.26550581130613354,0.4284715699350929,0.2385540770939145
gemma4_e4b,tool_augmented,zero_shot,capped,union,100,0.32484080145135524,0.6986520701520702,0.6240612620878472,0.6497616118185744,0.2701138756582278,0.1247823765913586,0.17353331454173054,0.4572351445534136,0.22956935690972696,0.3556033739881162,0.18207005944638585
gemma4_e4b,tool_augmented,zero_shot,uncapped,approach,100,0.3321426068525761,0.6149592553129705,0.7814480519480514,0.6566121112704464,0.18020534484381837,0.09899564088853062,0.14632486837628872,0.4897748197527478,0.29325174859619874,0.4461784208338833,0.2998535524575946
gemma4_e4b,tool_augmented,zero_shot,uncapped,challenge,100,0.3321426068525761,0.5188052503052503,0.5602777777777779,0.4864474609497828,0.22052401447667846,0.09127242634205376,0.16713750249168402,0.4220026765441394,0.226199582941474,0.37142590290099414,0.2042884004093102
gemma4_e4b,tool_augmented,zero_shot,uncapped,outcome,100,0.3321426068525761,0.6652738095238095,0.6949945887445884,0.642239334195216,0.24497915792280558,0.11829687103366916,0.18778118257260273,0.49672704879223367,0.26550581130613354,0.4284715699350929,0.24069038736249
gemma4_e4b,tool_augmented,zero_shot,uncapped,union,100,0.3321426068525761,0.6408764062817817,0.7276110802868778,0.6665158874087773,0.23271337175263349,0.10790459645087325,0.152379973447059,0.4572351445534136,0.22956935690972696,0.3556033739881162,0.20322340054105723
gemma4_e4b,vanilla,one_shot,capped,approach,100,0.2853595756273717,0.6311666666666667,0.5966255411255409,0.5926305720423363,0.2068466993355239,0.1106356548499643,0.16332408802247883,0.4897748197527478,0.29325174859619874,0.4461784208338833,0.2828543328114046
gemma4_e4b,vanilla,one_shot,capped,challenge,100,0.2853595756273717,0.5391666666666667,0.5048214285714284,0.48980075480075447,0.23067783607081566,0.09506495555800169,0.17188241480898217,0.4220026765441394,0.226199582941474,0.37142590290099414,0.1995434880920121
gemma4_e4b,vanilla,one_shot,capped,outcome,100,0.2853595756273717,0.5708333333333333,0.5359375901875902,0.5292672882672879,0.22372078092115114,0.11295456133642558,0.1735246916655824,0.49672704879223367,0.26550581130613354,0.4284715699350929,0.25494687826951035
gemma4_e4b,vanilla,one_shot,capped,union,100,0.2853595756273717,0.7001847041847041,0.5532451467166268,0.6020581612347029,0.2989597236254178,0.12872596208001488,0.18619632932505062,0.4572351445534136,0.22956935690972696,0.3556033739881162,0.16940704466306578
gemma4_e4b,vanilla,one_shot,uncapped,approach,100,0.27359775617718696,0.6710592667136785,0.7020613275613272,0.6527891424228828,0.2125060739740983,0.11442262977846843,0.17159766512192343,0.4897748197527478,0.29325174859619874,0.4461784208338833,0.2745807557119599
gemma4_e4b,vanilla,one_shot,uncapped,challenge,100,0.27359775617718696,0.5390454545454546,0.559702380952381,0.5016160228660226,0.2245163040832531,0.09000370165340675,0.16545685257040116,0.4220026765441394,0.226199582941474,0.37142590290099414,0.20596905033059307
gemma4_e4b,vanilla,one_shot,uncapped,outcome,100,0.27359775617718696,0.7367301587301586,0.7515263347763349,0.7085338634533676,0.26957141244990734,0.13399290466587563,0.21081665805787686,0.49672704879223367,0.26550581130613354,0.4284715699350929,0.21765491187721586
gemma4_e4b,vanilla,one_shot,uncapped,union,100,0.27359775617718696,0.665269805229737,0.7045201760930324,0.6689384589184115,0.252934245753154,0.11517015819719041,0.16199872091804057,0.4572351445534136,0.22956935690972696,0.3556033739881162,0.19360465307007582
gemma4_e4b,vanilla,zero_shot,capped,approach,100,0.27561065956950187,0.45850000000000013,0.45524350649350637,0.4408326232590937,0.14354204648930347,0.07765791427835665,0.11443749051247387,0.4897748197527478,0.29325174859619874,0.4461784208338833,0.3317409303214095
gemma4_e4b,vanilla,zero_shot,capped,challenge,100,0.27561065956950187,0.5391666666666667,0.549876984126984,0.5147067377067374,0.22412073508059577,0.09709700936950048,0.16956927711705036,0.4220026765441394,0.226199582941474,0.37142590290099414,0.20185662578394387
gemma4_e4b,vanilla,zero_shot,capped,outcome,100,0.27561065956950187,0.0825,0.10033333333333332,0.08757142857142856,0.040252079100607255,0.020605382941136684,0.03209065853192011,0.49672704879223367,0.26550581130613354,0.4284715699350929,0.3963809114031728
gemma4_e4b,vanilla,zero_shot,capped,union,100,0.27561065956950187,0.6581243478743478,0.38971392808108696,0.46467257052054384,0.311018631018678,0.11852077045835734,0.18703881196309127,0.4572351445534136,0.22956935690972696,0.3556033739881162,0.16856456202502515
gemma4_e4b,vanilla,zero_shot,uncapped,approach,100,0.30098034659866246,0.37374474339991226,0.5529653679653679,0.41680498704029484,0.11281067736938737,0.06464172434263052,0.09266977017900166,0.4897748197527478,0.29325174859619874,0.4461784208338833,0.3535086506548816
gemma4_e4b,vanilla,zero_shot,uncapped,challenge,100,0.30098034659866246,0.4378431152181152,0.5572698412698415,0.44383630982544003,0.18314600538332823,0.07736001180631086,0.13727314574571492,0.4220026765441394,0.226199582941474,0.37142590290099414,0.23415275715527925
gemma4_e4b,vanilla,zero_shot,uncapped,outcome,100,0.30098034659866246,0.28975074925074923,0.3422774170274171,0.3013144078144079,0.1227445918828486,0.06410690978897399,0.09607863669561854,0.49672704879223367,0.26550581130613354,0.4284715699350929,0.3323929332394743
gemma4_e4b,vanilla,zero_shot,uncapped,union,100,0.30098034659866246,0.5362574433233371,0.5300562562540284,0.500274171038344,0.24192744148520373,0.09928288307309042,0.15260841964624464,0.4572351445534136,0.22956935690972696,0.3556033739881162,0.20299495434187176
qwen35_9b,chain_of_thought,one_shot,capped,approach,100,11.84404276673682,0.674166666666667,0.6344498556998557,0.6293638975403677,0.22894468803559087,0.12222485698973966,0.18263049339249465,0.4897748197527478,0.29325174859619874,0.4461784208338833,0.26354792744138855
qwen35_9b,chain_of_thought,one_shot,capped,challenge,100,11.84404276673682,0.5883333333333333,0.5258015873015872,0.5189879009879006,0.2465190463448182,0.09561547158375162,0.18053892862673698,0.4220026765441394,0.226199582941474,0.37142590290099414,0.1908869742742572
qwen35_9b,chain_of_thought,one_shot,capped,outcome,100,11.84404276673682,0.8,0.6669974747474747,0.7002634587634583,0.29536054326913563,0.14349520656856052,0.229019014528735,0.49672704879223367,0.26550581130613354,0.4284715699350929,0.1994525554063577
qwen35_9b,chain_of_thought,one_shot,capped,union,100,11.84404276673682,0.7087070152070148,0.6102631175658673,0.6456625559257178,0.29204461260864073,0.1317900384081355,0.1824294415815144,0.4572351445534136,0.22956935690972696,0.3556033739881162,0.17317393240660187
qwen35_9b,chain_of_thought,one_shot,uncapped,approach,100,0.7396942627802491,0.6008430708098529,0.8117878787878784,0.6492509010103902,0.17733675706780033,0.09806243453050727,0.14337975535751668,0.4897748197527478,0.29325174859619874,0.4461784208338833,0.30279866547636664
qwen35_9b,chain_of_thought,one_shot,uncapped,challenge,100,0.7396942627802491,0.48918020150644004,0.6016785714285714,0.489737559208996,0.20496253242867668,0.08108389490324792,0.14889008606943616,0.4220026765441394,0.226199582941474,0.37142590290099414,0.22253581683155804
qwen35_9b,chain_of_thought,one_shot,uncapped,outcome,100,0.7396942627802491,0.7521750879839115,0.7868488455988456,0.7367942982942979,0.2722935245611248,0.1377920443156346,0.21339462720593855,0.49672704879223367,0.26550581130613354,0.4284715699350929,0.21507694272915429
qwen35_9b,chain_of_thought,one_shot,uncapped,union,100,0.7396942627802491,0.602941767402964,0.7691640206927423,0.6574438448706823,0.22577448672649275,0.10473744061692367,0.14723447537376969,0.4572351445534136,0.22956935690972696,0.3556033739881162,0.20836889861434668
qwen35_9b,chain_of_thought,zero_shot,capped,approach,100,0.4070464078523219,0.6543333333333333,0.6390692640692639,0.6221116301998652,0.22450743058197759,0.119131088039383,0.1790429005452889,0.4897748197527478,0.29325174859619874,0.4461784208338833,0.26713552028859433
qwen35_9b,chain_of_thought,zero_shot,capped,challenge,100,0.4070464078523219,0.5558333333333334,0.5208571428571428,0.5038621378621374,0.24593386826913338,0.09454801563448446,0.18071105571968882,0.4220026765441394,0.226199582941474,0.37142590290099414,0.19071484718130535
qwen35_9b,chain_of_thought,zero_shot,capped,outcome,100,0.4070464078523219,0.7783333333333334,0.6660883838383839,0.6912223332223327,0.29414210825796433,0.1443706973928183,0.22936813551606378,0.49672704879223367,0.26550581130613354,0.4284715699350929,0.1991034344190289
qwen35_9b,chain_of_thought,zero_shot,capped,union,100,0.4070464078523219,0.6958685203685201,0.6189693996308951,0.6455669817023186,0.28637976905693413,0.13120199788104506,0.18165294277810573,0.4572351445534136,0.22956935690972696,0.3556033739881162,0.1739504312100107
qwen35_9b,chain_of_thought,zero_shot,uncapped,approach,100,0.4234670278383419,0.5249044316411741,0.857141414141414,0.6083721240444325,0.15492427330326092,0.08454104632576952,0.1266287842905981,0.4897748197527478,0.29325174859619874,0.4461784208338833,0.3195496365432853
qwen35_9b,chain_of_thought,zero_shot,uncapped,challenge,100,0.4234670278383419,0.4254238307832668,0.6373015873015874,0.4669899577349904,0.18298423049680113,0.07386158217750582,0.13597227886513794,0.4220026765441394,0.226199582941474,0.37142590290099414,0.2354536240358562
qwen35_9b,chain_of_thought,zero_shot,uncapped,outcome,100,0.4234670278383419,0.6981078219166456,0.8143683261183261,0.7165284566480217,0.25810123099205495,0.13305898347955292,0.20389821115799184,0.49672704879223367,0.26550581130613354,0.4284715699350929,0.224573358777101
qwen35_9b,chain_of_thought,zero_shot,uncapped,union,100,0.4234670278383419,0.5529623169590764,0.8265388312966548,0.6465882599653799,0.20185475104852113,0.09678668945214934,0.13408820810157224,0.4572351445534136,0.22956935690972696,0.3556033739881162,0.2215151658865441
qwen35_9b,chain_of_thought_trace,one_shot,capped,approach,100,0.8884218996111304,0.6968333333333336,0.6358704906204905,0.6422893332158033,0.23610836837986582,0.12757543765287985,0.1898643506522905,0.4897748197527478,0.29325174859619874,0.4461784208338833,0.25631407018159275
qwen35_9b,chain_of_thought_trace,one_shot,capped,challenge,100,0.8884218996111304,0.5816666666666666,0.5208849206349204,0.5137259962259959,0.2499586563835628,0.09823776183459897,0.18626577807736594,0.4220026765441394,0.226199582941474,0.37142590290099414,0.18516012482362826
qwen35_9b,chain_of_thought_trace,one_shot,capped,outcome,100,0.8884218996111304,0.795,0.6846641414141413,0.7090239205239202,0.29302049005036923,0.14355608016668714,0.22753194594639808,0.49672704879223367,0.26550581130613354,0.4284715699350929,0.20093962398869458
qwen35_9b,chain_of_thought_trace,one_shot,capped,union,100,0.8884218996111304,0.7148156565656565,0.6069447235415907,0.6470145617572389,0.2932948000991304,0.13273736575459108,0.18515026782813773,0.4572351445534136,0.22956935690972696,0.3556033739881162,0.17045310615997863
qwen35_9b,chain_of_thought_trace,one_shot,uncapped,approach,100,0.9104047057125717,0.6223268906711362,0.8471414141414138,0.6775300553375854,0.18239713135755203,0.0998286286359264,0.14809806532483497,0.4897748197527478,0.29325174859619874,0.4461784208338833,0.2980803555090483
qwen35_9b,chain_of_thought_trace,one_shot,uncapped,challenge,100,0.9104047057125717,0.49560700410700415,0.6102222222222221,0.5008995263995262,0.20953342105300798,0.08427951910664273,0.15394077385774546,0.4220026765441394,0.226199582941474,0.37142590290099414,0.21748512904324876
qwen35_9b,chain_of_thought_trace,one_shot,uncapped,outcome,100,0.9104047057125717,0.6659376193122322,0.8421107503607504,0.7051884139825311,0.24093535212200817,0.12564490284564503,0.1908618548782643,0.49672704879223367,0.26550581130613354,0.4284715699350929,0.2376097150568284
qwen35_9b,chain_of_thought_trace,one_shot,uncapped,union,100,0.9104047057125717,0.6035466826390875,0.8078579025762522,0.6756902156394802,0.2195189092335969,0.10436683736901217,0.14403747083641746,0.4572351445534136,0.22956935690972696,0.3556033739881162,0.21156590315169888
qwen35_9b,contrastive_joint,one_shot,capped,approach,100,0.7278204176668077,0.6981666666666668,0.6409181096681097,0.6451307695572396,0.2374241293533223,0.12845138692408917,0.19000492200214983,0.4897748197527478,0.29325174859619874,0.4461784208338833,0.25617349883173335
qwen35_9b,contrastive_joint,one_shot,capped,challenge,100,0.7278204176668077,0.5933333333333334,0.5169841269841268,0.5153609168609165,0.2486426038105161,0.09768343924744811,0.18476917418679698,0.4220026765441394,0.226199582941474,0.37142590290099414,0.1866567287141972
qwen35_9b,contrastive_joint,one_shot,capped,outcome,100,0.7278204176668077,0.8083333333333336,0.6641641414141415,0.7030953490953488,0.2979008896063768,0.1466264848352116,0.2320649802758275,0.49672704879223367,0.26550581130613354,0.4284715699350929,0.19640658965926527
qwen35_9b,contrastive_joint,one_shot,capped,union,100,0.7278204176668077,0.720458097458097,0.607606718409468,0.649758075363051,0.29631482856084657,0.13457991797292543,0.1845718672383057,0.4572351445534136,0.22956935690972696,0.3556033739881162,0.17103150674981055
qwen35_9b,contrastive_joint,one_shot,uncapped,approach,100,0.737089680810459,0.6059404539333029,0.8018701298701295,0.6495962728535506,0.17991299780139475,0.09912969702458652,0.14519832075417177,0.4897748197527478,0.29325174859619874,0.4461784208338833,0.3009801000797115
qwen35_9b,contrastive_joint,one_shot,uncapped,challenge,100,0.737089680810459,0.5200220694338342,0.5847777777777777,0.5014298704924837,0.2157007635514693,0.08579363538453436,0.15831648244991622,0.4220026765441394,0.226199582941474,0.37142590290099414,0.21310942045107806
qwen35_9b,contrastive_joint,one_shot,uncapped,outcome,100,0.737089680810459,0.7630775904522035,0.7750306637806639,0.7367841972841966,0.27559573135916166,0.14176133684998196,0.21853006728096463,0.49672704879223367,0.26550581130613354,0.4284715699350929,0.20994150265412814
qwen35_9b,contrastive_joint,one_shot,uncapped,union,100,0.737089680810459,0.6147725761661961,0.7528423854566333,0.6587143625245616,0.23126535212556099,0.10673159777005933,0.14966008526551808,0.4572351445534136,0.22956935690972696,0.3556033739881162,0.20594328872259812
qwen35_9b,contrastive_joint,zero_shot,capped,approach,100,0.40361284493934363,0.6625,0.6293387445887444,0.6232434346699048,0.2261274397325729,0.12142045927403174,0.18144649271723678,0.4897748197527478,0.29325174859619874,0.4461784208338833,0.2647319281166465
qwen35_9b,contrastive_joint,zero_shot,capped,challenge,100,0.40361284493934363,0.5491666666666667,0.4956666666666664,0.48663847263847226,0.2467295309327895,0.09568322501974791,0.18401064108672455,0.4220026765441394,0.226199582941474,0.37142590290099414,0.18741526181426962
qwen35_9b,contrastive_joint,zero_shot,capped,outcome,100,0.40361284493934363,0.7983333333333336,0.6695883838383838,0.7041826506826502,0.29660964634653547,0.14644948881277295,0.23144878950460496,0.49672704879223367,0.26550581130613354,0.4284715699350929,0.19702278043048785
qwen35_9b,contrastive_joint,zero_shot,capped,union,100,0.40361284493934363,0.6980836385836384,0.6051731027904805,0.6385503122646178,0.28864097233691227,0.13190909627547542,0.183127335227499,0.4572351445534136,0.22956935690972696,0.3556033739881162,0.17247603876061737
qwen35_9b,contrastive_joint,zero_shot,uncapped,approach,100,0.4176585727883503,0.5488404281966046,0.8367835497835497,0.6168755688553658,0.16404944440208663,0.08921505456846353,0.13327069476123668,0.4897748197527478,0.29325174859619874,0.4461784208338833,0.3129077260726466
qwen35_9b,contrastive_joint,zero_shot,uncapped,challenge,100,0.4176585727883503,0.4747560115323275,0.5849126984126984,0.4689456061367825,0.20223822771972563,0.07961431810881087,0.14856436730465064,0.4220026765441394,0.226199582941474,0.37142590290099414,0.22286153559634359
qwen35_9b,contrastive_joint,zero_shot,uncapped,outcome,100,0.4176585727883503,0.7356743452625807,0.8077774170274171,0.7337089421299946,0.2677072627404123,0.13749949607263687,0.20976833273587828,0.49672704879223367,0.26550581130613354,0.4284715699350929,0.21870323719921467
qwen35_9b,contrastive_joint,zero_shot,uncapped,union,100,0.4176585727883503,0.579926399645551,0.799875534097451,0.652448744394742,0.2128400483332266,0.09990067102231029,0.14044319347814216,0.4572351445534136,0.22956935690972696,0.3556033739881162,0.21516018050997412
qwen35_9b,explanation_based,one_shot,capped,approach,100,0.7222039125999435,0.6849999999999998,0.6400292207792208,0.6376646523411225,0.23088396667947994,0.12500417002350722,0.18457380344729996,0.4897748197527478,0.29325174859619874,0.4461784208338833,0.2616046173865833
qwen35_9b,explanation_based,one_shot,capped,challenge,100,0.7222039125999435,0.5675,0.5156230158730157,0.5045586080586076,0.23943707333160222,0.09339986411494097,0.17579744287270366,0.4220026765441394,0.226199582941474,0.37142590290099414,0.19562846002829049
qwen35_9b,explanation_based,one_shot,capped,outcome,100,0.7222039125999435,0.7983333333333335,0.687330808080808,0.711849317349317,0.2961326828077188,0.14723374586200041,0.23141785030208228,0.49672704879223367,0.26550581130613354,0.4284715699350929,0.19705371963301047
qwen35_9b,explanation_based,one_shot,capped,union,100,0.7222039125999435,0.7120008602508601,0.6192023666123143,0.6523369550509774,0.289639816501776,0.13211046992430797,0.18161774251941382,0.4572351445534136,0.22956935690972696,0.3556033739881162,0.1739856314687026
qwen35_9b,explanation_based,one_shot,uncapped,approach,100,0.740416696886532,0.6048073229546697,0.8022431457431455,0.6494601219357663,0.18079687768506006,0.10077204917113378,0.1465153136715348,0.4897748197527478,0.29325174859619874,0.4461784208338833,0.2996631071623485
qwen35_9b,explanation_based,one_shot,uncapped,challenge,100,0.740416696886532,0.49743290043290045,0.592234126984127,0.4943197308367585,0.20652995281118158,0.08069019881944312,0.14958408286971836,0.4220026765441394,0.226199582941474,0.37142590290099414,0.22184182003127592
qwen35_9b,explanation_based,one_shot,uncapped,outcome,100,0.740416696886532,0.7454319452477347,0.7958488455988457,0.7385466634814456,0.2699025802055955,0.13761828601051546,0.21175674654256402,0.49672704879223367,0.26550581130613354,0.4284715699350929,0.21671482339252882
qwen35_9b,explanation_based,one_shot,uncapped,union,100,0.740416696886532,0.6100910515088507,0.7642234835056207,0.6618388603268053,0.22697846648786374,0.10556707063677101,0.14812202957574883,0.4572351445534136,0.22956935690972696,0.3556033739881162,0.2074813444123675
qwen35_9b,explanation_based,zero_shot,capped,approach,100,0.40058148676995187,0.6600000000000003,0.6430772005772005,0.6276607754990103,0.22033437730853614,0.11659253978562369,0.17651375163369576,0.4897748197527478,0.29325174859619874,0.4461784208338833,0.26966466920018733
qwen35_9b,explanation_based,zero_shot,capped,challenge,100,0.40058148676995187,0.5458333333333334,0.5278452380952379,0.501813797313797,0.24110869687803643,0.09275606155706782,0.17739870557620135,0.4220026765441394,0.226199582941474,0.37142590290099414,0.1940271973247928
qwen35_9b,explanation_based,zero_shot,capped,outcome,100,0.40058148676995187,0.7816666666666667,0.6827550505050504,0.701396936396936,0.2930903608310959,0.14581748529591548,0.22927972911413808,0.49672704879223367,0.26550581130613354,0.4284715699350929,0.19919184082095462
qwen35_9b,explanation_based,zero_shot,capped,union,100,0.40058148676995187,0.6953210678210678,0.6228600171832772,0.6474714962860517,0.2844798452862008,0.13032962538562612,0.17873249651303585,0.4572351445534136,0.22956935690972696,0.3556033739881162,0.17687087747508057
qwen35_9b,explanation_based,zero_shot,uncapped,approach,100,0.41860393225215375,0.5297622645607111,0.849227994227994,0.6114748588863046,0.15755994701712456,0.08615589417314984,0.12871670205385385,0.4897748197527478,0.29325174859619874,0.4461784208338833,0.3174617187800295
qwen35_9b,explanation_based,zero_shot,uncapped,challenge,100,0.41860393225215375,0.43781128958760535,0.6178174603174603,0.46982771670879075,0.19024393931397765,0.07435951282203578,0.13996776294828753,0.4220026765441394,0.226199582941474,0.37142590290099414,0.2314581399527066
qwen35_9b,explanation_based,zero_shot,uncapped,outcome,100,0.41860393225215375,0.7151335739423975,0.8195393217893219,0.7285962944801615,0.25948305955711787,0.13385259531775393,0.20533852488166904,0.49672704879223367,0.26550581130613354,0.4284715699350929,0.22313304505342388
qwen35_9b,explanation_based,zero_shot,uncapped,union,100,0.41860393225215375,0.5666502747933828,0.814705565636932,0.6525811596692473,0.20771411120917893,0.09845293367791406,0.13748303977539997,0.4572351445534136,0.22956935690972696,0.3556033739881162,0.21812033421271626
qwen35_9b,least_to_most,one_shot,capped,approach,100,0.7225946689397097,0.6583333333333335,0.6358427128427128,0.6212934679699381,0.22379313780448445,0.11986507568775244,0.17878268938681724,0.4897748197527478,0.29325174859619874,0.4461784208338833,0.267395731447066
qwen35_9b,least_to_most,one_shot,capped,challenge,100,0.7225946689397097,0.5741666666666667,0.5227182539682539,0.5106307581307578,0.24319910829025002,0.09499851603188819,0.17904096584047466,0.4220026765441394,0.226199582941474,0.37142590290099414,0.1923849370605196
qwen35_9b,least_to_most,one_shot,capped,outcome,100,0.7225946689397097,0.7900000000000001,0.6786641414141412,0.7021350316350311,0.2958022680152825,0.14520814671676255,0.22968687483699612,0.49672704879223367,0.26550581130613354,0.4284715699350929,0.19878469509809663
qwen35_9b,least_to_most,one_shot,capped,union,100,0.7225946689397097,0.6978480963480962,0.612476292849476,0.642057848730489,0.288036990968444,0.13165348196794155,0.18049010984091332,0.4572351445534136,0.22956935690972696,0.3556033739881162,0.17511326414720305
qwen35_9b,least_to_most,one_shot,uncapped,approach,100,0.7324591080890969,0.600012861098851,0.8189660894660891,0.6507260107503835,0.17742506747351766,0.09735467287090409,0.14507968407008684,0.4897748197527478,0.29325174859619874,0.4461784208338833,0.3010987367637965
qwen35_9b,least_to_most,one_shot,uncapped,challenge,100,0.7324591080890969,0.48300846375846396,0.5966785714285714,0.48305431819820094,0.20373007719601052,0.0793024691252838,0.1475846994929885,0.4220026765441394,0.226199582941474,0.37142590290099414,0.22384120340800578
qwen35_9b,least_to_most,one_shot,uncapped,outcome,100,0.7324591080890969,0.7320847499593629,0.7996821789321791,0.7326625353204296,0.26769326421181316,0.13709848890136858,0.20957385848020035,0.49672704879223367,0.26550581130613354,0.4284715699350929,0.21889771145489256
qwen35_9b,least_to_most,one_shot,uncapped,union,100,0.7324591080890969,0.6002288833126834,0.7760226234762677,0.6594281546930063,0.222905197500611,0.10439515650176187,0.14627714737432368,0.4572351445534136,0.22956935690972696,0.3556033739881162,0.2093262266137926
qwen35_9b,least_to_most,zero_shot,capped,approach,100,0.39649973560124635,0.6245,0.6343704906204906,0.606162043838514,0.21542132773258552,0.11353039963535337,0.17202650139636305,0.4897748197527478,0.29325174859619874,0.4461784208338833,0.27415191943752026
qwen35_9b,least_to_most,zero_shot,capped,challenge,100,0.39649973560124635,0.5683333333333334,0.5460357142857142,0.523283494283494,0.2479604194383805,0.09888845648317499,0.185623572261927,0.4220026765441394,0.226199582941474,0.37142590290099414,0.18580233063906718
qwen35_9b,least_to_most,zero_shot,capped,outcome,100,0.39649973560124635,0.7691666666666669,0.6757474747474745,0.6929683649683647,0.2920917464361294,0.14402902686921906,0.22697689798535037,0.49672704879223367,0.26550581130613354,0.4284715699350929,0.20149467194974235
qwen35_9b,least_to_most,zero_shot,capped,union,100,0.39649973560124635,0.6871065601065599,0.6266555411038012,0.6455731352136838,0.28038351602888395,0.1289859318244817,0.17779434054426882,0.4572351445534136,0.22956935690972696,0.3556033739881162,0.17780903344384755
qwen35_9b,least_to_most,zero_shot,uncapped,approach,100,0.41231685868930074,0.5259792687389434,0.8696572871572869,0.6145426400018573,0.1528053239010037,0.08330313005420424,0.12454083888009293,0.4897748197527478,0.29325174859619874,0.4461784208338833,0.32163758195379044
qwen35_9b,least_to_most,zero_shot,uncapped,challenge,100,0.41231685868930074,0.43276855128016123,0.6286904761904761,0.4708261365659061,0.18356238787735735,0.07213107640235437,0.13644005767910267,0.4220026765441394,0.226199582941474,0.37142590290099414,0.23498584522189148
qwen35_9b,least_to_most,zero_shot,uncapped,outcome,100,0.41231685868930074,0.6879182059770295,0.8257059884559885,0.7154057299707115,0.2544593849954315,0.13080456178107022,0.20094911228417114,0.49672704879223367,0.26550581130613354,0.4284715699350929,0.22752245765092163
qwen35_9b,least_to_most,zero_shot,uncapped,union,100,0.41231685868930074,0.5560217177216495,0.8284664942769494,0.6501262344306986,0.2016923192935954,0.09597032092825827,0.1342342427622642,0.4572351445534136,0.22956935690972696,0.3556033739881162,0.22136913122585222
qwen35_9b,negative_aware,one_shot,capped,approach,100,0.7449963923124596,0.7050000000000002,0.6504415584415585,0.6539470562117615,0.23424623010087464,0.1267938985064041,0.1879984944225785,0.4897748197527478,0.29325174859619874,0.4461784208338833,0.25817992641130477
qwen35_9b,negative_aware,one_shot,capped,challenge,100,0.7449963923124596,0.5808333333333333,0.5122182539682538,0.5063609168609166,0.24716168173387568,0.09645452982900127,0.18292280264976038,0.4220026765441394,0.226199582941474,0.37142590290099414,0.18850310025123376
qwen35_9b,negative_aware,one_shot,capped,outcome,100,0.7449963923124596,0.7891666666666667,0.6849141414141414,0.7073175713175709,0.29624302217101833,0.14479701043270524,0.22827378942788046,0.49672704879223367,0.26550581130613354,0.4284715699350929,0.2001977805072123
qwen35_9b,negative_aware,one_shot,capped,union,100,0.7449963923124596,0.7203757353757351,0.6166837716451898,0.6550765434783972,0.2931161135510021,0.1339308422959563,0.18442590709198267,0.4572351445534136,0.22956935690972696,0.3556033739881162,0.17117746689613378
qwen35_9b,negative_aware,one_shot,uncapped,approach,100,0.7581063436577097,0.6299371147465778,0.7901544011544007,0.6637466712666938,0.18766048770753682,0.10214901881363211,0.15030318721636451,0.4897748197527478,0.29325174859619874,0.4461784208338833,0.29587523361751883
qwen35_9b,negative_aware,one_shot,uncapped,challenge,100,0.7581063436577097,0.5108943417693418,0.5669285714285714,0.48311386326092204,0.2179881421510104,0.08513682241241391,0.15905420226545142,0.4220026765441394,0.226199582941474,0.37142590290099414,0.2123717006355427
qwen35_9b,negative_aware,one_shot,uncapped,outcome,100,0.7581063436577097,0.7582981038569274,0.7930155122655126,0.7452598889696073,0.2738943203118275,0.14046880092697048,0.21569218241800767,0.49672704879223367,0.26550581130613354,0.4284715699350929,0.2127793875170852
qwen35_9b,negative_aware,one_shot,uncapped,union,100,0.7581063436577097,0.6235246937614142,0.7471333722793707,0.663034618890231,0.2341427460907125,0.10763493750316595,0.15082677355865143,0.4572351445534136,0.22956935690972696,0.3556033739881162,0.20477660042946494
qwen35_9b,salience_inference,one_shot,capped,approach,100,0.7409589495789259,0.7138333333333334,0.6578903318903319,0.6625763240027941,0.23649618055754623,0.1271435728662966,0.18875810053292055,0.4897748197527478,0.29325174859619874,0.4461784208338833,0.2574203203009627
qwen35_9b,salience_inference,one_shot,capped,challenge,100,0.7409589495789259,0.5883333333333334,0.4812222222222222,0.4937419247419244,0.254184464737011,0.09529866019830963,0.1858612104812979,0.4220026765441394,0.226199582941474,0.37142590290099414,0.18556469241969625
qwen35_9b,salience_inference,one_shot,capped,outcome,100,0.7409589495789259,0.8125000000000001,0.6657514430014431,0.7047745032745029,0.299464834869382,0.14433641539755374,0.23128989718668297,0.49672704879223367,0.26550581130613354,0.4284715699350929,0.1971816727484098
qwen35_9b,salience_inference,one_shot,capped,union,100,0.7409589495789259,0.7280930180930177,0.6024894396613844,0.650209131306307,0.29970450094101764,0.1333736604472945,0.18774298778310033,0.4572351445534136,0.22956935690972696,0.3556033739881162,0.16786038620501603
qwen35_9b,salience_inference,one_shot,uncapped,approach,100,0.7460818751202897,0.6454892819169135,0.7422002164502162,0.6604552385289931,0.19900036120552322,0.10636546455909249,0.15870498020163623,0.4897748197527478,0.29325174859619874,0.4461784208338833,0.2874734406322471
qwen35_9b,salience_inference,one_shot,uncapped,challenge,100,0.7460818751202897,0.5364404761904763,0.5272063492063492,0.48666896991896974,0.23060687499468627,0.08637949172983257,0.166221309779483,0.4220026765441394,0.226199582941474,0.37142590290099414,0.20520459312151126
qwen35_9b,salience_inference,one_shot,uncapped,outcome,100,0.7460818751202897,0.7827026992615228,0.7469354256854258,0.7317045547045542,0.28040578441755204,0.13880807173923804,0.21857045200857475,0.49672704879223367,0.26550581130613354,0.4284715699350929,0.2099011179265181
qwen35_9b,salience_inference,one_shot,uncapped,union,100,0.7460818751202897,0.6562623005596824,0.6993625361454476,0.6624537224945432,0.2540312782950692,0.11368058408728673,0.1628021288853226,0.4572351445534136,0.22956935690972696,0.3556033739881162,0.19280124510279367
qwen35_9b,salience_inference,zero_shot,capped,approach,100,0.4229005020996556,0.665666666666667,0.626696248196248,0.6245931486813836,0.22877691465858913,0.12341242818419372,0.18381810315592365,0.4897748197527478,0.29325174859619874,0.4461784208338833,0.26236031767795953
qwen35_9b,salience_inference,zero_shot,capped,challenge,100,0.4229005020996556,0.5583333333333333,0.4736825396825396,0.4782798867798865,0.2517668592815716,0.09611322838617933,0.18514405431044959,0.4220026765441394,0.226199582941474,0.37142590290099414,0.18628184859054453
qwen35_9b,salience_inference,zero_shot,capped,outcome,100,0.4229005020996556,0.7875000000000001,0.6641042568542568,0.6951980241980239,0.29811790185541037,0.14459746079225305,0.23163245933082954,0.49672704879223367,0.26550581130613354,0.4284715699350929,0.19683911060426318
qwen35_9b,salience_inference,zero_shot,capped,union,100,0.4229005020996556,0.7011702464202463,0.5944009448228894,0.634630417572585,0.2949048763605895,0.13332430284409807,0.1863979863588531,0.4572351445534136,0.22956935690972696,0.3556033739881162,0.16920538762926335
qwen35_9b,salience_inference,zero_shot,uncapped,approach,100,0.4249188048020005,0.6087951327138632,0.7859570707070702,0.6505654062070468,0.18580159500783286,0.10165024744396702,0.1503180153819791,0.4897748197527478,0.29325174859619874,0.4461784208338833,0.2958604054519041
qwen35_9b,salience_inference,zero_shot,uncapped,challenge,100,0.4249188048020005,0.4766489621489624,0.5265079365079365,0.4525754572225159,0.21310478062820887,0.08243348108847114,0.15557033394966951,0.4220026765441394,0.226199582941474,0.37142590290099414,0.21585556895132463
qwen35_9b,salience_inference,zero_shot,uncapped,outcome,100,0.4249188048020005,0.7588653976742211,0.7780111832611831,0.7396057887362231,0.2754646846379999,0.1413293281698474,0.2169027834951413,0.49672704879223367,0.26550581130613354,0.4284715699350929,0.2115687864399515
qwen35_9b,salience_inference,zero_shot,uncapped,union,100,0.4249188048020005,0.6174697029350397,0.7362280603850465,0.6562053985586673,0.23704562159421794,0.10959840779019042,0.1540966723508527,0.4572351445534136,0.22956935690972696,0.3556033739881162,0.2015067016372635
qwen35_9b,salience_inference_trace,one_shot,capped,approach,100,0.9258882313827053,0.7070000000000003,0.6432875180375178,0.6515238846121195,0.23777880913273608,0.12859295967296153,0.18975865178273138,0.4897748197527478,0.29325174859619874,0.4461784208338833,0.25641976905115177
qwen35_9b,salience_inference_trace,one_shot,capped,challenge,100,0.9258882313827053,0.5908333333333333,0.49794444444444436,0.5041631701631699,0.2555794680539484,0.09761683069628031,0.18907228062724282,0.4220026765441394,0.226199582941474,0.37142590290099414,0.18235362227375135
qwen35_9b,salience_inference_trace,one_shot,capped,outcome,100,0.9258882313827053,0.7983333333333335,0.6369617604617603,0.6832107892107886,0.3016633684786057,0.14545195009019396,0.23529855902370844,0.49672704879223367,0.26550581130613354,0.4284715699350929,0.19317301091138434
qwen35_9b,salience_inference_trace,one_shot,capped,union,100,0.9258882313827053,0.7259713897213893,0.5975183423032899,0.6466813020962158,0.29823945480059033,0.1327678570673439,0.1875771007903964,0.4572351445534136,0.22956935690972696,0.3556033739881162,0.16802627319772004
qwen35_9b,salience_inference_trace,one_shot,uncapped,approach,100,0.9350356979900971,0.6391829177358589,0.7931684704184699,0.6712259738393257,0.19365030596188376,0.10658389046254413,0.15541577976067902,0.4897748197527478,0.29325174859619874,0.4461784208338833,0.2907626410732042
qwen35_9b,salience_inference_trace,one_shot,uncapped,challenge,100,0.9350356979900971,0.5196172161172162,0.5485476190476191,0.48912734487734455,0.22053114217183173,0.08461357866617357,0.15976583231799135,0.4220026765441394,0.226199582941474,0.37142590290099414,0.21166007058300287
qwen35_9b,salience_inference_trace,one_shot,uncapped,outcome,100,0.9350356979900971,0.7908257151345387,0.7295707070707073,0.7297659618963963,0.2849299461227363,0.13971329559797738,0.22331202176308554,0.49672704879223367,0.26550581130613354,0.4284715699350929,0.2051595481720073
qwen35_9b,salience_inference_trace,one_shot,uncapped,union,100,0.9350356979900971,0.6472627824892165,0.7323861311845897,0.6714413569330487,0.24464455701921534,0.1113073993890299,0.15731577592252713,0.4572351445534136,0.22956935690972696,0.3556033739881162,0.19828759806558927
qwen35_9b,scoring_based,one_shot,capped,approach,100,0.7294795182393864,0.6823333333333335,0.6458069985569986,0.6392889447154149,0.22801184514057762,0.12324842738520367,0.18235827617040332,0.4897748197527478,0.29325174859619874,0.4461784208338833,0.26382014466347997
qwen35_9b,scoring_based,one_shot,capped,challenge,100,0.7294795182393864,0.575,0.5132063492063491,0.504876068376068,0.2455454985972558,0.09519997028240582,0.18189403686630734,0.4220026765441394,0.226199582941474,0.37142590290099414,0.1895318660346868
qwen35_9b,scoring_based,one_shot,capped,outcome,100,0.7294795182393864,0.7966666666666667,0.6741641414141414,0.7018428238428234,0.2956427749448236,0.14479906085307703,0.2298004702697397,0.49672704879223367,0.26550581130613354,0.4284715699350929,0.19867109966535296
qwen35_9b,scoring_based,one_shot,capped,union,100,0.7294795182393864,0.7091486291486288,0.6144161960834967,0.6482330073089829,0.29048204947883266,0.13112996609415536,0.1812963676282289,0.4572351445534136,0.22956935690972696,0.3556033739881162,0.1743070063598874
qwen35_9b,scoring_based,one_shot,uncapped,approach,100,0.7413930144812911,0.5953760924990565,0.8122518037518036,0.6457900667277318,0.17699347908114138,0.09804032235969022,0.14403879481269735,0.4897748197527478,0.29325174859619874,0.4461784208338833,0.30213962602118594
qwen35_9b,scoring_based,one_shot,uncapped,challenge,100,0.7413930144812911,0.48720754245754255,0.5939007936507936,0.4845791627207234,0.2018932793536721,0.0786575965352947,0.14686171875340112,0.4220026765441394,0.226199582941474,0.37142590290099414,0.22456418414759305
qwen35_9b,scoring_based,one_shot,uncapped,outcome,100,0.7413930144812911,0.7497720348966479,0.7974202741702743,0.7417291967291963,0.2683222674437962,0.13652972251281162,0.21068567997206858,0.49672704879223367,0.26550581130613354,0.4284715699350929,0.2177858899630243
qwen35_9b,scoring_based,one_shot,uncapped,union,100,0.7413930144812911,0.5990115671915982,0.7733528174051458,0.6580203098390368,0.22159854683754168,0.1021504657151861,0.1450790719095607,0.4572351445534136,0.22956935690972696,0.3556033739881162,0.21052430207855577
qwen35_9b,scoring_based,zero_shot,capped,approach,100,0.4011824816325679,0.6413333333333333,0.6249379509379508,0.6118237987502689,0.22228335404516245,0.11760292963170164,0.1768338259785031,0.4897748197527478,0.29325174859619874,0.4461784208338833,0.26934459485538015
qwen35_9b,scoring_based,zero_shot,capped,challenge,100,0.4011824816325679,0.5566666666666668,0.5352619047619046,0.5104804639804637,0.24789607676340011,0.09665616593082788,0.18269605137479458,0.4220026765441394,0.226199582941474,0.37142590290099414,0.18872985152619953
qwen35_9b,scoring_based,zero_shot,capped,outcome,100,0.4011824816325679,0.7891666666666669,0.6761641414141413,0.7016588411588408,0.2942001891975621,0.14506511521298895,0.2289092752700108,0.49672704879223367,0.26550581130613354,0.4284715699350929,0.199562294665082
qwen35_9b,scoring_based,zero_shot,capped,union,100,0.4011824816325679,0.6906820956820955,0.6113638795489816,0.6391771533314441,0.28525005046568497,0.12977711729519736,0.1799366959305282,0.4572351445534136,0.22956935690972696,0.3556033739881162,0.17566667805758815
qwen35_9b,scoring_based,zero_shot,uncapped,approach,100,0.4182254017470404,0.5284130442916666,0.8553347763347762,0.6132319936847757,0.15478682234252747,0.08466053001983383,0.12582686401819332,0.4897748197527478,0.29325174859619874,0.4461784208338833,0.32035155681569
qwen35_9b,scoring_based,zero_shot,uncapped,challenge,100,0.4182254017470404,0.44587532277663866,0.6180238095238095,0.470356413699953,0.19260935966092016,0.07494850409023017,0.13993852913779983,0.4220026765441394,0.226199582941474,0.37142590290099414,0.2314873737631943
qwen35_9b,scoring_based,zero_shot,uncapped,outcome,100,0.4182254017470404,0.7286126504214739,0.809527417027417,0.7327434265878199,0.2646562869491327,0.1353099152222317,0.20859925088610648,0.49672704879223367,0.26550581130613354,0.4284715699350929,0.21987231904898635
qwen35_9b,scoring_based,zero_shot,uncapped,union,100,0.4182254017470404,0.568024122532422,0.8114087118759847,0.6513485150921267,0.2081361637544929,0.09839739201059416,0.13687249926234016,0.4572351445534136,0.22956935690972696,0.3556033739881162,0.21873087472577624
qwen35_9b,scoring_based_trace,one_shot,capped,approach,100,0.810705400290899,0.7055000000000001,0.6529895382395381,0.6547982687247388,0.2349699873759539,0.1278972659790319,0.18905044250765715,0.4897748197527478,0.29325174859619874,0.4461784208338833,0.25712797832622614
qwen35_9b,scoring_based_trace,one_shot,capped,challenge,100,0.810705400290899,0.5483333333333333,0.5115515873015872,0.49463075813075785,0.24083877340756354,0.09359356492452348,0.17643959556092936,0.4220026765441394,0.226199582941474,0.37142590290099414,0.19498630734006475
qwen35_9b,scoring_based_trace,one_shot,capped,outcome,100,0.810705400290899,0.8000000000000002,0.6541522366522367,0.6949279609279606,0.30144175405406415,0.14788426986893705,0.2366941753850337,0.49672704879223367,0.26550581130613354,0.4284715699350929,0.19177739455005904
qwen35_9b,scoring_based_trace,one_shot,capped,union,100,0.810705400290899,0.7136358918858917,0.6099511384802812,0.6487528081954939,0.2918396903785029,0.13244006856440904,0.18427303251406157,0.4572351445534136,0.22956935690972696,0.3556033739881162,0.17133034147405474
qwen35_9b,scoring_based_trace,one_shot,uncapped,approach,100,0.8257749990234151,0.6201272179627105,0.8388026695526694,0.6729695559709451,0.18176422036310838,0.09994608594716357,0.14792627231647848,0.4897748197527478,0.29325174859619874,0.4461784208338833,0.29825214851740484
qwen35_9b,scoring_based_trace,one_shot,uncapped,challenge,100,0.8257749990234151,0.41956510156510163,0.5846507936507936,0.451646252552431,0.18888609183577246,0.07370099629582053,0.13667344901848882,0.4220026765441394,0.226199582941474,0.37142590290099414,0.23475245388250543
qwen35_9b,scoring_based_trace,one_shot,uncapped,outcome,100,0.8257749990234151,0.780269077327901,0.7685111832611834,0.7438577954378865,0.27928748825608,0.1414229944415749,0.22073618392446448,0.49672704879223367,0.26550581130613354,0.4284715699350929,0.20773538601062838
qwen35_9b,scoring_based_trace,one_shot,uncapped,union,100,0.8257749990234151,0.5985790773746331,0.769478089793576,0.6587382263168052,0.22387030306157538,0.10445300747995673,0.14624256267963515,0.4572351445534136,0.22956935690972696,0.3556033739881162,0.20936081130848122
qwen35_9b,self_ask,one_shot,capped,approach,100,0.7212048566481098,0.6835000000000001,0.6441883116883116,0.6392013460395808,0.2310368133877779,0.12483153607878668,0.18509382781685596,0.4897748197527478,0.29325174859619874,0.4461784208338833,0.26108459301702724
qwen35_9b,self_ask,one_shot,capped,challenge,100,0.7212048566481098,0.575,0.5155515873015871,0.5065593295593291,0.24287916512521945,0.09442472490603293,0.17818090709554557,0.4220026765441394,0.226199582941474,0.37142590290099414,0.19324499580544865
qwen35_9b,self_ask,one_shot,capped,outcome,100,0.7212048566481098,0.7891666666666667,0.6708308080808081,0.69836519036519,0.29579758043923365,0.14528711817965023,0.229777534983725,0.49672704879223367,0.26550581130613354,0.4284715699350929,0.1986940349513678
qwen35_9b,self_ask,one_shot,capped,union,100,0.7212048566481098,0.708594766344766,0.6146653162443816,0.6480969701043999,0.2908424435112249,0.13267823676700036,0.18236104528391536,0.4572351445534136,0.22956935690972696,0.3556033739881162,0.17324232870420095
qwen35_9b,self_ask,one_shot,uncapped,approach,100,0.739306777487509,0.5932882046125753,0.8280497835497832,0.6488288035898064,0.175470893003051,0.09731786145204317,0.14275957334697928,0.4897748197527478,0.29325174859619874,0.4461784208338833,0.30341884748690406
qwen35_9b,self_ask,one_shot,uncapped,challenge,100,0.739306777487509,0.48985864952041447,0.6075119047619048,0.4897368301307128,0.20458083230404628,0.08208113239427199,0.15005468021839577,0.4220026765441394,0.226199582941474,0.37142590290099414,0.2213712226825985
qwen35_9b,self_ask,one_shot,uncapped,outcome,100,0.739306777487509,0.7332020917678812,0.8003488455988459,0.7324319667746438,0.2669155297983534,0.13607679097399245,0.208671602167796,0.49672704879223367,0.26550581130613354,0.4284715699350929,0.21979996776729685
qwen35_9b,self_ask,one_shot,uncapped,union,100,0.739306777487509,0.5989200385045728,0.7859934310484685,0.6626208000141223,0.2206268725764608,0.10372655001675872,0.1451318648387867,0.4572351445534136,0.22956935690972696,0.3556033739881162,0.21047150914932966
qwen35_9b,self_ask,zero_shot,capped,approach,100,0.40204061513300987,0.6573333333333334,0.6324462481962481,0.6217639778522127,0.22658905122378145,0.12152946514034559,0.18172879662759442,0.4897748197527478,0.29325174859619874,0.4461784208338833,0.2644496242062888
qwen35_9b,self_ask,zero_shot,capped,challenge,100,0.40204061513300987,0.5508333333333333,0.5262619047619046,0.5046233211233208,0.24392527681136822,0.0936231392893466,0.18000141755180882,0.4220026765441394,0.226199582941474,0.37142590290099414,0.19142448534918535
qwen35_9b,self_ask,zero_shot,capped,outcome,100,0.40204061513300987,0.7725,0.6655883838383838,0.6871191586191584,0.29576477121246025,0.14513442183221406,0.2302038195321722,0.49672704879223367,0.26550581130613354,0.4284715699350929,0.1982677504029205
qwen35_9b,self_ask,zero_shot,capped,union,100,0.40204061513300987,0.6960488955488954,0.6164585771200725,0.6445367177120508,0.28751679961776694,0.13161764908120552,0.18154470870985423,0.4572351445534136,0.22956935690972696,0.3556033739881162,0.17405866527826216
qwen35_9b,self_ask,zero_shot,uncapped,approach,100,0.42400065092835576,0.5145339119306559,0.8668362193362191,0.6045433721930746,0.15033760029693863,0.0817896541613634,0.12312054978736629,0.4897748197527478,0.29325174859619874,0.4461784208338833,0.32305787104651706
qwen35_9b,self_ask,zero_shot,uncapped,challenge,100,0.42400065092835576,0.43944904072535657,0.6155793650793651,0.4684371276871274,0.18939440031254456,0.07460421983996579,0.1401432104677813,0.4220026765441394,0.226199582941474,0.37142590290099414,0.23128269243321284
qwen35_9b,self_ask,zero_shot,uncapped,outcome,100,0.42400065092835576,0.68602426658309,0.8225393217893219,0.7111255415488823,0.2533597940863471,0.13017914434615538,0.19896680607302247,0.49672704879223367,0.26550581130613354,0.4284715699350929,0.2295047638620703
qwen35_9b,self_ask,zero_shot,uncapped,union,100,0.42400065092835576,0.5499865557743173,0.8204712783645508,0.6431227449148915,0.20144591225522115,0.09553274283927847,0.13324747354786826,0.4572351445534136,0.22956935690972696,0.3556033739881162,0.222355900440248
qwen35_9b,self_ask_trace,one_shot,capped,approach,100,0.8763916831975803,0.7006666666666668,0.6336720779220779,0.641898918075388,0.23945295064967376,0.1284505535639709,0.19149497990514688,0.4897748197527478,0.29325174859619874,0.4461784208338833,0.2546834409287365
qwen35_9b,self_ask_trace,one_shot,capped,challenge,100,0.8763916831975803,0.5700000000000002,0.49989682539682534,0.498393384393384,0.24839185475372078,0.09520292317508586,0.18218177826874432,0.4220026765441394,0.226199582941474,0.37142590290099414,0.1892441246322499
qwen35_9b,self_ask_trace,one_shot,capped,outcome,100,0.8763916831975803,0.8033333333333335,0.6469141414141413,0.6930477300477298,0.303212836317303,0.1480195930826057,0.23638494858558234,0.49672704879223367,0.26550581130613354,0.4284715699350929,0.1920866213495104
qwen35_9b,self_ask_trace,one_shot,capped,union,100,0.8763916831975803,0.7132928460428463,0.5919759023301223,0.63765432673902,0.2986378831887339,0.13338212499726032,0.1866068282330974,0.4572351445534136,0.22956935690972696,0.3556033739881162,0.16899654575501896
qwen35_9b,self_ask_trace,one_shot,uncapped,approach,100,0.8929531159391627,0.6169771253719372,0.8394779942279941,0.6676489771259084,0.17970849144358858,0.09805094065516037,0.14621951890961365,0.4897748197527478,0.29325174859619874,0.4461784208338833,0.29995890192426966
qwen35_9b,self_ask_trace,one_shot,uncapped,challenge,100,0.8929531159391627,0.4935419107036755,0.5839841269841269,0.4857835938807804,0.20639138116181877,0.08141821516150236,0.1518312999412115,0.4220026765441394,0.226199582941474,0.37142590290099414,0.21959460295978264
qwen35_9b,self_ask_trace,one_shot,uncapped,outcome,100,0.8929531159391627,0.7648812706900944,0.7705036075036076,0.734409958885931,0.27892688393651943,0.14128584185866633,0.22044291333525,0.49672704879223367,0.26550581130613354,0.4284715699350929,0.20802865659984285
qwen35_9b,self_ask_trace,one_shot,uncapped,union,100,0.8929531159391627,0.619585019325092,0.7779393309947552,0.6701873329732705,0.22825450427434787,0.10566858552059041,0.1493257222271131,0.4572351445534136,0.22956935690972696,0.3556033739881162,0.2062776517610033
qwen35_9b,self_critique,one_shot,capped,approach,100,0.738961010617204,0.6866666666666668,0.6523943001443001,0.6429205353470054,0.2285903006080541,0.12252598141594369,0.18285999611664555,0.4897748197527478,0.29325174859619874,0.4461784208338833,0.2633184247172379
qwen35_9b,self_critique,one_shot,capped,challenge,100,0.738961010617204,0.555,0.5054007936507935,0.4933376068376065,0.23921600278497582,0.09240892678563627,0.17562715270752996,0.4220026765441394,0.226199582941474,0.37142590290099414,0.19579875019346418
qwen35_9b,self_critique,one_shot,capped,outcome,100,0.738961010617204,0.8025000000000001,0.6966522366522366,0.7179438339438335,0.2967119270631075,0.14667337364933578,0.2304057388198853,0.49672704879223367,0.26550581130613354,0.4284715699350929,0.19806583111520737
qwen35_9b,self_critique,one_shot,capped,union,100,0.738961010617204,0.7065273615273615,0.615883572704124,0.6477161803410213,0.2891366779839823,0.131101586205041,0.18044701534994861,0.4572351445534136,0.22956935690972696,0.3556033739881162,0.1751563586381677
qwen35_9b,self_critique,one_shot,uncapped,approach,100,0.747347999298945,0.6046452224809223,0.8128935786435784,0.6540893177142872,0.18078834312219144,0.09961398462863146,0.14651667979808874,0.4897748197527478,0.29325174859619874,0.4461784208338833,0.29966174103579446
qwen35_9b,self_critique,one_shot,uncapped,challenge,100,0.747347999298945,0.487786075036075,0.5824166666666666,0.48518354371984124,0.2079918920550162,0.08164504080231313,0.15201719941585845,0.4220026765441394,0.226199582941474,0.37142590290099414,0.21940870348513575
qwen35_9b,self_critique,one_shot,uncapped,outcome,100,0.747347999298945,0.7616034929123164,0.7987536075036077,0.7456270283661582,0.273233476249845,0.1406041371951599,0.21611492726255047,0.49672704879223367,0.26550581130613354,0.4284715699350929,0.21235664267254242
qwen35_9b,self_critique,one_shot,uncapped,union,100,0.747347999298945,0.6133644760916533,0.763479682687752,0.6639501143272111,0.22912692062340806,0.1070785788956314,0.14975200830385915,0.4572351445534136,0.22956935690972696,0.3556033739881162,0.20585136568425727
qwen35_9b,self_critique,zero_shot,capped,approach,100,0.4095122225722298,0.6485,0.6388073593073592,0.6212424715807063,0.21993702471733442,0.11500073593764389,0.17538731769382576,0.4897748197527478,0.29325174859619874,0.4461784208338833,0.27079110314005755
qwen35_9b,self_critique,zero_shot,capped,challenge,100,0.4095122225722298,0.555,0.5317619047619045,0.5109487179487175,0.24345327418766444,0.09404025875483808,0.1808738191786388,0.4220026765441394,0.226199582941474,0.37142590290099414,0.19055208372235538
qwen35_9b,self_critique,zero_shot,capped,outcome,100,0.4095122225722298,0.7733333333333334,0.6786522366522365,0.695681929181929,0.2961428549758254,0.1459110304225587,0.23081449632249967,0.49672704879223367,0.26550581130613354,0.4284715699350929,0.19765707361259302
qwen35_9b,self_critique,zero_shot,capped,union,100,0.4095122225722298,0.696658397158397,0.6241227915606027,0.6489723073220953,0.2842679134299072,0.12988787339363653,0.17941585042210764,0.4572351445534136,0.22956935690972696,0.3556033739881162,0.17618752356600884
qwen35_9b,self_critique,zero_shot,uncapped,approach,100,0.4195663311285898,0.5571507830204995,0.844323232323232,0.6317051938227969,0.16392013216238052,0.09047378150060538,0.1347972807799909,0.4897748197527478,0.29325174859619874,0.4461784208338833,0.31138114005389256
qwen35_9b,self_critique,zero_shot,uncapped,challenge,100,0.4195663311285898,0.4643563643958381,0.6096507936507937,0.4817857344823697,0.19918117333020308,0.08021688969787473,0.14807140910660666,0.4220026765441394,0.226199582941474,0.37142590290099414,0.22335449379438743
qwen35_9b,self_critique,zero_shot,uncapped,outcome,100,0.4195663311285898,0.7230264310852546,0.8172774170274173,0.7293500962339633,0.26258376524069055,0.135822147263414,0.20757279936836842,0.49672704879223367,0.26550581130613354,0.4284715699350929,0.2208987705667244
qwen35_9b,self_critique,zero_shot,uncapped,union,100,0.4195663311285898,0.5817615623766472,0.8023660291115532,0.6568772455520484,0.2141901910418204,0.10094081958712964,0.14085367526484882,0.4572351445534136,0.22956935690972696,0.3556033739881162,0.2147496987232675
qwen35_9b,simulated_tool_augmented,one_shot,capped,approach,100,0.730224451655522,0.6741666666666668,0.6276839826839828,0.6266130372895075,0.2298278322164179,0.12326820315482907,0.18289421144217324,0.4897748197527478,0.29325174859619874,0.4461784208338833,0.26328420939171004
qwen35_9b,simulated_tool_augmented,one_shot,capped,challenge,100,0.730224451655522,0.5766666666666667,0.5157301587301586,0.5065203685203681,0.24493611898695544,0.09401573751874391,0.18039254133183127,0.4220026765441394,0.226199582941474,0.37142590290099414,0.1910333615691629
qwen35_9b,simulated_tool_augmented,one_shot,capped,outcome,100,0.730224451655522,0.7900000000000001,0.6719974747474747,0.6996588411588407,0.2978754892905161,0.14723640103189328,0.23183070788516644,0.49672704879223367,0.26550581130613354,0.4284715699350929,0.19664086204992628
qwen35_9b,simulated_tool_augmented,one_shot,capped,union,100,0.730224451655522,0.7125087412587413,0.6139796973397225,0.6493939645631442,0.2924116170743922,0.13308145211739872,0.18320667100318339,0.4572351445534136,0.22956935690972696,0.3556033739881162,0.17239670298493298
qwen35_9b,simulated_tool_augmented,one_shot,uncapped,approach,100,0.7415948509424924,0.5940957178553901,0.80130303030303,0.6388750566341378,0.17808015739051605,0.09790321519954509,0.14389830224613256,0.4897748197527478,0.29325174859619874,0.4461784208338833,0.3022801185877507
qwen35_9b,simulated_tool_augmented,one_shot,uncapped,challenge,100,0.7415948509424924,0.4947157646275296,0.5909285714285715,0.4865755473130833,0.20774018223643725,0.08161010166700365,0.15169153785594308,0.4220026765441394,0.226199582941474,0.37142590290099414,0.21973436504505112
qwen35_9b,simulated_tool_augmented,one_shot,uncapped,outcome,100,0.7415948509424924,0.7599664793410923,0.7938488455988457,0.7439779479779475,0.27207196950550966,0.13867922850453243,0.21420425724549103,0.49672704879223367,0.26550581130613354,0.4284715699350929,0.2142673126896019
qwen35_9b,simulated_tool_augmented,one_shot,uncapped,union,100,0.7415948509424924,0.6031168665987723,0.7657971406257846,0.6566149155411548,0.22609013799654992,0.10419671199815966,0.1472137199893422,0.4572351445534136,0.22956935690972696,0.3556033739881162,0.2083896539987742
qwen35_9b,simulated_tool_augmented,zero_shot,capped,approach,100,0.4051360661862418,0.6575,0.6386367243867243,0.6235060968443317,0.22522193152161907,0.12012395397228953,0.17966085682072142,0.4897748197527478,0.29325174859619874,0.4461784208338833,0.26651756401316185
qwen35_9b,simulated_tool_augmented,zero_shot,capped,challenge,100,0.4051360661862418,0.55,0.5098571428571428,0.4937589632589629,0.24623087902850968,0.09522959916785631,0.18142455002429927,0.4220026765441394,0.226199582941474,0.37142590290099414,0.1900013528766949
qwen35_9b,simulated_tool_augmented,zero_shot,capped,outcome,100,0.4051360661862418,0.7691666666666667,0.6725883838383838,0.6902064602064599,0.29421610518488117,0.14502859235573148,0.2285935251805169,0.49672704879223367,0.26550581130613354,0.4284715699350929,0.19987804475457588
qwen35_9b,simulated_tool_augmented,zero_shot,capped,union,100,0.4051360661862418,0.6947210012210009,0.6162414747779702,0.6432715629250119,0.28779615195151154,0.13147931969592608,0.18194037910641364,0.4572351445534136,0.22956935690972696,0.3556033739881162,0.17366299488170273
qwen35_9b,simulated_tool_augmented,zero_shot,uncapped,approach,100,0.4170672610821202,0.540551797355048,0.8505927128427124,0.6166745406398347,0.16117497359790417,0.08816075380922016,0.13135705020546146,0.4897748197527478,0.29325174859619874,0.4461784208338833,0.3148213706284218
qwen35_9b,simulated_tool_augmented,zero_shot,uncapped,challenge,100,0.4170672610821202,0.4583835333744642,0.5929285714285715,0.4711261879637838,0.1982862072076117,0.07866930178319312,0.1447579060689065,0.4220026765441394,0.226199582941474,0.37142590290099414,0.22666799683208766
qwen35_9b,simulated_tool_augmented,zero_shot,uncapped,outcome,100,0.4170672610821202,0.7107649148237384,0.8208726551226552,0.7254782356384184,0.259149906972014,0.13401604509583528,0.20502437103387675,0.49672704879223367,0.26550581130613354,0.4284715699350929,0.2234471989012161
qwen35_9b,simulated_tool_augmented,zero_shot,uncapped,union,100,0.4170672610821202,0.5735356598814682,0.8088182822808269,0.6537693951584876,0.21116448749060293,0.09992940423589744,0.13858998087534288,0.4572351445534136,0.22956935690972696,0.3556033739881162,0.2170133931127734
qwen35_9b,tool_augmented,one_shot,capped,approach,100,0.93226778997574,0.6931666666666668,0.6401259018759018,0.6405403926139215,0.22332179972778093,0.11835853389908775,0.178618232298284,0.4897748197527478,0.29325174859619874,0.4461784208338833,0.2675601885355992
qwen35_9b,tool_augmented,one_shot,capped,challenge,100,0.93226778997574,0.5525000000000001,0.5008015873015873,0.4917021867021865,0.2398246976757055,0.09177287727781457,0.17433745674886922,0.4220026765441394,0.226199582941474,0.37142590290099414,0.19708844615212492
qwen35_9b,tool_augmented,one_shot,capped,outcome,100,0.93226778997574,0.7475,0.6633661616161615,0.6739628149628146,0.2810283546220181,0.13917818615652505,0.21924162041267004,0.49672704879223367,0.26550581130613354,0.4284715699350929,0.2092299495224227
qwen35_9b,tool_augmented,one_shot,capped,union,100,0.93226778997574,0.7169122266622269,0.6141014922115171,0.651176346904145,0.2844878941116317,0.12946307274004554,0.1821076511704459,0.4572351445534136,0.22956935690972696,0.3556033739881162,0.17349572281767053
qwen35_9b,tool_augmented,one_shot,uncapped,approach,100,0.9482260494725778,0.6572377832006318,0.7504913419913418,0.6624959495000147,0.19591758541900586,0.10594503581440552,0.15951503894097885,0.4897748197527478,0.29325174859619874,0.4461784208338833,0.28666338189290447
qwen35_9b,tool_augmented,one_shot,uncapped,challenge,100,0.9482260494725778,0.5176905594405596,0.5780277777777778,0.49981240543082633,0.21713660948179425,0.08638395445005063,0.15720509439405667,0.4220026765441394,0.226199582941474,0.37142590290099414,0.21422080850693745
qwen35_9b,tool_augmented,one_shot,uncapped,outcome,100,0.9482260494725778,0.7480952380952384,0.75031240981241,0.7230283631244392,0.2694369068756381,0.13748553414870712,0.21299528841824455,0.49672704879223367,0.26550581130613354,0.4284715699350929,0.2154762815168482
qwen35_9b,tool_augmented,one_shot,uncapped,union,100,0.9482260494725778,0.6487970839348333,0.7234553094431777,0.6678146675543579,0.24131659021192134,0.11117857127995229,0.1567994505773231,0.4572351445534136,0.22956935690972696,0.3556033739881162,0.19880392341079328
qwen35_9b,tool_augmented,zero_shot,capped,approach,100,0.5214536639815196,0.6441666666666667,0.6251760461760462,0.6131835223599925,0.21573151150634287,0.11357884768845886,0.17208067567377885,0.4897748197527478,0.29325174859619874,0.4461784208338833,0.2740977451601043
qwen35_9b,tool_augmented,zero_shot,capped,challenge,100,0.5214536639815196,0.545,0.5059285714285714,0.49246092796092766,0.2401466012014921,0.09186417714807499,0.17403832084600754,0.4220026765441394,0.226199582941474,0.37142590290099414,0.19738758205498663
qwen35_9b,tool_augmented,zero_shot,capped,outcome,100,0.5214536639815196,0.7416666666666667,0.6536161616161613,0.6704397269397263,0.27797049835566257,0.13673677310501842,0.21619571271494298,0.49672704879223367,0.26550581130613354,0.4284715699350929,0.21227585722014986
qwen35_9b,tool_augmented,zero_shot,capped,union,100,0.5214536639815196,0.6993838106338106,0.6159378468183825,0.6451934528948109,0.27835038283276864,0.12771669834466087,0.1776931205811565,0.4572351445534136,0.22956935690972696,0.3556033739881162,0.17791025340695993
qwen35_9b,tool_augmented,zero_shot,uncapped,approach,100,0.5362489094492048,0.5538087413073267,0.8279015151515149,0.6236821351616918,0.16510972476116448,0.08987537311631608,0.13417436077240436,0.4897748197527478,0.29325174859619874,0.4461784208338833,0.3120040600614791
qwen35_9b,tool_augmented,zero_shot,uncapped,challenge,100,0.5362489094492048,0.46801438164518666,0.6070793650793651,0.4804322475769843,0.19387512671994878,0.07748078017643281,0.14366495993824127,0.4220026765441394,0.226199582941474,0.37142590290099414,0.22776094296275282
qwen35_9b,tool_augmented,zero_shot,uncapped,outcome,100,0.5362489094492048,0.6990027056277056,0.7762691197691197,0.7032297782197159,0.24981750277065695,0.12669950751417583,0.19712124368865983,0.49672704879223367,0.26550581130613354,0.4284715699350929,0.23135032624643287
qwen35_9b,tool_augmented,zero_shot,uncapped,union,100,0.5362489094492048,0.5922868330610459,0.7907718049662456,0.6579887943492634,0.21335498230966515,0.10025408601368646,0.14024729848711337,0.4572351445534136,0.22956935690972696,0.3556033739881162,0.21535607550100305
qwen35_9b,vanilla,one_shot,capped,approach,100,0.7104581878567114,0.6596666666666668,0.6352712842712842,0.6218470810235511,0.22400145834493326,0.11989871131480762,0.17917384590956612,0.4897748197527478,0.29325174859619874,0.4461784208338833,0.2670045749243173
qwen35_9b,vanilla,one_shot,capped,challenge,100,0.7104581878567114,0.5775,0.5180119047619046,0.5093296703296699,0.24526286245875195,0.09463336299637894,0.1797583994891666,0.4220026765441394,0.226199582941474,0.37142590290099414,0.1916675034118276
qwen35_9b,vanilla,one_shot,capped,outcome,100,0.7104581878567114,0.7991666666666667,0.6769974747474747,0.7056826506826502,0.29786764317259234,0.14737793450568462,0.23174696100772713,0.49672704879223367,0.26550581130613354,0.4284715699350929,0.1967246089273656
qwen35_9b,vanilla,one_shot,capped,union,100,0.7104581878567114,0.6994920079920078,0.6101390796241049,0.6416607953613158,0.28866663699668976,0.1311899123615924,0.18133742912188755,0.4572351445534136,0.22956935690972696,0.3556033739881162,0.1742659448662288
qwen35_9b,vanilla,one_shot,uncapped,approach,100,0.7278816516883672,0.587804026351223,0.8156562049062045,0.641311534819922,0.1749559494082959,0.09575857421940205,0.1427420321494722,0.4897748197527478,0.29325174859619874,0.4461784208338833,0.30343638868441114
qwen35_9b,vanilla,one_shot,uncapped,challenge,100,0.7278816516883672,0.48383369408369425,0.5962619047619048,0.48608024780694775,0.20518953660990172,0.08116590271159822,0.149775016427638,0.4220026765441394,0.226199582941474,0.37142590290099414,0.22165088647335623
qwen35_9b,vanilla,one_shot,uncapped,outcome,100,0.7278816516883672,0.7279537975784105,0.7991821789321791,0.7306881763460708,0.2659636111464016,0.13574269928770627,0.20835893798018648,0.49672704879223367,0.26550581130613354,0.4284715699350929,0.2201126319549064
qwen35_9b,vanilla,one_shot,uncapped,union,100,0.7278816516883672,0.5961959071983608,0.7771495006840271,0.6580795729144429,0.22176379771695431,0.1041092955217484,0.1457872514187651,0.4572351445534136,0.22956935690972696,0.3556033739881162,0.20981612256935123
qwen35_9b,vanilla,zero_shot,capped,approach,100,0.3917486845608801,0.623,0.6317038239538239,0.6044953771718474,0.2159055405745119,0.11325116926451327,0.17158846137209033,0.4897748197527478,0.29325174859619874,0.4461784208338833,0.274589959461793
qwen35_9b,vanilla,zero_shot,capped,challenge,100,0.3917486845608801,0.5583333333333333,0.523940476190476,0.5051161061161058,0.24538358960672968,0.09585843975999453,0.1811227351528345,0.4220026765441394,0.226199582941474,0.37142590290099414,0.19030316774815964
qwen35_9b,vanilla,zero_shot,capped,outcome,100,0.3917486845608801,0.7825000000000002,0.6868308080808079,0.705849317349317,0.2955404145003757,0.1459495313615085,0.22926401442495503,0.49672704879223367,0.26550581130613354,0.4284715699350929,0.19920755551013763
qwen35_9b,vanilla,zero_shot,capped,union,100,0.3917486845608801,0.6889160839160838,0.6222176878923411,0.6433996218988254,0.2826197696772177,0.12951662757209007,0.1793152671744785,0.4572351445534136,0.22956935690972696,0.3556033739881162,0.17628810681363788
qwen35_9b,vanilla,zero_shot,uncapped,approach,100,0.4082252403581515,0.5183564260191209,0.8679942279942275,0.6050511702164688,0.15020423110896658,0.08203041394871013,0.12273660543351969,0.4897748197527478,0.29325174859619874,0.4461784208338833,0.32344181540036365
qwen35_9b,vanilla,zero_shot,uncapped,challenge,100,0.4082252403581515,0.4399357484620643,0.6177460317460316,0.47052549276526234,0.19004708589165098,0.07514556403406264,0.1401938132705881,0.4220026765441394,0.226199582941474,0.37142590290099414,0.231232089630406
qwen35_9b,vanilla,zero_shot,uncapped,outcome,100,0.4082252403581515,0.6854806500688854,0.8216226551226552,0.7123993058598319,0.252764696365514,0.12964421678329335,0.19959057323851073,0.49672704879223367,0.26550581130613354,0.4284715699350929,0.22888099669658202
qwen35_9b,vanilla,zero_shot,uncapped,union,100,0.4082252403581515,0.5537172563745557,0.8190780050011602,0.6447991083255098,0.2024087468476621,0.09581979051207998,0.1338774717027163,0.4572351445534136,0.22956935690972696,0.3556033739881162,0.22172590228539993
gemma4_31b,contrastive_joint,one_shot,capped,approach,100,9.616470435820041,0.7005000000000001,0.6807922077922075,0.6692825034442678,0.226331835592005,0.12196526392687454,0.18119609570873277,0.4897748197527478,0.29325174859619874,0.4461784208338833,0.2649823251251506
gemma4_31b,contrastive_joint,one_shot,capped,challenge,100,9.616470435820041,0.5858333333333333,0.5379166666666666,0.5265352980352979,0.25317819344157344,0.10120540173620016,0.1878323423729938,0.4220026765441394,0.226199582941474,0.37142590290099414,0.18359356052800038
gemma4_31b,contrastive_joint,one_shot,capped,outcome,100,9.616470435820041,0.78,0.6719974747474745,0.6989467199467195,0.28663706163598485,0.13933003942490305,0.2219226806062136,0.49672704879223367,0.26550581130613354,0.4284715699350929,0.20654888932887913
gemma4_31b,contrastive_joint,one_shot,capped,union,100,9.616470435820041,0.7168109113109112,0.6261907609280236,0.6599487955815824,0.29225585808393323,0.13198690532776922,0.1844057229931147,0.4572351445534136,0.22956935690972696,0.3556033739881162,0.17119765099500178
gemma4_31b,contrastive_joint,one_shot,uncapped,approach,100,12.176438875000004,0.6486458901435682,0.833473665223665,0.7063547957191547,0.1924766933723635,0.10678026604872329,0.15570292788046117,0.4897748197527478,0.29325174859619874,0.4461784208338833,0.29047549295342207
gemma4_31b,contrastive_joint,one_shot,uncapped,challenge,100,12.176438875000004,0.5043201798201797,0.6081388888888889,0.5025750784303413,0.2091232982069177,0.0861508869196525,0.15646778730033042,0.4220026765441394,0.226199582941474,0.37142590290099414,0.21495811560066375
gemma4_31b,contrastive_joint,one_shot,uncapped,outcome,100,12.176438875000004,0.7225604395604396,0.8143845598845598,0.7370537338478509,0.2593988426763175,0.1335196190043985,0.20597144681238158,0.49672704879223367,0.26550581130613354,0.4284715699350929,0.22250012312271117
gemma4_31b,contrastive_joint,one_shot,uncapped,union,100,12.176438875000004,0.6348260065074678,0.7887265797236516,0.6918432759558266,0.23387243193122148,0.1100816999626481,0.15378274587888593,0.4572351445534136,0.22956935690972696,0.3556033739881162,0.20182062810923054
gemma4_31b,contrastive_joint,zero_shot,capped,approach,100,8.290467672100005,0.6808333333333336,0.6572958152958153,0.6501276223776218,0.22820169822199582,0.12196084617388994,0.1824490363589752,0.4897748197527478,0.29325174859619874,0.4461784208338833,0.26372938447490823
gemma4_31b,contrastive_joint,zero_shot,capped,challenge,100,8.290467672100005,0.5666666666666667,0.5203492063492062,0.5097439782439781,0.2524217830945786,0.09865314939470542,0.18712598516718054,0.4220026765441394,0.226199582941474,0.37142590290099414,0.18429991773381368
gemma4_31b,contrastive_joint,zero_shot,capped,outcome,100,8.290467672100005,0.7683333333333334,0.677818903318903,0.6934142524142518,0.28673730582121,0.1422190859982394,0.22274625613766014,0.49672704879223367,0.26550581130613354,0.4284715699350929,0.20572531379743253
gemma4_31b,contrastive_joint,zero_shot,capped,union,100,8.290467672100005,0.6944717782217782,0.6156674446909338,0.6446471125345148,0.28732206500898,0.13071513145094066,0.18078645694029993,0.4572351445534136,0.22956935690972696,0.3556033739881162,0.17481691704781663
gemma4_31b,contrastive_joint,zero_shot,uncapped,approach,100,8.18731638005001,0.6254784521034522,0.8089062049062048,0.6781134033605997,0.19114036706069348,0.10541958079132119,0.1564155765546532,0.4897748197527478,0.29325174859619874,0.4461784208338833,0.2897628442792301
gemma4_31b,contrastive_joint,zero_shot,uncapped,challenge,100,8.18731638005001,0.4830525585525585,0.608281746031746,0.48530460870398956,0.20983023860903277,0.08441712837860055,0.15618108836858707,0.4220026765441394,0.226199582941474,0.37142590290099414,0.21524481453240715
gemma4_31b,contrastive_joint,zero_shot,uncapped,outcome,100,8.18731638005001,0.6890671338465454,0.8163845598845598,0.7164248349689522,0.25221500601230423,0.12883264023575453,0.19922831964758514,0.49672704879223367,0.26550581130613354,0.4284715699350929,0.22924325028750764
gemma4_31b,contrastive_joint,zero_shot,uncapped,union,100,8.18731638005001,0.6010833997596399,0.7852351968524732,0.6686845521872777,0.22555813649603212,0.10523912041870367,0.14706019544635607,0.4572351445534136,0.22956935690972696,0.3556033739881162,0.20854317854176035
gemma4_31b,negative_aware,one_shot,capped,approach,100,11.456970814159977,0.7011666666666669,0.6666093073593072,0.6647803862803857,0.22581991586272993,0.12167157040440811,0.18251986777936974,0.4897748197527478,0.29325174859619874,0.4461784208338833,0.2636585530545135
gemma4_31b,negative_aware,one_shot,capped,challenge,100,11.456970814159977,0.5725,0.5141785714285715,0.5057264957264956,0.2527391652021451,0.09992463321260331,0.18899248304660496,0.4220026765441394,0.226199582941474,0.37142590290099414,0.18243341985438932
gemma4_31b,negative_aware,one_shot,capped,outcome,100,11.456970814159977,0.8033333333333336,0.6894974747474744,0.7198435453435448,0.2916701887474511,0.1441528959305541,0.22690450335742107,0.49672704879223367,0.26550581130613354,0.4284715699350929,0.20156706657767168
gemma4_31b,negative_aware,one_shot,capped,union,100,11.456970814159977,0.7199788267288268,0.6176607693207167,0.6554012414743494,0.29192833979558797,0.13178846348647982,0.18521050429057268,0.4572351445534136,0.22956935690972696,0.3556033739881162,0.17039286969754375
gemma4_31b,negative_aware,one_shot,uncapped,approach,100,10.80751573208001,0.6737107304460246,0.8039491341991338,0.7095386382631463,0.2008572675805479,0.11048583394822037,0.16312243294403828,0.4897748197527478,0.29325174859619874,0.4461784208338833,0.28305598788984493
gemma4_31b,negative_aware,one_shot,uncapped,challenge,100,10.80751573208001,0.5284373404373404,0.5855277777777779,0.5100408806879393,0.2226031066626741,0.08989982081480513,0.1651996242799906,0.4220026765441394,0.226199582941474,0.37142590290099414,0.2062262786210035
gemma4_31b,negative_aware,one_shot,uncapped,outcome,100,10.80751573208001,0.7485705128205126,0.8030588023088022,0.7442032196277715,0.26694909909831244,0.13678916332318894,0.21138551105139744,0.49672704879223367,0.26550581130613354,0.4284715699350929,0.21708605888369534
gemma4_31b,negative_aware,one_shot,uncapped,union,100,10.80751573208001,0.6473306908637526,0.762499575061124,0.6898901327420742,0.2420879020255194,0.11246551351008098,0.1579775838229086,0.4572351445534136,0.22956935690972696,0.3556033739881162,0.19762579016520784
gemma4_31b,salience_inference,one_shot,capped,approach,100,11.520596164570016,0.7303333333333335,0.688399711399711,0.69142534099887,0.2314816169960594,0.12577768024726185,0.18673906933933376,0.4897748197527478,0.29325174859619874,0.4461784208338833,0.2594393514945495
gemma4_31b,salience_inference,one_shot,capped,challenge,100,11.520596164570016,0.5708333333333333,0.5162777777777777,0.5077801087801086,0.2468339647294884,0.09541315132553818,0.18210470889389968,0.4220026765441394,0.226199582941474,0.37142590290099414,0.18932119400709455
gemma4_31b,salience_inference,one_shot,capped,outcome,100,11.520596164570016,0.7483333333333334,0.6517752525252523,0.6735407370407366,0.27586946736808654,0.13292749919567043,0.21284766250497753,0.49672704879223367,0.26550581130613354,0.4284715699350929,0.21562390743011528
gemma4_31b,salience_inference,one_shot,capped,union,100,11.520596164570016,0.7294170829170826,0.6209403311182319,0.6627606357494648,0.2941896510959685,0.1325446979742768,0.18659384046329408,0.4572351445534136,0.22956935690972696,0.3556033739881162,0.16900953352482234
gemma4_31b,salience_inference,one_shot,uncapped,approach,100,11.507539587909932,0.6775351282704222,0.803388528138528,0.7145290746554709,0.1987496059619476,0.1089577446302487,0.1618833573526327,0.4897748197527478,0.29325174859619874,0.4461784208338833,0.2842950634812505
gemma4_31b,salience_inference,one_shot,uncapped,challenge,100,11.507539587909932,0.5244856809856809,0.5945753968253968,0.5082781989252575,0.2222274308018938,0.08985250468088143,0.16503614728300117,0.4220026765441394,0.226199582941474,0.37142590290099414,0.206389755617993
gemma4_31b,salience_inference,one_shot,uncapped,outcome,100,11.507539587909932,0.7457891128479361,0.8062178932178931,0.745825859869977,0.26628815117731913,0.136671045588167,0.2111992421778734,0.49672704879223367,0.26550581130613354,0.4284715699350929,0.21727232775721944
gemma4_31b,salience_inference,one_shot,uncapped,union,100,11.507539587909932,0.6575993622080647,0.7635396748821835,0.6951293968770267,0.24429133617117654,0.11343737535006934,0.15938016057185528,0.4572351445534136,0.22956935690972696,0.3556033739881162,0.19622321341626114
gemma4_31b,salience_inference,zero_shot,capped,approach,100,8.926928941620012,0.7033333333333333,0.6695140692640691,0.6656852591852587,0.23210661734560836,0.12472414511094046,0.18619496263710034,0.4897748197527478,0.29325174859619874,0.4461784208338833,0.259983458196783
gemma4_31b,salience_inference,zero_shot,capped,challenge,100,8.926928941620012,0.5716666666666668,0.5050158730158729,0.5026105561105559,0.24994796278165018,0.09759874981144762,0.1838154238432207,0.4220026765441394,0.226199582941474,0.37142590290099414,0.18761047905777345
gemma4_31b,salience_inference,zero_shot,capped,outcome,100,8.926928941620012,0.7675000000000002,0.6831522366522365,0.6957374847374842,0.28484909269368275,0.14218296818071724,0.22240518126797787,0.49672704879223367,0.26550581130613354,0.4284715699350929,0.2060663886671147
gemma4_31b,salience_inference,zero_shot,capped,union,100,8.926928941620012,0.7095221445221445,0.6177123487462867,0.6517020642465328,0.288734830236033,0.13186746841566432,0.18263218922551727,0.4572351445534136,0.22956935690972696,0.3556033739881162,0.1729711847625992
gemma4_31b,salience_inference,zero_shot,uncapped,approach,100,9.935441755749961,0.6485193781966229,0.7611709956709953,0.6743957067065328,0.19567226249092942,0.10838160827512774,0.1602390545353588,0.4897748197527478,0.29325174859619874,0.4461784208338833,0.28593936629852434
gemma4_31b,salience_inference,zero_shot,uncapped,challenge,100,9.935441755749961,0.5112705627705627,0.5751150793650794,0.4902949150093112,0.218061204570922,0.08860718158678946,0.16207862543766108,0.4220026765441394,0.226199582941474,0.37142590290099414,0.20934727746333312
gemma4_31b,salience_inference,zero_shot,uncapped,outcome,100,9.935441755749961,0.7203785789374024,0.7965512265512266,0.7285364825805997,0.25713623736922875,0.13168597418744565,0.20390990017011082,0.49672704879223367,0.26550581130613354,0.4284715699350929,0.22456166976498196
gemma4_31b,salience_inference,zero_shot,uncapped,union,100,9.935441755749961,0.636431303591066,0.7320281383880619,0.6692991157278868,0.24457020670667995,0.11238369802088079,0.1578230171700757,0.4572351445534136,0.22956935690972696,0.3556033739881162,0.19778035681804076
gemma4_31b,self_ask,one_shot,capped,approach,100,7.947714294989928,0.7176666666666668,0.704244227994228,0.6890700965700961,0.22883431450307745,0.12362083575702183,0.18347903644859895,0.4897748197527478,0.29325174859619874,0.4461784208338833,0.26269938438528434
gemma4_31b,self_ask,one_shot,capped,challenge,100,7.947714294989928,0.58,0.5424166666666665,0.5283967143967141,0.25073360925671606,0.09781565287140558,0.18555325389635569,0.4220026765441394,0.226199582941474,0.37142590290099414,0.1858726490046385
gemma4_31b,self_ask,one_shot,capped,outcome,100,7.947714294989928,0.7775000000000002,0.6904974747474746,0.7083536463536458,0.2883746114029412,0.14308270396963313,0.22479076781393406,0.49672704879223367,0.26550581130613354,0.4284715699350929,0.20368080212115858
gemma4_31b,self_ask,one_shot,capped,union,100,7.947714294989928,0.7153499555999555,0.6410414246131367,0.6675450308810629,0.2879396439945182,0.13234373181585343,0.18279927013142847,0.4572351445534136,0.22956935690972696,0.3556033739881162,0.17280410385668799
gemma4_31b,self_ask,one_shot,uncapped,approach,100,10.743004867509935,0.6467402972844151,0.825176046176046,0.702867342476337,0.19173234893809302,0.10619813530199367,0.15545806189563566,0.4897748197527478,0.29325174859619874,0.4461784208338833,0.2907203589382475
gemma4_31b,self_ask,one_shot,uncapped,challenge,100,10.743004867509935,0.4993818681318681,0.6155436507936508,0.5028177458935972,0.21064819876965857,0.08623071643383919,0.15769237360055743,0.4220026765441394,0.226199582941474,0.37142590290099414,0.21373352930043674
gemma4_31b,self_ask,one_shot,uncapped,outcome,100,10.743004867509935,0.7167758075258075,0.8155512265512265,0.7347061647502819,0.2566947402607234,0.13137344755204106,0.2031116308077474,0.49672704879223367,0.26550581130613354,0.4284715699350929,0.22535993912734548
gemma4_31b,self_ask,one_shot,uncapped,union,100,10.743004867509935,0.6257908672807803,0.7845294671956569,0.685326258839839,0.23130218890285734,0.10833954889635178,0.15166014485908436,0.4572351445534136,0.22956935690972696,0.3556033739881162,0.2039432291290321
gemma4_31b,self_ask,zero_shot,capped,approach,100,8.653514974229983,0.6633333333333336,0.6428953823953825,0.6329332693450336,0.2217364555414704,0.11782811633476203,0.1760139919116851,0.4897748197527478,0.29325174859619874,0.4461784208338833,0.27016442892219816
gemma4_31b,self_ask,zero_shot,capped,challenge,100,8.653514974229983,0.5708333333333333,0.5334444444444444,0.5175780330780327,0.25377811480098716,0.10306689181877074,0.18968090138167126,0.4220026765441394,0.226199582941474,0.37142590290099414,0.18174500151932296
gemma4_31b,self_ask,zero_shot,capped,outcome,100,8.653514974229983,0.7325000000000002,0.6746641414141412,0.678186979686979,0.276913376050889,0.1362380824499635,0.21569566850052907,0.49672704879223367,0.26550581130613354,0.4284715699350929,0.21277590143456365
gemma4_31b,self_ask,zero_shot,capped,union,100,8.653514974229983,0.6987397324897325,0.6146479907186934,0.643867008715806,0.2901318461819732,0.13287498146672644,0.182883907730783,0.4572351445534136,0.22956935690972696,0.3556033739881162,0.17271946625733353
gemma4_31b,self_ask,zero_shot,uncapped,approach,100,8.827415414619937,0.6112151125018772,0.8058903318903318,0.6657403441128972,0.18550642204711434,0.10228710304715133,0.1521777578884355,0.4897748197527478,0.29325174859619874,0.4461784208338833,0.29400066294544774
gemma4_31b,self_ask,zero_shot,uncapped,challenge,100,8.827415414619937,0.4694014874014873,0.6267103174603174,0.4882074240688792,0.19833269709305182,0.08027438827745911,0.14870999308029725,0.4220026765441394,0.226199582941474,0.37142590290099414,0.22271590982069697
gemma4_31b,self_ask,zero_shot,uncapped,outcome,100,8.827415414619937,0.6720214573008689,0.8237178932178932,0.7086380384321557,0.24415267432910392,0.12469894614119717,0.19308650261155108,0.49672704879223367,0.26550581130613354,0.4284715699350929,0.23538506732354178
gemma4_31b,self_ask,zero_shot,uncapped,union,100,8.827415414619937,0.5925393926751965,0.7900511231432447,0.6638552593056523,0.22081192285685916,0.10314110538578697,0.14462525336030643,0.4572351445534136,0.22956935690972696,0.3556033739881162,0.21097812062780996
gemma4_31b,self_critique,one_shot,capped,approach,100,10.628534683300058,0.7243333333333335,0.6872164502164502,0.685058552558552,0.233652803197371,0.12584175589104993,0.1881038524629895,0.4897748197527478,0.29325174859619874,0.4461784208338833,0.2580745683708937
gemma4_31b,self_critique,one_shot,capped,challenge,100,10.628534683300058,0.5483333333333335,0.4957857142857143,0.4902430347430346,0.24256601972986636,0.09646654290620076,0.18050902351010426,0.4220026765441394,0.226199582941474,0.37142590290099414,0.1909168793908899
gemma4_31b,self_critique,one_shot,capped,outcome,100,10.628534683300058,0.7700000000000001,0.6688308080808079,0.693565767565767,0.276858648346452,0.13321212004584815,0.21641588753642235,0.49672704879223367,0.26550581130613354,0.4284715699350929,0.21205568239867034
gemma4_31b,self_critique,one_shot,capped,union,100,10.628534683300058,0.717307054057054,0.6190973458870888,0.6561611706586109,0.2893392657298032,0.13030313175751954,0.18320689632671214,0.4572351445534136,0.22956935690972696,0.3556033739881162,0.17239647766140426
gemma4_31b,self_critique,one_shot,uncapped,approach,100,11.219410506720033,0.6732411624323389,0.8158769841269841,0.7141813932367167,0.20218924361473029,0.11167736446263017,0.16514018629591468,0.4897748197527478,0.29325174859619874,0.4461784208338833,0.2810382345379685
gemma4_31b,self_critique,one_shot,uncapped,challenge,100,11.219410506720033,0.5116812076812076,0.6010436507936509,0.5049754461225048,0.21679079535117846,0.08800356256519598,0.16133688568253407,0.4220026765441394,0.226199582941474,0.37142590290099414,0.21008901721846007
gemma4_31b,self_critique,one_shot,uncapped,outcome,100,11.219410506720033,0.7329424741924742,0.7939678932178932,0.730755559799677,0.2603594767744563,0.13357519517501135,0.20702286901668784,0.49672704879223367,0.26550581130613354,0.4284715699350929,0.22144870091840502
gemma4_31b,self_critique,one_shot,uncapped,union,100,11.219410506720033,0.6388386317787248,0.7665263019891668,0.6855330722758373,0.23889044995013492,0.11100809276396183,0.15582047395229737,0.4572351445534136,0.22956935690972696,0.3556033739881162,0.19978290003581903
gemma4_31b,self_critique,zero_shot,capped,approach,100,8.924719869540022,0.6783333333333337,0.6488347763347762,0.6453638697903398,0.2295285181997069,0.12247217854189095,0.18324415090462118,0.4897748197527478,0.29325174859619874,0.4461784208338833,0.2629342699292622
gemma4_31b,self_critique,zero_shot,capped,challenge,100,8.924719869540022,0.5575,0.5088690476190475,0.49860811410811384,0.24672933846782236,0.09790820689934922,0.1832281999934063,0.4220026765441394,0.226199582941474,0.37142590290099414,0.1881977029075879
gemma4_31b,self_critique,zero_shot,capped,outcome,100,8.924719869540022,0.7641666666666669,0.6717474747474745,0.6887324342324337,0.2808376195374515,0.1389606789947695,0.21852185190524118,0.49672704879223367,0.26550581130613354,0.4284715699350929,0.2099497180298515
gemma4_31b,self_critique,zero_shot,capped,union,100,8.924719869540022,0.6945411255411257,0.6049109479626877,0.637922900375485,0.28814301363654776,0.1306857118621193,0.17980163880836728,0.4572351445534136,0.22956935690972696,0.3556033739881162,0.1758017351797493
gemma4_31b,self_critique,zero_shot,uncapped,approach,100,9.948630186290028,0.6487581726838691,0.7947344877344875,0.6905091488038242,0.19971733526416272,0.11027481321037247,0.16276566788893482,0.4897748197527478,0.29325174859619874,0.4461784208338833,0.2834127529449484
gemma4_31b,self_critique,zero_shot,uncapped,challenge,100,9.948630186290028,0.4767735042735042,0.5834007936507937,0.4778765277550107,0.20874531824571857,0.08444304814730769,0.15609286415924103,0.4220026765441394,0.226199582941474,0.37142590290099414,0.21533303874175316
gemma4_31b,self_critique,zero_shot,uncapped,outcome,100,9.948630186290028,0.6924850427350426,0.8005512265512265,0.7099495879937052,0.2508013559343791,0.1277591125181961,0.19859001340789909,0.49672704879223367,0.26550581130613354,0.4284715699350929,0.22988155652719364
gemma4_31b,self_critique,zero_shot,uncapped,union,100,9.948630186290028,0.6186794506911251,0.7673647639657863,0.6725290563478755,0.2346324854067982,0.10936241584681738,0.1519889281124742,0.4572351445534136,0.22956935690972696,0.3556033739881162,0.20361444587564229
qwen35_27b,contrastive_joint,one_shot,capped,approach,100,9.374915853740006,0.7148333333333337,0.6945858585858585,0.6837260876378519,0.23226862235780632,0.12675197426642268,0.18733113842831067,0.4897748197527478,0.29325174859619874,0.4461784208338833,0.2588472824055725
qwen35_27b,contrastive_joint,one_shot,capped,challenge,100,9.374915853740006,0.5525000000000001,0.5170515873015872,0.5010636030636028,0.2454828874199187,0.09420121476476177,0.1820591364855292,0.4220026765441394,0.226199582941474,0.37142590290099414,0.18936676641546493
qwen35_27b,contrastive_joint,one_shot,capped,outcome,100,9.374915853740006,0.7816666666666668,0.6708903318903318,0.7011097791097787,0.2962419855841479,0.1466469016934749,0.2295720889115108,0.49672704879223367,0.26550581130613354,0.4284715699350929,0.1988994810235819
qwen35_27b,contrastive_joint,one_shot,capped,union,100,9.374915853740006,0.71542846042846,0.6291031976634515,0.6606847639498495,0.29042337183192185,0.132914144394922,0.18431656861138357,0.4572351445534136,0.22956935690972696,0.3556033739881162,0.17128680537673283
qwen35_27b,contrastive_joint,one_shot,uncapped,approach,100,8.861519742950001,0.6054683990463589,0.80607215007215,0.6573783030143885,0.1794766140149359,0.09984471222807059,0.14786331266715474,0.4897748197527478,0.29325174859619874,0.4461784208338833,0.29831510816672846
qwen35_27b,contrastive_joint,one_shot,uncapped,challenge,100,8.861519742950001,0.4872497224997225,0.6045952380952382,0.48418615371556534,0.20469588823281407,0.08267863180823101,0.15035799257018426,0.4220026765441394,0.226199582941474,0.37142590290099414,0.2210679103308099
qwen35_27b,contrastive_joint,one_shot,uncapped,outcome,100,8.861519742950001,0.7544281894576014,0.7740306637806639,0.7369166323872204,0.27195705694081157,0.14095798747883992,0.2156315189242061,0.49672704879223367,0.26550581130613354,0.4284715699350929,0.21284005101088674
qwen35_27b,contrastive_joint,one_shot,uncapped,union,100,8.861519742950001,0.611567691484853,0.7743197253551101,0.6690032167472084,0.22863218933357313,0.10590717957265446,0.14895441286849764,0.4572351445534136,0.22956935690972696,0.3556033739881162,0.20664896111961872
qwen35_27b,contrastive_joint,zero_shot,capped,approach,100,6.724151461999992,0.6655000000000001,0.6436453823953822,0.6349476993594634,0.2199493084195823,0.11829321519137878,0.17650537432234206,0.4897748197527478,0.29325174859619874,0.4461784208338833,0.2696730465115412
qwen35_27b,contrastive_joint,zero_shot,capped,challenge,100,6.724151461999992,0.5358333333333334,0.5255158730158729,0.49968048618048594,0.23918222440191506,0.09462156142270327,0.17780992922077865,0.4220026765441394,0.226199582941474,0.37142590290099414,0.1936159736802156
qwen35_27b,contrastive_joint,zero_shot,capped,outcome,100,6.724151461999992,0.735,0.6691403318903317,0.6753558108558102,0.2891868452969384,0.13979701160490135,0.22163167375991366,0.49672704879223367,0.26550581130613354,0.4284715699350929,0.20683989617517895
qwen35_27b,contrastive_joint,zero_shot,capped,union,100,6.724151461999992,0.695277278277278,0.6238022814743772,0.648843911498713,0.28435311874673,0.13080624090780346,0.1789967353286631,0.4572351445534136,0.22956935690972696,0.3556033739881162,0.17660663865945334
qwen35_27b,contrastive_joint,zero_shot,uncapped,approach,100,8.44998663592,0.5807526332456672,0.8371013708513706,0.6498404952541047,0.17183067923320064,0.09507728674272377,0.14076740360787537,0.4897748197527478,0.29325174859619874,0.4461784208338833,0.30541101722600783
qwen35_27b,contrastive_joint,zero_shot,uncapped,challenge,100,8.44998663592,0.49373839902787275,0.6175119047619048,0.4918453556247673,0.20242191494017883,0.08273828743304175,0.1498958232623572,0.4220026765441394,0.226199582941474,0.37142590290099414,0.221530079638637
qwen35_27b,contrastive_joint,zero_shot,uncapped,outcome,100,8.44998663592,0.7245611120905238,0.7922925685425686,0.724016620118787,0.26434891249676895,0.13703576986165836,0.2086672087920416,0.49672704879223367,0.26550581130613354,0.4284715699350929,0.2198043611430512
qwen35_27b,contrastive_joint,zero_shot,uncapped,union,100,8.44998663592,0.5892063832209612,0.7979842588910764,0.6623336333485642,0.2188000661560219,0.10287773960727241,0.14292681465427878,0.4572351445534136,0.22956935690972696,0.3556033739881162,0.2126765593338375
qwen35_27b,negative_aware,one_shot,capped,approach,100,10.348851281700002,0.6570000000000001,0.6409152236652234,0.6271211370329012,0.21463733255940323,0.11524721913323674,0.17252199550991193,0.4897748197527478,0.29325174859619874,0.4461784208338833,0.27365642532397133
qwen35_27b,negative_aware,one_shot,capped,challenge,100,10.348851281700002,0.5416666666666667,0.49455158730158716,0.483396936396936,0.237547455020653,0.09260971977216481,0.17600019809094963,0.4220026765441394,0.226199582941474,0.37142590290099414,0.19542570481004456
qwen35_27b,negative_aware,one_shot,capped,outcome,100,10.348851281700002,0.7775000000000002,0.6750689033189032,0.6992533577533573,0.2860992746519726,0.14210449053964663,0.22350219259900161,0.49672704879223367,0.26550581130613354,0.4284715699350929,0.20496937733609102
qwen35_27b,negative_aware,one_shot,capped,union,100,10.348851281700002,0.7148251193251189,0.6093449603446912,0.6461127363550107,0.2934020162331856,0.1316110382604024,0.1842904243469499,0.4572351445534136,0.22956935690972696,0.3556033739881162,0.17131294964116667
qwen35_27b,negative_aware,one_shot,uncapped,approach,100,8.695332357900034,0.5814740442019853,0.7808030303030301,0.6373671445249901,0.16901764777015466,0.09362744288983055,0.13719053429692488,0.4897748197527478,0.29325174859619874,0.4461784208338833,0.3089878865369584
qwen35_27b,negative_aware,one_shot,uncapped,challenge,100,8.695332357900034,0.4714427876045524,0.574873015873016,0.467801891606845,0.20108921451964254,0.08049257159010073,0.14676191143449757,0.4220026765441394,0.226199582941474,0.37142590290099414,0.2246639914664966
qwen35_27b,negative_aware,one_shot,uncapped,outcome,100,8.695332357900034,0.7561675824175823,0.7994440836940839,0.7461540126540123,0.27254911432917556,0.14061675805845664,0.21618512405282778,0.49672704879223367,0.26550581130613354,0.4284715699350929,0.212286445882265
qwen35_27b,negative_aware,one_shot,uncapped,union,100,8.695332357900034,0.6255616567408948,0.7558543394039587,0.6625767665716986,0.23405346608190644,0.10652725592489601,0.15189239460591702,0.4572351445534136,0.22956935690972696,0.3556033739881162,0.20371097938219926
qwen35_27b,salience_inference,one_shot,capped,approach,100,8.565765442929996,0.7103333333333335,0.6786056998556996,0.6708608695226339,0.23242718875737034,0.12689192543078703,0.18714795983774404,0.4897748197527478,0.29325174859619874,0.4461784208338833,0.25903046099613924
qwen35_27b,salience_inference,one_shot,capped,challenge,100,8.565765442929996,0.5758333333333334,0.5270515873015872,0.5162699522699519,0.25087484259171894,0.10026569241438617,0.1874364561204112,0.4220026765441394,0.226199582941474,0.37142590290099414,0.183989446780583
qwen35_27b,salience_inference,one_shot,capped,outcome,100,8.565765442929996,0.7825000000000002,0.6837355699855698,0.7048803418803415,0.29143151787873667,0.14424031964292328,0.22844798132376373,0.49672704879223367,0.26550581130613354,0.4284715699350929,0.20002358861132905
qwen35_27b,salience_inference,one_shot,capped,union,100,8.565765442929996,0.7203311688311687,0.6300009700407131,0.6631760309840549,0.28866026248596205,0.13249260557881404,0.1841041628118772,0.4572351445534136,0.22956935690972696,0.3556033739881162,0.17149921117623923
qwen35_27b,salience_inference,one_shot,uncapped,approach,100,8.055252848739991,0.6810636844235914,0.7940681818181815,0.6989076664176268,0.2024313904351247,0.11176313004667687,0.16572003083280964,0.4897748197527478,0.29325174859619874,0.4461784208338833,0.2804583900010735
qwen35_27b,salience_inference,one_shot,uncapped,challenge,100,8.055252848739991,0.5281766289266288,0.5963730158730158,0.5076533988886929,0.22038172945260448,0.0916913014156644,0.16412150372254908,0.4220026765441394,0.226199582941474,0.37142590290099414,0.20730439917844518
qwen35_27b,salience_inference,one_shot,uncapped,outcome,100,8.055252848739991,0.7909559884559886,0.7558401875901878,0.743432097142623,0.27998705733128587,0.14115634092180387,0.2210989226339406,0.49672704879223367,0.26550581130613354,0.4284715699350929,0.2073726473011523
qwen35_27b,salience_inference,one_shot,uncapped,union,100,8.055252848739991,0.6544348502976214,0.7462794598220462,0.6834162089208661,0.2441934861585553,0.11222461171939424,0.1582448231626718,0.4572351445534136,0.22956935690972696,0.3556033739881162,0.19735855082544462
qwen35_27b,salience_inference,zero_shot,capped,approach,100,6.352548996639989,0.7081666666666667,0.6621017316017315,0.6631266592884235,0.23334728503511593,0.12601819345303922,0.18780649107703482,0.4897748197527478,0.29325174859619874,0.4461784208338833,0.25837192975684853
qwen35_27b,salience_inference,zero_shot,capped,challenge,100,6.352548996639989,0.5883333333333333,0.5169444444444445,0.5152288267288264,0.2553661474812802,0.10288067271836317,0.19136828729958888,0.4220026765441394,0.226199582941474,0.37142590290099414,0.18005761560140524
qwen35_27b,salience_inference,zero_shot,capped,outcome,100,6.352548996639989,0.7925000000000001,0.6815133477633475,0.7080378510378504,0.29417140560814004,0.14670957717297212,0.22989844899398088,0.49672704879223367,0.26550581130613354,0.4284715699350929,0.19857312094111193
qwen35_27b,salience_inference,zero_shot,capped,union,100,6.352548996639989,0.7211476023976024,0.6231810246781978,0.659335436170838,0.2901663706155579,0.1324606803641237,0.18396484691838086,0.4572351445534136,0.22956935690972696,0.3556033739881162,0.1716385270697355
qwen35_27b,salience_inference,zero_shot,uncapped,approach,100,5.877032611259956,0.6671959790209789,0.7894163059163057,0.6899888558844642,0.19899738479174825,0.11057301190305743,0.1629013000054254,0.4897748197527478,0.29325174859619874,0.4461784208338833,0.28327712082845796
qwen35_27b,salience_inference,zero_shot,uncapped,challenge,100,5.877032611259956,0.5381951659451659,0.5855158730158732,0.5064949225181422,0.2214111819594049,0.09269755852192237,0.1665238002736995,0.4220026765441394,0.226199582941474,0.37142590290099414,0.20490210262729477
qwen35_27b,salience_inference,zero_shot,uncapped,outcome,100,5.877032611259956,0.7808863913863914,0.7656583694083694,0.7438865578865574,0.2781253119489484,0.14128409467436032,0.22025953508876042,0.49672704879223367,0.26550581130613354,0.4284715699350929,0.2082120348463323
qwen35_27b,salience_inference,zero_shot,uncapped,union,100,5.877032611259956,0.6516860601169019,0.7454908848349417,0.6807145978066143,0.24386832364187241,0.11253453837812116,0.15774910296643402,0.4572351445534136,0.22956935690972696,0.3556033739881162,0.19785427102168243
qwen35_27b,self_ask,one_shot,capped,approach,100,6.8981407966399635,0.6905000000000002,0.7032326839826836,0.67109241575418,0.22160963877702422,0.11992016772489658,0.17942987590758708,0.4897748197527478,0.29325174859619874,0.4461784208338833,0.2667485449262961
qwen35_27b,self_ask,one_shot,capped,challenge,100,6.8981407966399635,0.5508333333333334,0.5189563492063491,0.5042374847374844,0.24576010313026064,0.09837751072758996,0.18341302727596404,0.4220026765441394,0.226199582941474,0.37142590290099414,0.18801287562503022
qwen35_27b,self_ask,one_shot,capped,outcome,100,6.8981407966399635,0.7516666666666667,0.6850569985569984,0.6877548007548003,0.2874524444813171,0.14088013728474866,0.2240574444386859,0.49672704879223367,0.26550581130613354,0.4284715699350929,0.2044141254964069
qwen35_27b,self_ask,one_shot,capped,union,100,6.8981407966399635,0.7034202186702183,0.6368527702013366,0.6587288409002053,0.284825211473343,0.13140580030603544,0.18161893365793794,0.4572351445534136,0.22956935690972696,0.3556033739881162,0.17398444033017846
qwen35_27b,self_ask,one_shot,uncapped,approach,100,8.748888742980062,0.5720680434521632,0.8780101010101009,0.6607178983567914,0.16703197739231154,0.09280812486207062,0.13682167060726896,0.4897748197527478,0.29325174859619874,0.4461784208338833,0.3093567502266142
qwen35_27b,self_ask,one_shot,uncapped,challenge,100,8.748888742980062,0.47149597624597617,0.5942619047619049,0.47138620194734737,0.2020237082442911,0.0805864408002949,0.14835639337185463,0.4220026765441394,0.226199582941474,0.37142590290099414,0.22306950952913954
qwen35_27b,self_ask,one_shot,uncapped,outcome,100,8.748888742980062,0.7301726190476191,0.800125901875902,0.7317672980614153,0.26353310141320835,0.13473197555594177,0.2069023081074668,0.49672704879223367,0.26550581130613354,0.4284715699350929,0.22156926182762604
qwen35_27b,self_ask,one_shot,uncapped,union,100,8.748888742980062,0.591811819269839,0.8078643669151471,0.6692884381562481,0.21677083692844867,0.10220139198420007,0.14304126673935902,0.4572351445534136,0.22956935690972696,0.3556033739881162,0.21256210724875743
qwen35_27b,self_ask,zero_shot,capped,approach,100,6.79869748877003,0.664,0.6748120490620488,0.6454761986379629,0.21720415531957593,0.11593505910365037,0.1734155336009469,0.4897748197527478,0.29325174859619874,0.4461784208338833,0.27276288723293635
qwen35_27b,self_ask,zero_shot,capped,challenge,100,6.79869748877003,0.5475,0.5345992063492062,0.509886835386835,0.2422737874010308,0.09861217757028932,0.18223792653301335,0.4220026765441394,0.226199582941474,0.37142590290099414,0.1891879763679809
qwen35_27b,self_ask,zero_shot,capped,outcome,100,6.79869748877003,0.7366666666666667,0.6909181096681095,0.6847773892773887,0.28699646934856865,0.13864200163162663,0.220059590392808,0.49672704879223367,0.26550581130613354,0.4284715699350929,0.2084119795422847
qwen35_27b,self_ask,zero_shot,capped,union,100,6.79869748877003,0.6879890664890663,0.6379843477740905,0.6534449983457488,0.27865575802072473,0.1283485355600733,0.17657319258180224,0.4572351445534136,0.22956935690972696,0.3556033739881162,0.17903018140631424
qwen35_27b,self_ask,zero_shot,uncapped,approach,100,8.647225998409995,0.545649806437113,0.8728838383838381,0.6349487369048926,0.1620158408541528,0.0894924575754441,0.133163300062737,0.4897748197527478,0.29325174859619874,0.4461784208338833,0.31301512077114624
qwen35_27b,self_ask,zero_shot,uncapped,challenge,100,8.647225998409995,0.4720088587882706,0.6287023809523808,0.4879452186063437,0.1950197488112832,0.08036490508292299,0.14538277488464882,0.4220026765441394,0.226199582941474,0.37142590290099414,0.22604312801634538
qwen35_27b,self_ask,zero_shot,uncapped,outcome,100,8.647225998409995,0.6815651080945198,0.82913455988456,0.7156074425230767,0.2508173679493594,0.12831100519204047,0.19640005188067572,0.49672704879223367,0.26550581130613354,0.4284715699350929,0.23207151805441711
qwen35_27b,self_ask,zero_shot,uncapped,union,100,8.647225998409995,0.5670638204797244,0.8270792080165983,0.6587991155784525,0.20807456169447913,0.09894938692285639,0.13738131688813046,0.4572351445534136,0.22956935690972696,0.3556033739881162,0.21822205709998585
qwen35_27b,self_critique,one_shot,capped,approach,100,8.777049698329975,0.7018333333333336,0.683157287157287,0.6690123014240656,0.23027164855992957,0.12354652287962754,0.18541420115755297,0.4897748197527478,0.29325174859619874,0.4461784208338833,0.2607642196763303
qwen35_27b,self_critique,one_shot,capped,challenge,100,8.777049698329975,0.5516666666666666,0.5258611111111109,0.5084907314907311,0.2472387799387532,0.09816913686217811,0.18465383686718964,0.4220026765441394,0.226199582941474,0.37142590290099414,0.18677206603380456
qwen35_27b,self_critique,one_shot,capped,outcome,100,8.777049698329975,0.7691666666666667,0.6907355699855698,0.7026047286047281,0.29028980758725165,0.14100055626858732,0.22487859845953512,0.49672704879223367,0.26550581130613354,0.4284715699350929,0.20359297147555766
qwen35_27b,self_critique,one_shot,capped,union,100,8.777049698329975,0.7081425796425793,0.6333034183383659,0.6597839850498491,0.28712728563606793,0.13187214155324326,0.18202111829536843,0.4572351445534136,0.22956935690972696,0.3556033739881162,0.17358225569274796
qwen35_27b,self_critique,one_shot,uncapped,approach,100,8.773357544089922,0.6424574657368773,0.833187229437229,0.6938620480191348,0.1880855142265943,0.10401052520082016,0.15414579642428625,0.4897748197527478,0.29325174859619874,0.4461784208338833,0.292032624409597
qwen35_27b,self_critique,one_shot,uncapped,challenge,100,8.773357544089922,0.4807994227994227,0.5944126984126984,0.4821955710529878,0.20689585509941882,0.08288221066630606,0.15174368006585862,0.4220026765441394,0.226199582941474,0.37142590290099414,0.21968222283513558
qwen35_27b,self_critique,one_shot,uncapped,outcome,100,8.773357544089922,0.73178552003552,0.7958639971139972,0.7311775936481816,0.264862890673725,0.13744085363435973,0.20926838893073957,0.49672704879223367,0.26550581130613354,0.4284715699350929,0.21920318100435318
qwen35_27b,self_critique,one_shot,uncapped,union,100,8.773357544089922,0.6245095575370925,0.7854979709571173,0.6821609030988267,0.23007635806259225,0.10775497254346822,0.15034443053964794,0.4572351445534136,0.22956935690972696,0.3556033739881162,0.20525894344846848
qwen35_27b,self_critique,zero_shot,capped,approach,100,5.825448405460011,0.6558333333333334,0.6598993506493507,0.6363365049982692,0.21894378811721438,0.11640017792500525,0.17491566632203479,0.4897748197527478,0.29325174859619874,0.4461784208338833,0.2712627545118486
qwen35_27b,self_critique,zero_shot,capped,challenge,100,5.825448405460011,0.5491666666666667,0.5303492063492061,0.5086963591963589,0.24281181013916747,0.09897975653031882,0.18144897781016867,0.4220026765441394,0.226199582941474,0.37142590290099414,0.18997692509082562
qwen35_27b,self_critique,zero_shot,capped,outcome,100,5.825448405460011,0.7466666666666668,0.6943903318903317,0.6902786102786098,0.28329501445627503,0.1399741468653089,0.21952907262400465,0.49672704879223367,0.26550581130613354,0.4284715699350929,0.20894249731108794
qwen35_27b,self_critique,zero_shot,capped,union,100,5.825448405460011,0.6794023754023751,0.628554120107021,0.64453487424165,0.27796043897545586,0.1286907975244146,0.17572137829462986,0.4572351445534136,0.22956935690972696,0.3556033739881162,0.1798819956934865
qwen35_27b,self_critique,zero_shot,uncapped,approach,100,6.105213310009967,0.5757015615893697,0.8444155844155842,0.6513053177870557,0.1718980796206899,0.09486654968815524,0.13997054699592434,0.4897748197527478,0.29325174859619874,0.4461784208338833,0.30620787383795883
qwen35_27b,self_critique,zero_shot,uncapped,challenge,100,6.105213310009967,0.4877445887445887,0.6033452380952381,0.489971930803974,0.20333786609296528,0.08075429874066717,0.1494058332177847,0.4220026765441394,0.226199582941474,0.37142590290099414,0.22202006968320945
qwen35_27b,self_critique,zero_shot,uncapped,outcome,100,6.105213310009967,0.6944794437588555,0.8179282106782108,0.7169523922070357,0.25633842361883774,0.13187747110632606,0.20235974630201548,0.49672704879223367,0.26550581130613354,0.4284715699350929,0.22611182363307727
qwen35_27b,self_critique,zero_shot,uncapped,union,100,6.105213310009967,0.5906933432532581,0.8070991455953593,0.6686938475341823,0.21728586296824706,0.10219821746219364,0.1421014833066843,0.4572351445534136,0.22956935690972696,0.3556033739881162,0.213501890681432
